title,text,origin,url,label,publisher_name,publisher_site,date,text_igual_title,date_fonte
Jovem Pan: o que é falso e o que é verdadeiro na entrevista de Bolsonaro,"As propostas de manter zerados impostos federais da gasolina, álcool, diesel e gás já estão na peça orçamentária",Jair Bolsonaro,https://lupa.uol.com.br/jornalismo/2022/09/06/jovem-pan-entrevista-bolsonaro,0,Lupa - UOL,lupa.uol.com.br,2022-09-06 00:00:00,False,url
Jovem Pan: o que é falso e o que é verdadeiro na entrevista de Bolsonaro,Estatais dão lucro de mais de R$ 100 bilhões em média nos últimos três anos,Jair Bolsonaro,https://lupa.uol.com.br/jornalismo/2022/09/06/jovem-pan-entrevista-bolsonaro,0,Lupa - UOL,lupa.uol.com.br,2022-09-06 00:00:00,False,url
De cargos secretos a segurança: veja erros e acertos dos candidatos do Rio,A água foi privatizada. A Cedae não acabou. Essas empresas compram a água da Cedae. (...) Metade dos municípios [do estado são cobertos pelos serviços]. A outra metade não.,Marcelo Freixo (PSB),https://lupa.uol.com.br/jornalismo/2022/09/01/de-cargos-secretos-a-seguranca-veja-erros-e-acertos-dos-candidatos-do-rio,0,Lupa - UOL,lupa.uol.com.br,2022-09-01 00:00:00,False,url
De cargos secretos a segurança: veja erros e acertos dos candidatos do Rio,São quase 3 milhões de pessoas passando fome [no Rio de Janeiro],Marcelo Freixo (PSB),https://lupa.uol.com.br/jornalismo/2022/09/01/de-cargos-secretos-a-seguranca-veja-erros-e-acertos-dos-candidatos-do-rio,0,Lupa - UOL,lupa.uol.com.br,2022-09-01 00:00:00,False,url
De cargos secretos a segurança: veja erros e acertos dos candidatos do Rio,[Cláudio Castro] tem pouco mais de 20% de ótimo e bom,Marcelo Freixo (PSB),https://lupa.uol.com.br/jornalismo/2022/09/01/de-cargos-secretos-a-seguranca-veja-erros-e-acertos-dos-candidatos-do-rio,0,Lupa - UOL,lupa.uol.com.br,2022-09-01 00:00:00,False,url
De cargos secretos a segurança: veja erros e acertos dos candidatos do Rio,No Rio foram mais de 258 mil empregos abertos em dois anos,Cláudio Castro (PL),https://lupa.uol.com.br/jornalismo/2022/09/01/de-cargos-secretos-a-seguranca-veja-erros-e-acertos-dos-candidatos-do-rio,0,Lupa - UOL,lupa.uol.com.br,2022-09-01 00:00:00,False,url
De cargos secretos a segurança: veja erros e acertos dos candidatos do Rio,(...) hoje são 42 [bases do Segurança Presente],Cláudio Castro (PL),https://lupa.uol.com.br/jornalismo/2022/09/01/de-cargos-secretos-a-seguranca-veja-erros-e-acertos-dos-candidatos-do-rio,0,Lupa - UOL,lupa.uol.com.br,2022-09-01 00:00:00,False,url
"Na RedeTV!, Bolsonaro usa dados errados em busca do voto das mulheres","Já está na proposta de orçamento que mandamos para o parlamento não ter PIS/Cofins em cima de diesel, gasolina e álcool para o ano que vem",Jair Bolsonaro,https://lupa.uol.com.br/jornalismo/2022/09/01/bolsonaro-rede-tv-eleicoes-2022,0,Lupa - UOL,lupa.uol.com.br,2022-09-01 00:00:00,False,url
De cargos secretos a segurança: veja erros e acertos dos candidatos do Rio,O Rio teve a maior letalidade da pandemia do Brasil e uma das maiores do mundo,Rodrigo Neves (PDT),https://lupa.uol.com.br/jornalismo/2022/09/01/de-cargos-secretos-a-seguranca-veja-erros-e-acertos-dos-candidatos-do-rio,0,Lupa - UOL,lupa.uol.com.br,2022-09-01 00:00:00,False,url
"Na RedeTV!, Bolsonaro usa dados errados em busca do voto das mulheres",O número de mortes violentas no Brasil (...) tem caído,Jair Bolsonaro,https://lupa.uol.com.br/jornalismo/2022/09/01/bolsonaro-rede-tv-eleicoes-2022,0,Lupa - UOL,lupa.uol.com.br,2022-09-01 00:00:00,False,url
"Na RedeTV!, Bolsonaro usa dados errados em busca do voto das mulheres",O etanol está abaixo de R$ 4,Jair Bolsonaro,https://lupa.uol.com.br/jornalismo/2022/09/01/bolsonaro-rede-tv-eleicoes-2022,0,Lupa - UOL,lupa.uol.com.br,2022-09-01 00:00:00,False,url
"Na RedeTV!, Bolsonaro usa dados errados em busca do voto das mulheres","Hoje, você leva em média um dia para abrir uma empresa",Jair Bolsonaro,https://lupa.uol.com.br/jornalismo/2022/09/01/bolsonaro-rede-tv-eleicoes-2022,0,Lupa - UOL,lupa.uol.com.br,2022-09-01 00:00:00,False,url
"De Auxílio Brasil a desmatamento, de Petrobras a impostos: saiba quais dados eram falsos no debate da Band",Delatores devolveram R$ 6 bilhões [da Petrobras],"Jair Bolsonaro (PL), presidente e candidato à reeleição, no debate realizado por Band, Folha de S.Paulo, TV Cultura e UOL no dia 28 de agosto de 2022",https://lupa.uol.com.br/jornalismo/2022/08/28/checagem-debate-band-presidenciaveis-2022,0,Lupa - UOL,lupa.uol.com.br,2022-08-28 00:00:00,False,original
"De Auxílio Brasil a desmatamento, de Petrobras a impostos: saiba quais dados eram falsos no debate da Band",Nos últimos 12 meses o Brasil pagou R$ 500 bilhões de juros,"Ciro Gomes (PDT), candidato à presidência da República, no debate realizado por Band, Folha de S.Paulo, TV Cultura e UOL no dia 28 de agosto de 2022",https://lupa.uol.com.br/jornalismo/2022/08/28/checagem-debate-band-presidenciaveis-2022,0,Lupa - UOL,lupa.uol.com.br,2022-08-29 00:00:00,False,original
"De Auxílio Brasil a desmatamento, de Petrobras a impostos: saiba quais dados eram falsos no debate da Band",É importante deixar claro que nós fizemos o Portal da Transparência (...),"Luiz Inácio Lula da Silva (PT), candidato à presidência da República, no debate realizado por Band, Folha de S.Paulo, TV Cultura e UOL no dia 28 de agosto de 2022",https://lupa.uol.com.br/jornalismo/2022/08/28/checagem-debate-band-presidenciaveis-2022,0,Lupa - UOL,lupa.uol.com.br,2022-08-28 00:00:00,False,original
"De Auxílio Brasil a desmatamento, de Petrobras a impostos: saiba quais dados eram falsos no debate da Band","Quando cheguei na presidência, tinham 3,5 milhões de estudantes nas universidades",Luiz Inácio Lula da Silva (PT),https://lupa.uol.com.br/jornalismo/2022/08/28/checagem-debate-band-presidenciaveis-2022,0,Lupa - UOL,lupa.uol.com.br,2022-08-28 00:00:00,False,original
"De Auxílio Brasil a desmatamento, de Petrobras a impostos: saiba quais dados eram falsos no debate da Band",É importante lembrar que os R$ 600 [do Auxílio Brasil] não está na LDO mandada para o Congresso [para 2023],"Luiz Inácio Lula da Silva (PT), candidato à presidência da República, no debate realizado por Band, Folha de S.Paulo, TV Cultura e UOL no dia 28 de agosto de 2022",https://lupa.uol.com.br/jornalismo/2022/08/28/checagem-debate-band-presidenciaveis-2022,0,Lupa - UOL,lupa.uol.com.br,2022-08-29 00:00:00,False,original
"De Auxílio Brasil a desmatamento, de Petrobras a impostos: saiba quais dados eram falsos no debate da Band","Hoje, o Brasil tem 66,6 milhões (...) pessoas (...) no SPC","Ciro Gomes (PDT), candidato à presidência da República, no debate realizado por Band, Folha de S.Paulo, TV Cultura e UOL no dia 28 de agosto de 2022",https://lupa.uol.com.br/jornalismo/2022/08/28/checagem-debate-band-presidenciaveis-2022,0,Lupa - UOL,lupa.uol.com.br,2022-08-28 00:00:00,False,original
"De Auxílio Brasil a desmatamento, de Petrobras a impostos: saiba quais dados eram falsos no debate da Band",Fui eleita em 2018 sem nenhum centavo de recurso público. Minha campanha para Senado custou R$ 80 mil,"Soraya Thronicke (União Brasil), candidata à presidência da República, no debate realizado por Band, Folha de S.Paulo, TV Cultura e UOL no dia 28 de agosto de 2022",https://lupa.uol.com.br/jornalismo/2022/08/28/checagem-debate-band-presidenciaveis-2022,0,Lupa - UOL,lupa.uol.com.br,2022-08-29 00:00:00,False,original
"De Auxílio Brasil a desmatamento, de Petrobras a impostos: saiba quais dados eram falsos no debate da Band",[Bolsonaro] Votou contra direito de empregadas domésticas,"Simone Tebet (MDB), candidata à presidência da República, no debate realizado por Band, Folha de S.Paulo, TV Cultura e UOL no dia 28 de agosto de 2022",https://lupa.uol.com.br/jornalismo/2022/08/28/checagem-debate-band-presidenciaveis-2022,0,Lupa - UOL,lupa.uol.com.br,2022-08-28 00:00:00,False,original
"De Auxílio Brasil a desmatamento, de Petrobras a impostos: saiba quais dados eram falsos no debate da Band","O presidente [Alberto Fernández, da Argentina] visitou Lula na cadeia em Curitiba","Jair Bolsonaro (PL), presidente e candidato à reeleição, no debate realizado por Band, Folha de S.Paulo, TV Cultura e UOL no dia 28 de agosto de 2022",https://lupa.uol.com.br/jornalismo/2022/08/28/checagem-debate-band-presidenciaveis-2022,0,Lupa - UOL,lupa.uol.com.br,2022-08-29 00:00:00,False,original
"De Auxílio Brasil a desmatamento, de Petrobras a impostos: saiba quais dados eram falsos no debate da Band","33,1 milhões de brasileiros estão passando fome","Ciro Gomes (PDT), candidato à presidência da República, no debate realizado por Band, Folha de S.Paulo, TV Cultura e UOL no dia 28 de agosto de 2022",https://lupa.uol.com.br/jornalismo/2022/08/28/checagem-debate-band-presidenciaveis-2022,0,Lupa - UOL,lupa.uol.com.br,2022-08-28 00:00:00,False,original
"No Pânico, Bolsonaro volta a mentir para atacar urnas","... Mas aí o Fachin sacou a questão do CEP, que deveria ser julgado lá em Brasília e não em Curitiba. E daí foram anuladas essas condenações e voltou para primeira instância, em Brasília","Jair Bolsonaro (PL), presidente e candidato à reeleição, em entrevista ao programa Pânico, da Jovem Pan, em 26 de agosto de 2022",https://lupa.uol.com.br/jornalismo/2022/08/26/jovem-pan-bolsonaro-urnas,0,Lupa - UOL,lupa.uol.com.br,2022-08-26 00:00:00,False,original
JN: Tebet erra ao afirmar que mulher candidata à presidência é ‘inédito na história,Meio milhão de anjos da guarda no Brasil. São os assistentes sociais e agentes comunitários de saúde,Simone Tebet (MDB),https://lupa.uol.com.br/jornalismo/2022/08/26/jn-tebet-educacao-candidaturas-femininas,0,Lupa - UOL,lupa.uol.com.br,2022-08-27 00:00:00,False,original
JN: Tebet erra ao afirmar que mulher candidata à presidência é ‘inédito na história,Mulheres ganham 20% menos que homens,Simone Tebet (MDB),https://lupa.uol.com.br/jornalismo/2022/08/26/jn-tebet-educacao-candidaturas-femininas,0,Lupa - UOL,lupa.uol.com.br,2022-08-27 00:00:00,False,original
JN: Tebet erra ao afirmar que mulher candidata à presidência é ‘inédito na história,"[O MDB] É o partido que tem o maior número de prefeitos, de vice-prefeitos, de vereadores e de vereadoras",Simone Tebet (MDB),https://lupa.uol.com.br/jornalismo/2022/08/26/jn-tebet-educacao-candidaturas-femininas,0,Lupa - UOL,lupa.uol.com.br,2022-08-27 00:00:00,False,original
"Na Jovem Pan, Tebet fala de escândalos de Lula, pandemia e agricultura: veja o que é falso",[Estamos falando] de mais de 680 mil brasileiros que morreram com a Covid-19”.,"Simone Tebet (MDB), candidata à presidência da República, em entrevista no Jornal da Manhã, da Jovem Pan, no dia 26 de agosto de 2022",https://lupa.uol.com.br/jornalismo/2022/08/26/jovem-pan-tebet-pandemia-agricultura,0,Lupa - UOL,lupa.uol.com.br,2022-08-26 00:00:00,False,original
JN: Tebet erra ao afirmar que mulher candidata à presidência é ‘inédito na história,Eu prefeita reeleita com 76% dos votos,Simone Tebet (MDB),https://lupa.uol.com.br/jornalismo/2022/08/26/jn-tebet-educacao-candidaturas-femininas,0,Lupa - UOL,lupa.uol.com.br,2022-08-27 00:00:00,False,original
JN: Tebet erra ao afirmar que mulher candidata à presidência é ‘inédito na história,Só [o estado de] São Paulo é 24% da população brasileira,Simone Tebet (MDB),https://lupa.uol.com.br/jornalismo/2022/08/26/jn-tebet-educacao-candidaturas-femininas,0,Lupa - UOL,lupa.uol.com.br,2022-08-27 00:00:00,False,original
"Na Jovem Pan, Ciro Gomes exagera sobre educação no Ceará e trabalho informal",6 milhões de empresas no Serasa,"Ciro Gomes (PDT), ex-ministro e candidato à presidência da República, em entrevista ao Jornal da Manhã da Jovem Pan no dia 25 de agosto de 2022.",https://lupa.uol.com.br/jornalismo/2022/08/25/jovem-pan-ciro-gomes,0,Lupa - UOL,lupa.uol.com.br,2022-08-25 00:00:00,False,original
"Na Jovem Pan, Ciro Gomes exagera sobre educação no Ceará e trabalho informal",Quatro dos dez bancos mais lucrativos do planeta Terra são brasileiros,"Ciro Gomes (PDT), ex-ministro e candidato à presidência da República, em entrevista ao Jornal da Manhã da Jovem Pan no dia 25 de agosto de 2022.",https://lupa.uol.com.br/jornalismo/2022/08/25/jovem-pan-ciro-gomes,0,Lupa - UOL,lupa.uol.com.br,2022-08-25 00:00:00,False,url
JN: Lula diz ser seu órgão e lei criados por FHC para combater corrupção,Foi no meu governo que a gente criou o Portal da Transparência,Luiz Inácio Lula da Silva,https://lupa.uol.com.br/jornalismo/2022/08/25/jn-lula-orgao,0,Lupa - UOL,lupa.uol.com.br,2022-08-25 00:00:00,False,original
JN: Lula diz ser seu órgão e lei criados por FHC para combater corrupção,"22% [das famílias] endividadas porque não podem pagar a conta da água, a conta de luz, a conta do gás",Luiz Inácio Lula da Silva,https://lupa.uol.com.br/jornalismo/2022/08/25/jn-lula-orgao,0,Lupa - UOL,lupa.uol.com.br,2022-08-25 00:00:00,False,original
"Na CBN, Vera Lúcia erra sobre número de mães solo no Brasil",Nós temos hoje no Brasil 33 milhões de pessoas que passam fome”.,"Vera Lúcia (PSTU), candidata à presidência da República, em sabatina realizada por O Globo, CBN e Valor no dia 24 de agosto de 2022",https://lupa.uol.com.br/jornalismo/2022/08/24/cbn-vera-lucia,0,Lupa - UOL,lupa.uol.com.br,2022-08-24 00:00:00,False,original
"Na CBN, Vera Lúcia erra sobre número de mães solo no Brasil",Nós [Simone Tebet e Vera Lúcia] estamos tecnicamente empatadas,"Vera Lúcia (PSTU), candidata à presidência da República, em sabatina realizada por O Globo, CBN e Valor no dia 24 de agosto de 2022",https://lupa.uol.com.br/jornalismo/2022/08/24/cbn-vera-lucia,0,Lupa - UOL,lupa.uol.com.br,2022-08-24 00:00:00,False,url
"No JN, Ciro cita dados falsos sobre policiais, indecisos e economia",O Brasil tem 3% da população do mundo e no Brasil morreram 11 de cada 100 pessoas que morreram no mundo na pandemia.,Ciro Gomes (PDT),https://lupa.uol.com.br/jornalismo/2022/08/23/ciro-jornal-nacional,0,Lupa - UOL,lupa.uol.com.br,2022-08-24 00:00:00,False,original
"No JN, Ciro cita dados falsos sobre policiais, indecisos e economia",O Brasil tinha 34% da sua riqueza tirada da indústria (...),Ciro Gomes (PDT),https://lupa.uol.com.br/jornalismo/2022/08/23/ciro-jornal-nacional,0,Lupa - UOL,lupa.uol.com.br,2022-08-24 00:00:00,False,original
"No Jornal Nacional, Bolsonaro usa informação falsa para acusar Bonner de 'fake news",Nós pretendemos diminuir impostos de 4 mil produtos em 35% de IPI. (...) É que a proposta parou no Supremo Tribunal Federal,Jair Bolsonaro no Jornal Nacional,https://lupa.uol.com.br/jornalismo/2022/08/22/bolsonaro-jornal-nacional,0,Lupa - UOL,lupa.uol.com.br,2022-08-23 00:00:00,False,original
"Candidatos de SP erram sobre roubos de celular, ataques à democracia e obras paradas","Tem algumas coisas no IPVA de São Paulo que são diferentes em outros estados. Por exemplo, o tempo para isenção de IPVA. São Paulo é um estado que leva 20 anos para isentar os veículos do IPVA, enquanto outros estados estão fazendo isso com 15 [anos]",Tarcísio de Freitas (Republicanos),https://lupa.uol.com.br/jornalismo/2022/08/18/candidatos-de-sp-roubos-celular-democracia-obras-paradas,0,Lupa - UOL,lupa.uol.com.br,2022-08-18 00:00:00,False,url
"Candidatos de SP erram sobre roubos de celular, ataques à democracia e obras paradas",Tivemos aumentos de movimentação portuária em 2021. Movimentamos ano passado 1 bilhão 250 milhões de toneladas,Tarcísio de Freitas (Republicanos),https://lupa.uol.com.br/jornalismo/2022/08/18/candidatos-de-sp-roubos-celular-democracia-obras-paradas,0,Lupa - UOL,lupa.uol.com.br,2022-08-18 00:00:00,False,url
"Candidatos de SP erram sobre roubos de celular, ataques à democracia e obras paradas","Tivemos aumentos de movimentação portuária em 2020, que foi o ano da pandemia",Tarcísio de Freitas (Republicanos),https://lupa.uol.com.br/jornalismo/2022/08/18/candidatos-de-sp-roubos-celular-democracia-obras-paradas,0,Lupa - UOL,lupa.uol.com.br,2022-08-18 00:00:00,False,url
"Candidatos de SP erram sobre roubos de celular, ataques à democracia e obras paradas",A Prefeitura [de São Paulo] tem 30 bilhões [de reais] em caixa,Fernando Haddad (PT),https://lupa.uol.com.br/jornalismo/2022/08/18/candidatos-de-sp-roubos-celular-democracia-obras-paradas,0,Lupa - UOL,lupa.uol.com.br,2022-08-18 00:00:00,False,url
"Candidatos de SP erram sobre roubos de celular, ataques à democracia e obras paradas","Na cidade de São Paulo, nós temos mais alunos do fundamental 1 do que a própria prefeitura",Rodrigo Garcia (PSDB),https://lupa.uol.com.br/jornalismo/2022/08/18/candidatos-de-sp-roubos-celular-democracia-obras-paradas,0,Lupa - UOL,lupa.uol.com.br,2022-08-18 00:00:00,False,url
"No Roda Viva, Ciro erra sobre internet, pesquisa e votação do impeachment",A renda média tá no menor valor da série histórica,Ciro Gomes (PDT),https://lupa.uol.com.br/jornalismo/2022/08/16/roda-viva-ciro-internet-pesquisa-impeachment,0,Lupa - UOL,lupa.uol.com.br,2022-08-16 00:00:00,False,url
"No Roda Viva, Ciro erra sobre internet, pesquisa e votação do impeachment",Sabe qual é meu último mandato? Deputado federal mais votado proporcionalmente do Brasil,Ciro Gomes (PDT),https://lupa.uol.com.br/jornalismo/2022/08/16/roda-viva-ciro-internet-pesquisa-impeachment,0,Lupa - UOL,lupa.uol.com.br,2022-08-16 00:00:00,False,url
"No Roda Viva, Ciro erra sobre internet, pesquisa e votação do impeachment",O Brasil importa 80% do fertilizante,Ciro Gomes (PDT),https://lupa.uol.com.br/jornalismo/2022/08/16/roda-viva-ciro-internet-pesquisa-impeachment,0,Lupa - UOL,lupa.uol.com.br,2022-08-16 00:00:00,False,url
"No Roda Viva, Ciro erra sobre internet, pesquisa e votação do impeachment","A inadimplência atingiu 66,6 milhões de brasileiros",Ciro Gomes (PDT),https://lupa.uol.com.br/jornalismo/2022/08/16/roda-viva-ciro-internet-pesquisa-impeachment,0,Lupa - UOL,lupa.uol.com.br,2022-08-16 00:00:00,False,url
"Na USP, Lula erra sobre direito das mulheres a voto e reajustes salariais",A indústria brasileira já representou 30% do PIB nacional,Luiz Inácio Lula da Silva,https://lupa.uol.com.br/jornalismo/2022/08/15/lula-usp-checagem,0,Lupa - UOL,lupa.uol.com.br,2022-08-15 00:00:00,False,original
"Em podcast, Bolsonaro insiste em informações falsas sobre ditadura e Covid-19",A nossa região amazônica equivale uma Europa Ocidental. É enorme,Jair Bolsonaro no podcast Cara a Tapa,https://lupa.uol.com.br/jornalismo/2022/08/13/bolsonaro-podcast-cara-a-tapa,0,Lupa - UOL,lupa.uol.com.br,2022-08-13 00:00:00,False,url
"Em podcast, Bolsonaro insiste em informações falsas sobre ditadura e Covid-19",Venezuela que é o país mais rico do mundo em reserva de petróleo,Jair Bolsonaro no podcast Cara a Tapa,https://lupa.uol.com.br/jornalismo/2022/08/13/bolsonaro-podcast-cara-a-tapa,0,Lupa - UOL,lupa.uol.com.br,2022-08-13 00:00:00,False,url
"No Roda Viva, Simone Tebet erra sobre pesquisas eleitorais e se contradiz sobre urna eletrônica",Tem pesquisa que coloca que 70% das pessoas do eleitorado não sabe que eu sou candidata,Simone Tebet,https://lupa.uol.com.br/jornalismo/2022/08/10/tebet-roda-viva,0,Lupa - UOL,lupa.uol.com.br,2022-08-08 00:00:00,False,original
"Na Fiesp, Lula erra sobre voto feminino e porcentual de pretos e pardos na USP",A fome voltou a crescer mais do que a gente tinha em 2003,Luiz Inácio Lula da Silva (PT),https://lupa.uol.com.br/jornalismo/2022/08/09/fiesp-lula-voto-feminino-pretos-pardos-usp,0,Lupa - UOL,lupa.uol.com.br,2022-08-09 00:00:00,False,original
"Na Fiesp, Lula erra sobre voto feminino e porcentual de pretos e pardos na USP","Quando nós consolidamos o Mercosul, o nosso fluxo com a Argentina passou para US$ 39 bilhões",Luiz Inácio Lula da Silva,https://lupa.uol.com.br/jornalismo/2022/08/09/fiesp-lula-voto-feminino-pretos-pardos-usp,0,Lupa - UOL,lupa.uol.com.br,2022-08-09 00:00:00,False,original
"Na Fiesp, Lula erra sobre voto feminino e porcentual de pretos e pardos na USP",A gente tinha superado o nosso sonho de exportar mais que 100 bilhões,Luiz Inácio Lula da Silva (PT),https://lupa.uol.com.br/jornalismo/2022/08/09/fiesp-lula-voto-feminino-pretos-pardos-usp,0,Lupa - UOL,lupa.uol.com.br,2022-08-09 00:00:00,False,original
"Na Fiesp, Lula erra sobre voto feminino e porcentual de pretos e pardos na USP","Nós contratamos 4,3 milhões de casas [no Minha Casa Minha Vida]",Luiz Inácio Lula da Silva (PT),https://lupa.uol.com.br/jornalismo/2022/08/09/fiesp-lula-voto-feminino-pretos-pardos-usp,0,Lupa - UOL,lupa.uol.com.br,2022-08-09 00:00:00,False,original
"Na Fiesp, Lula erra sobre voto feminino e porcentual de pretos e pardos na USP",Foram 20 milhões de empregos com carteira assinada criados,Luiz Inácio Lula da Silva (PT),https://lupa.uol.com.br/jornalismo/2022/08/09/fiesp-lula-voto-feminino-pretos-pardos-usp,0,Lupa - UOL,lupa.uol.com.br,2022-08-09 00:00:00,False,original
"No debate da Band, candidatos de SP erram sobre segurança, economia e educação","Foi aqui criada a primeira Delegacia de Defesa da Mulher da história do Brasil, na década de 80",Rodrigo Garcia (PSDB),https://lupa.uol.com.br/jornalismo/2022/08/08/band-debate-sp,0,Lupa - UOL,lupa.uol.com.br,2022-08-08 00:00:00,False,original
"No debate da Band, candidatos de SP erram sobre segurança, economia e educação",Nós demos aumentos [salariais] para a polícia neste nosso mandato de 25%,Rodrigo Garcia,https://lupa.uol.com.br/jornalismo/2022/08/08/band-debate-sp,0,Lupa - UOL,lupa.uol.com.br,2022-08-08 00:00:00,False,original
Os erros e acertos dos candidatos ao governo do Rio no debate da Band,[Salário mínimo regional] congelado pelo Witzel e pelo Cláudio desde 2019,"Marcelo Freixo (PSB), candidato ao governo do Rio de Janeiro, durante debate realizado pela Band no dia 7 de agosto de 2022",https://lupa.uol.com.br/jornalismo/2022/08/08/candidatos-rio-debate-band,0,Lupa - UOL,lupa.uol.com.br,2022-08-08 00:00:00,False,url
Os erros e acertos dos candidatos ao governo do Rio no debate da Band,"O Rio de Janeiro é um estado metropolizado, ou seja, 20% do território concentra 80% da população. 12 [milhões] dos 17 milhões de habitantes do estado do Rio vivem em 8 mil quilômetros quadrados dos 40 mil quilômetros quadrados do estado do Rio","Rodrigo Neves (PDT), candidato ao governo do Rio de Janeiro, durante debate realizado pela Band no dia 7 de agosto de 2022",https://lupa.uol.com.br/jornalismo/2022/08/08/candidatos-rio-debate-band,0,Lupa - UOL,lupa.uol.com.br,2022-08-08 00:00:00,False,url
"No debate da Band, candidatos de SP erram sobre segurança, economia e educação",Eu fiz aqui a polícia penal em São Paulo,Rodrigo Garcia (PSDB),https://lupa.uol.com.br/jornalismo/2022/08/08/band-debate-sp,0,Lupa - UOL,lupa.uol.com.br,2022-08-08 00:00:00,False,original
"No debate da Band, candidatos de SP erram sobre segurança, economia e educação",(...) São Paulo tenha 90% dos seus alunos que terminam o ensino médio (...) sem proficiência em matemática,Tarcísio de Freitas (PL),https://lupa.uol.com.br/jornalismo/2022/08/08/band-debate-sp,0,Lupa - UOL,lupa.uol.com.br,2022-08-08 00:00:00,False,original
"No debate da Band, candidatos de SP erram sobre segurança, economia e educação","Na última Data Favela, (...) 76% da população das favelas no Brasil querem abrir um negócio",Vinícius Point,https://lupa.uol.com.br/jornalismo/2022/08/08/band-debate-sp,0,Lupa - UOL,lupa.uol.com.br,2022-08-08 00:00:00,False,original
"No debate da Band, candidatos de SP erram sobre segurança, economia e educação","Você fez parte da gestão Pitta. O Poupatempo foi criado justamente quando você servia ao Pitta, e não ao Covas",Fernando Haddad,https://lupa.uol.com.br/jornalismo/2022/08/08/band-debate-sp,0,Lupa - UOL,lupa.uol.com.br,2022-08-08 00:00:00,False,original
"No debate da Band, candidatos de SP erram sobre segurança, economia e educação","Doria, [deu reajuste do piso estadual] 10% abaixo da inflação",Fernando Haddad (PT),https://lupa.uol.com.br/jornalismo/2022/08/08/band-debate-sp,0,Lupa - UOL,lupa.uol.com.br,2022-08-08 00:00:00,False,original
Os erros e acertos dos candidatos ao governo do Rio no debate da Band,O Rio teve a maior letalidade da pandemia no Brasil. (...) quase 80 mil pessoas morreram,"Rodrigo Neves (PDT), candidato ao governo do Rio de Janeiro, durante debate realizado pela Band no dia 7 de agosto de 2022",https://lupa.uol.com.br/jornalismo/2022/08/08/candidatos-rio-debate-band,0,Lupa - UOL,lupa.uol.com.br,2022-08-08 00:00:00,False,url
"No debate da Band, candidatos de SP erram sobre segurança, economia e educação",Existem aqui em São Paulo 134 delegacias da mulher no Estado. (...) menos de 10% dessas delegacias funcionam 24 horas,Tarcísio de Freitas (PL),https://lupa.uol.com.br/jornalismo/2022/08/08/band-debate-sp,0,Lupa - UOL,lupa.uol.com.br,2022-08-08 00:00:00,False,original
"No debate da Band, candidatos de SP erram sobre segurança, economia e educação","O investimento caiu 50% em relação há oito anos atrás, em valores corrigidos",Fernando Haddad (PT),https://lupa.uol.com.br/jornalismo/2022/08/08/band-debate-sp,0,Lupa - UOL,lupa.uol.com.br,2022-08-08 00:00:00,False,original
"Erros e acertos de Castro, Freixo e Neves sobre empregos, economia e educação","Trabalhei [na CPI das Mílícias] junto com diversos parlamentares de diversos pensamentos diferentes, inclusive de direita e de esquerda",Marcelo Freixo,https://lupa.uol.com.br/jornalismo/2022/08/01/castro-freixo-neves-governo-rio,0,Lupa - UOL,lupa.uol.com.br,2022-08-01 00:00:00,False,url
"Erros e acertos de Castro, Freixo e Neves sobre empregos, economia e educação",Nós levamos água e esgoto tratado para 100% do território [de Niterói],Rodrigo Neves,https://lupa.uol.com.br/jornalismo/2022/08/01/castro-freixo-neves-governo-rio,0,Lupa - UOL,lupa.uol.com.br,2022-08-01 00:00:00,False,url
"Erros e acertos de Castro, Freixo e Neves sobre empregos, economia e educação",O Rio é o lugar onde mais morreu gente por Covid,Marcelo Freixo,https://lupa.uol.com.br/jornalismo/2022/08/01/castro-freixo-neves-governo-rio,0,Lupa - UOL,lupa.uol.com.br,2022-08-01 00:00:00,False,url
"Em entrevista ao UOL, Lula faz afirmação falsa sobre ex-presidente do TRF-4",[Quando eu assumi] O desemprego estava 12%,Luiz Inácio Lula da Silva,https://lupa.uol.com.br/jornalismo/2022/07/27/entrevista-uol-lula-ex-presidente-trf-4,0,Lupa - UOL,lupa.uol.com.br,2022-07-27 00:00:00,False,original
"Em entrevista ao UOL, Lula faz afirmação falsa sobre ex-presidente do TRF-4","Eu garanti [para o Exército] um curso para fazer o Soldado-Cidadão, para ele [o soldado] fazer um curso no Senai (...)",Luiz Inácio Lula da Silva,https://lupa.uol.com.br/jornalismo/2022/07/27/entrevista-uol-lula-ex-presidente-trf-4,0,Lupa - UOL,lupa.uol.com.br,2022-07-27 00:00:00,False,original
"Em entrevista ao UOL, Lula faz afirmação falsa sobre ex-presidente do TRF-4",Ele [o Bolsa Família] tinha condicionantes,Luiz Inácio Lula da Silva,https://lupa.uol.com.br/jornalismo/2022/07/27/entrevista-uol-lula-ex-presidente-trf-4,0,Lupa - UOL,lupa.uol.com.br,2022-07-27 00:00:00,False,original
"Em entrevista ao UOL, Lula faz afirmação falsa sobre ex-presidente do TRF-4","O que aconteceu com o Brasil? A dívida [pública], que era 60, caiu para 39",Luiz Inácio Lula da Silva,https://lupa.uol.com.br/jornalismo/2022/07/27/entrevista-uol-lula-ex-presidente-trf-4,0,Lupa - UOL,lupa.uol.com.br,2022-07-27 00:00:00,False,original
"Em entrevista ao UOL, Lula faz afirmação falsa sobre ex-presidente do TRF-4",Foram contratadas mais de 4 milhões de casas (Minha Casa Minha Vida),Luiz Inácio Lula da Silva,https://lupa.uol.com.br/jornalismo/2022/07/27/entrevista-uol-lula-ex-presidente-trf-4,0,Lupa - UOL,lupa.uol.com.br,2022-07-27 00:00:00,False,original
"Em entrevista ao UOL, Lula faz afirmação falsa sobre ex-presidente do TRF-4","O juro estava 24,9% quando eu peguei o Brasil",Luiz Inácio Lula da Silva,https://lupa.uol.com.br/jornalismo/2022/07/27/entrevista-uol-lula-ex-presidente-trf-4,0,Lupa - UOL,lupa.uol.com.br,2022-07-27 00:00:00,False,original
"Em entrevista a podcast, André Janones erra sobre abstenções e imposto",Você está tendo um empobrecimento da classe média,André Janones,https://lupa.uol.com.br/jornalismo/2022/07/13/andre-janones-abstencoes-imposto,0,Lupa - UOL,lupa.uol.com.br,2022-07-11 00:00:00,False,original
"Em entrevista a podcast, André Janones erra sobre abstenções e imposto",A gente tem um dos piores investimentos em saúde mental do mundo.,André Janones,https://lupa.uol.com.br/jornalismo/2022/07/13/andre-janones-abstencoes-imposto,0,Lupa - UOL,lupa.uol.com.br,2022-07-11 00:00:00,False,original
"No Roda Viva, Tarcísio Freitas erra sobre câmeras corporais na polícia e reincidência criminal","[São Paulo] É um estado onde o ICMS per capita subiu 26% de 2019 até aqui"".",Tarcísio Gomes de Freitas,https://lupa.uol.com.br/jornalismo/2022/07/06/roda-viva-tarcisio-freitas,0,Lupa - UOL,lupa.uol.com.br,2022-06-27 00:00:00,False,original
"No SBT, Bolsonaro insiste em informações falsas sobre urnas e Amazônia","Hoje em dia o ICMS [Imposto sobre Circulação de Mercadorias e Serviços] da gasolina chega até 32%, como no estado do Rio de Janeiro",Jair Bolsonaro,https://lupa.uol.com.br/jornalismo/2022/06/09/sbt-bolsonaro-urnas-amazonia,0,Lupa - UOL,lupa.uol.com.br,2022-06-10 00:00:00,False,original
Haddad erra dado de analfabetismo em crianças e exagera sobre CEUs,Mais de 50% dos alunos das federais são afrodescendentes,Fernando Haddad,https://lupa.uol.com.br/jornalismo/2022/06/08/haddad-erra-analfabetismo-ceus,0,Lupa - UOL,lupa.uol.com.br,2022-06-06 00:00:00,False,original
Haddad erra dado de analfabetismo em crianças e exagera sobre CEUs,"Quando ministro [da Educação], eu criei o piso nacional do magistério. É um piso nacional que vale da cidade mais pobre à cidade mais rica, é um padrão de referência que hoje tá na casa aí de três e meio salários mínimos com o piso inicial",Fernando Haddad,https://lupa.uol.com.br/jornalismo/2022/06/08/haddad-erra-analfabetismo-ceus,0,Lupa - UOL,lupa.uol.com.br,2022-06-06 00:00:00,False,original
Haddad erra dado de analfabetismo em crianças e exagera sobre CEUs,(...) Ele [João Doria] não fez o trem que ele prometeu até Guarulhos,Fernando Haddad,https://lupa.uol.com.br/jornalismo/2022/06/08/haddad-erra-analfabetismo-ceus,0,Lupa - UOL,lupa.uol.com.br,2022-06-06 00:00:00,False,original
Simone Tebet erra dado sobre dividendos da Petrobras em sabatina do Correio Braziliense,São seus mais de 2 milhões de afiliados [do MDB],Simone Tebet,https://lupa.uol.com.br/jornalismo/2022/06/02/simone-tebet-correio,0,Lupa - UOL,lupa.uol.com.br,2022-05-31 00:00:00,False,original
"Em sabatina, Ciro erra sobre votação como deputado federal e subnutrição no Brasil","A economia brasileira era 30% industrial [de transformação], hoje é 9%",Ciro Gomes,https://lupa.uol.com.br/jornalismo/2022/06/01/sabatina-ciro-correio,0,Lupa - UOL,lupa.uol.com.br,2022-05-31 00:00:00,False,original
"No Senado, Kassio Marques cita dados falsos sobre pós-graduações e decisões no TRF1",Temos 550 mil processos [no TRF 1],Kassio Nunes Marques,https://lupa.uol.com.br/jornalismo/2020/10/23/kassio-marques-sabatina,0,Lupa - UOL,lupa.uol.com.br,2020-10-23 00:00:00,False,original
"Mitos e verdades sobre novo surto de sarampo, doença ‘altamente contagiosa",A vacina é o único meio eficaz de evitar o sarampo,,https://lupa.uol.com.br/jornalismo/2018/07/04/mitos-e-verdades-sarampo,0,Lupa - UOL,lupa.uol.com.br,2018-07-04 00:00:00,False,original
"Ciro Gomes erra dados sobre PIB, déficit da Previdência e educação pública","De 1980 pra cá nós estamos crescendo 2,2% ao ano",Ciro Gomes (PDT),https://lupa.uol.com.br/jornalismo/2019/11/27/ciro-gomes-canal-livre,0,Lupa - UOL,lupa.uol.com.br,2019-11-27 00:00:00,False,original
Campo Grande: Marquinhos Trad cita dados falsos sobre educação,"Hoje tem em torno de 109 mil alunos, é o número de crianças na rede municipal de educação",Marquinhos Trad (PSD),https://lupa.uol.com.br/jornalismo/2020/11/05/campo-grande-marquinhos-trad-educacao,0,Lupa - UOL,lupa.uol.com.br,2020-11-05 00:00:00,False,original
Estudo de Oxford’ não prova que ivermectina poderia ter salvado 250 mil brasileiros com Covid-19,"Através da ivermectina, mais de 250 mil vidas teriam sido salvas no Brasil. É o que conclui um estudo liderado pela Universidade de Oxford. Segundo esse estudo, publicado no Fórum Aberto de Doenças Infecciosas da própria instituição e assinado por cientistas de seis das principais universidades do Reino Unido, entre elas a Universidade de Liverpool e a Imperial College, a ivermectina reduz em 56% a mortalidade de pacientes em estado moderado e grave de Covid-19. Ou seja, se parte da imprensa e políticos esquerdistas não tivessem militado tanto contra a ivermectina, mais de 250 mil brasileiros teriam sido salvos.",Luciana Monteiro,https://lupa.uol.com.br/jornalismo/2021/07/28/verificamos-oxford-ivermectina-250-mil,0,Lupa - UOL,lupa.uol.com.br,2021-07-28 00:00:00,False,original
"Em sabatina, Arthur do Val erra sobre custo do gabinete e Fundo Eleitoral","Me candidatei pelo DEM em 2018, também não usei nenhum tipo de fundo eleitoral para me eleger",Arthur do Val (Patriota),https://lupa.uol.com.br/jornalismo/2020/11/02/sabatina-arthur-do-val,0,Lupa - UOL,lupa.uol.com.br,2020-11-02 00:00:00,False,original
"Na ONU, Bolsonaro cita dados falsos sobre pandemia e meio ambiente",Nunca exportamos tanto [alimento],Jair Bolsonaro,https://lupa.uol.com.br/jornalismo/2020/09/22/bolsonaro-onu-2020,0,Lupa - UOL,lupa.uol.com.br,2020-09-22 00:00:00,False,original
"Bolsonaro e educação: erros do presidente eleito sobre analfabetos, Pisa e investimentos","Hoje, as provas do Pisa comprovam o que estou falando. A molecada de 15 anos, na 9ª série do Ensino Fundamental, 70% não sabe [nem] sequer uma Regra de 3",Jair Bolsonaro,https://lupa.uol.com.br/jornalismo/2018/12/27/bolsonaro-educacao-analfabetos,0,Lupa - UOL,lupa.uol.com.br,2018-12-27 00:00:00,False,original
Erros e acertos de Marina Silva no Jornal Nacional e no Jornal das 10,"De cada 10 alunos, sete não têm proficiência em língua portuguesa e não sabem resolver operações simples de matemática",Marina Silva,https://lupa.uol.com.br/jornalismo/2018/08/30/marina-silva-tv-globo,0,Lupa - UOL,lupa.uol.com.br,2018-08-31 00:00:00,False,original
Bolsonaro e Haddad iniciam 2º turno com entrevistas ao Jornal Nacional,"[Nosso plano de governo] Prevê isenção de imposto de renda para quem ganha até cinco salários mínimos, proposta defendida por nós desde janeiro de 2018",Fernando Haddad,https://lupa.uol.com.br/jornalismo/2018/10/08/bolsonaro-haddad-jornal-nacional,0,Lupa - UOL,lupa.uol.com.br,2018-10-09 00:00:00,False,original
Contas de prefeitura do PSOL e crise do Museu Nacional: erros de Tarcísio Motta no RJTV,O dinheiro que é disponível para investimentos [na UFRJ] caiu,Tarcísio Motta,https://lupa.uol.com.br/jornalismo/2018/09/11/tarcisiomotta-rjtv,0,Lupa - UOL,lupa.uol.com.br,2018-09-11 00:00:00,False,original
"Podemos, PSDB, PT e Rede: imprecisões nos discursos nas convenções",Mas conseguimos com ele [Plano de Ação para Prevenção e Controle do Desmatamento da Amazônia Legal] reduzir o desmatamento em mais de 80% por 10 anos,Marina Silva,https://lupa.uol.com.br/jornalismo/2018/08/08/convencoes-partidarias,0,Lupa - UOL,lupa.uol.com.br,2018-08-08 00:00:00,False,original
"No Roda Viva, Moro erra ao dizer que Bolsonaro não tentou ‘cercear o trabalho da imprensa","Foram [apreendidas] 98 toneladas [de cocaína] (...) em 2019, 23 [toneladas] a mais do que no ano passado [2018]",Sérgio Moro,https://lupa.uol.com.br/jornalismo/2020/01/21/sergio-moro-roda-viva,0,Lupa - UOL,lupa.uol.com.br,2020-01-21 00:00:00,False,original
Debate entre presidenciáveis na TV Aparecida: checamos em tempo real | Agência Lupa,Fui a primeira [entre os candidatos] a dialogar com eles [Transparência Internacional],Marina Silva,https://piaui.folha.uol.com.br/lupa/2018/09/20/debate-tv-aparecida/,0,Revista Piauí,piaui.folha.uol.com.br,2018-09-20 19:30:43,False,original
Outubro Rosa: usuários do Twitter publicam mitos e verdades sobre câncer de mama,Doença que atinge 60 mil mulheres por ano e ocorre cerca de 1% em homens [no Brasil],,https://lupa.uol.com.br/jornalismo/2019/10/18/outubro-rosa-twitter-mitos,0,Lupa - UOL,lupa.uol.com.br,2019-10-18 00:00:00,False,original
"Na Câmara, ministro da Educação erra sobre pesquisa científica e vagas em creches | Agência Lupa","A gente vê que a pré-escola, os aninhos antes da 1ª série, a gente ainda não universalizou",Abraham Weintraub,https://piaui.folha.uol.com.br/lupa/2019/05/17/camara-weintraub-educacao/,0,Revista Piauí,piaui.folha.uol.com.br,2019-05-17 15:39:28,False,original
Salvador: candidatos citam dados falsos sobre saúde e gestão em sabatinas Folha/UOL,"(...) BRT, uma tecnologia brasileira, desenvolvida em Curitiba",Bruno Reis (DEM),https://lupa.uol.com.br/jornalismo/2020/10/19/salvador-sabatina-eleicoes,0,Lupa - UOL,lupa.uol.com.br,2020-10-19 00:00:00,False,original
Aracaju: Márcio Macedo erra dados sobre desemprego durante a pandemia,"O prefeito recebeu nesta pandemia, dados do último dia 16, R$ 153 milhões e ele só conseguiu gastar 29,5% desses recursos efetivamente pagos",Márcio Macedo (PT),https://lupa.uol.com.br/jornalismo/2020/10/27/aracaju-marcio-macedo-desemprego,0,Lupa - UOL,lupa.uol.com.br,2020-10-27 00:00:00,False,original
Teresina: Dr. Pessoa erra dados de atendimentos no Hospital de Urgência,Aqui é a 24ª capital do Brasil pior em saneamento básico,Dr. Pessoa (MDB),https://lupa.uol.com.br/jornalismo/2020/11/14/teresina-dr-pessoa-hospital-de-urgencia,0,Lupa - UOL,lupa.uol.com.br,2020-11-14 00:00:00,False,original
Boulos e Vera Lúcia: os discursos das 2 chapas puras de esquerda na eleição,"Hoje, o acionista [de uma empresa] recebe (...) lucros e dividendos e não paga imposto nenhum por isso",Guilherme Boulos,https://lupa.uol.com.br/jornalismo/2018/07/30/boulos-vera-esquerda-na-eleicao,0,Lupa - UOL,lupa.uol.com.br,2018-07-30 00:00:00,False,original
Saneamento básico: Amoêdo e Freixo debatem tema com erros e acertos em rede social,"Entre os 15 primeiros [municípios no ranking do Trata Brasil], existe apenas um prestador privado, e não é o de Niterói",Marcelo Freixo,https://lupa.uol.com.br/jornalismo/2019/06/04/saneamento-basico-rede,0,Lupa - UOL,lupa.uol.com.br,2019-06-04 00:00:00,False,original
Erros e acertos de Alckmin no Jornal Nacional e no Jornal das 10,Nós [no Brasil] temos hoje 440 mil crianças de 4 e 5 anos fora da pré-escola,Geraldo Alckmin,https://lupa.uol.com.br/jornalismo/2018/08/29/geraldo-alckmin-tv-globo,0,Lupa - UOL,lupa.uol.com.br,2018-08-30 00:00:00,False,original
O que dizem os quatro deputados federais mais votados de SP?,PSOL entrou na justiça para cassar o mandato dele [Cabo Daciolo],Kim Kataguiri,https://lupa.uol.com.br/jornalismo/2018/11/23/quatro-deputados-federais-sp,0,Lupa - UOL,lupa.uol.com.br,2018-11-23 00:00:00,False,original
Debate entre presidenciáveis na TV Aparecida: checamos em tempo real | Agência Lupa,Queremos acabar com qualquer tipo de financiamento privado de campanha,Guilherme Boulos,https://piaui.folha.uol.com.br/lupa/2018/09/20/debate-tv-aparecida/,0,Revista Piauí,piaui.folha.uol.com.br,2018-09-20 19:30:43,False,original
Futuro ministro da Saúde erra sobre cursos e vagas de medicina no Brasil,"No Brasil, não existe nada [para ‘recertificar’ o médico]",Luiz Henrique Mandetta,https://lupa.uol.com.br/jornalismo/2018/11/28/saude-mandetta-medicina-no-brasil,0,Lupa - UOL,lupa.uol.com.br,2018-11-28 00:00:00,False,original
SP: erros e acertos de Covas e Boulos durante o horário eleitoral no segundo turno,Quem começou com os CEUs foi a Marta Suplicy,Bruno Covas,https://lupa.uol.com.br/jornalismo/2020/11/27/horario-eleitoral-sp-segundo-turno-2020,0,Lupa - UOL,lupa.uol.com.br,2020-11-27 00:00:00,False,original
Bolsonaro no Roda Viva: erros e acertos do candidato do PSL à Presidência,Eu não gastei R$ 200 mil [do valor que tinha direito no Cotão],Jair Bolsonaro,https://lupa.uol.com.br/jornalismo/2018/07/31/bolsonaro-roda-viva,0,Lupa - UOL,lupa.uol.com.br,2018-07-31 00:00:00,False,original
"De saída da Saúde, Pazuello exagera total de vacinados contra Covid-19","A vacinação no nosso país, pelo PNI [Programa Nacional de Imunizações], iniciou-se em 18 de janeiro de 2021","Eduardo Pazuello, ministro da Saúde",https://lupa.uol.com.br/jornalismo/2021/03/16/saude-pazuello-exagera-vacinados-covid-19,0,Lupa - UOL,lupa.uol.com.br,2021-03-16 00:00:00,False,original
"Na posse, Witzel erra sobre apoio do PSL a sua candidatura ao governo do RJ","Minha gratidão ao PROS (...), que desde o primeiro momento acreditaram no candidato 1%",Wilson Witzel,https://lupa.uol.com.br/jornalismo/2019/01/04/posse-witzel-governo-do-rj,0,Lupa - UOL,lupa.uol.com.br,2019-01-04 00:00:00,False,original
Câncer de pele mata? Só ocorre por exposição ao sol? Veja mitos e verdades sobre a doença,Pintas ou sinais em crescimento são indícios do câncer de pele,,https://lupa.uol.com.br/jornalismo/2020/03/05/cancer-pele-mitos-verdades,0,Lupa - UOL,lupa.uol.com.br,2020-03-05 00:00:00,False,original
"SUS, CLT e fronteira com produtores de drogas: exageros de Alckmin no Roda Viva","Eu entreguei 295 creches, o atual governador, Márcio França, entregou mais 18 e tem mais de 200 em obras",Geraldo Alckmin,https://lupa.uol.com.br/jornalismo/2018/07/26/alckmin-roda-viva,0,Lupa - UOL,lupa.uol.com.br,2018-07-26 00:00:00,False,original
Lupa checou ao vivo o debate da TV Globo com candidatos a prefeito de São Paulo,Mais de 103 mil crianças (estão) fora das creches,João Doria,https://lupa.uol.com.br/jornalismo/2016/09/29/debate-tv-globo-sp,0,Lupa - UOL,lupa.uol.com.br,2016-09-29 00:00:00,False,original
Lula usa dados falsos sobre voto de Fachin e erra sobre variante de Manaus,"Eu era presidente da República, a gente vacinou 83 milhões de brasileiros em três meses [vacinação H1N1]","Luiz Inácio Lula da Silva (PT), ex-presidente da República",https://lupa.uol.com.br/jornalismo/2021/03/11/lula-coletiva-stf-folha,0,Lupa - UOL,lupa.uol.com.br,2021-03-11 00:00:00,False,original
#DebateBand: checamos em tempo real o 1º debate presidencial de 2018,O Brasil tinha criado 10 milhões de emprego no período em que eu estive no Banco Central,Henrique Meirelles,https://lupa.uol.com.br/jornalismo/2018/08/09/debate-band-tempo-real-2018,0,Lupa - UOL,lupa.uol.com.br,2018-08-10 00:00:00,False,original
"Debate da Band no RJ: Witzel se contradiz sobre Marielle, e Paes, sobre Lula",O Pezão declarou voto em você [Eduardo Paes],Wilson Witzel,https://lupa.uol.com.br/jornalismo/2018/10/19/debate-band-rj-witzel-paes,0,Lupa - UOL,lupa.uol.com.br,2018-10-19 00:00:00,False,original
Vitória: João Coser cita proposta que não está em seu programa de governo,[Quando foi prefeito de Vitória] fizemos um convênio com as Bandas de Congo,João Coser (PT),https://lupa.uol.com.br/jornalismo/2020/11/06/vitoria-joao-coser-programa-governo,0,Lupa - UOL,lupa.uol.com.br,2020-11-06 00:00:00,False,original
Crivella descumpriu 4 de cada 5 promessas feitas na campanha de 2016,23. (...) e aumentar a presença da Guarda Municipal no Centro de Operações Rio (COR) para que o mesmo fique mais voltado para a questão da vigilância da cidade e passe a contar com mecanismos mais eficazes para identificação de ocorrências e coordenação de ações reativas,Promessa do prefeito Marcelo Crivella,https://lupa.uol.com.br/jornalismo/2020/10/17/crivella-promessas-campanha-2016,0,Lupa - UOL,lupa.uol.com.br,2020-10-17 00:00:00,False,original
Laços com Cabral e prisão de Fernandinho Beira-Mar: os erros de Garotinho no RJTV,"Assim que tomou conhecimento, ela [a vereadora Maria Landerleide de Assis Duarte (PRP), candidata a vice-governadora na chapa de Garotinho] demitiu [a assessora ligada a Fernandinho Beira-Mar]",Anthony Garotinho,https://lupa.uol.com.br/jornalismo/2018/09/10/garotinho-rjtv,0,Lupa - UOL,lupa.uol.com.br,2018-09-10 00:00:00,False,original
Marina diz que a Rede foi o único partido a defender a Lava Jato na TV. Será?,"Se comparar com o PSOL, que tem mais de dez anos, tivemos [a Rede] desempenho muito bom [nas eleições de 2016]",Marina Silva,https://lupa.uol.com.br/jornalismo/2017/05/18/marina-diz-que-so-a-rede-defendeu-a-lava-jato-na-tv-sera,0,Lupa - UOL,lupa.uol.com.br,2017-05-18 00:00:00,False,original
"Nas redes sociais, candidatos de SP erram sobre saúde e desemprego",R$ 100 milhões gastos em hospitais de campanhas que já estão desmontados,Márcio França (PSB),https://lupa.uol.com.br/jornalismo/2020/11/13/redes-sociais-candidatos-de-sp,0,Lupa - UOL,lupa.uol.com.br,2020-11-13 00:00:00,False,original
Erros e acertos de Marina Silva no Jornal Nacional e no Jornal das 10,Eu tenho claramente defendido que é preciso que se tenha uma ajuda humanitária para a população da Venezuela,Marina Silva,https://lupa.uol.com.br/jornalismo/2018/08/30/marina-silva-tv-globo,0,Lupa - UOL,lupa.uol.com.br,2018-08-31 00:00:00,False,original
"Na COP26, ministro usa dado falso sobre meta climática do Brasil",(...) E apoio à redução global de metano,Joaquim Leite,https://lupa.uol.com.br/jornalismo/2021/11/10/na-cop26-ministro-meta-climatica-brasil,0,Lupa - UOL,lupa.uol.com.br,2021-11-10 00:00:00,False,original
A batalha entre Alexandre de Moraes e os senadores,(Alexandre de Moraes) prestou serviço para a candidatura do senador Aécio Neves e recebeu R$360 mil na última campanha eleitoral,Lindbergh Farias,https://lupa.uol.com.br/jornalismo/2017/02/22/sabatina-moraes,0,Lupa - UOL,lupa.uol.com.br,2017-02-22 00:00:00,False,original
"Ministro da Defesa, general Azevedo e Silva exagera sobre venezuelanos no Brasil","Nos abrigos nossos [da Operação Acolhida, na fronteira com a Venezuela] (...) nós já temos 5,8 mil venezuelanos",Fernando Azevedo e Silva,https://lupa.uol.com.br/jornalismo/2019/02/13/ministro-defesa-venezuelanos,0,Lupa - UOL,lupa.uol.com.br,2019-02-13 00:00:00,False,original
Prefeitura SP: checamos o que candidatos disseram no debate Folha/UOL,"Luiza Erundina, uma vez eleita vice-prefeita, tem que renunciar o mandato [de deputada federal] integralmente",Márcio França,https://lupa.uol.com.br/jornalismo/2020/11/11/prefeitura-sp-debate-folha-uol,0,Lupa - UOL,lupa.uol.com.br,2020-11-11 00:00:00,False,original
Tatto exagera sobre filiados do PT e vale-alimentação escolar na pandemia em sabatina Folha/UOL,"Os moradores de rua, você tem aí 25 mil, 30 mil pessoas (...)",Jilmar Tatto (PT),https://lupa.uol.com.br/jornalismo/2020/10/30/tatto-sabatina-folha-uol,0,Lupa - UOL,lupa.uol.com.br,2020-10-30 00:00:00,False,original
"Críticas ao STF, Foro de SP e inflação: Bolsonaro erra em fala a O Antagonista",Nunca se viu uma taxa de juros [Selic] tão baixa,Jair Bolsonaro,https://lupa.uol.com.br/jornalismo/2019/11/13/bolsonaro-entrevista-antagonista,0,Lupa - UOL,lupa.uol.com.br,2019-11-13 00:00:00,False,original
"Em entrevista, Mandetta erra ao falar dados sobre o Programa Mais Médicos",(...) Quando eles [Cuba] romperam [o contrato com o governo brasileiro] tinha 8.500 médicos cubanos no programa,Luiz Henrique Mandetta,https://lupa.uol.com.br/jornalismo/2019/12/04/mandetta-mais-medicos-entrevista,0,Lupa - UOL,lupa.uol.com.br,2019-12-04 00:00:00,False,original
"Governo RJ: Checamos, em tempo real, debate entre Paes e Witzel na Globo","[A relação de Witzel com Luiz Carlos Azenha, advogado do traficante Nem, da Rocinha] foi retirada da propaganda do meu adversário",Wilson Witzel,https://lupa.uol.com.br/jornalismo/2018/10/25/debate-witzel-paes-globo,0,Lupa - UOL,lupa.uol.com.br,2018-10-26 00:00:00,False,original
Teich cita dado incorreto sobre OMS e cloroquina na CPI da Covid,"Mesmo em um estudo clínico em geral, quando você tem o recrutamento das pessoas que vai fazer o estudo, aquelas pessoas com maior risco de ter complicação são excluídas. Então na prática você só consegue ter o teste real quando ele é usado em larga escala.","Nelson Teich, ex-ministro da Saúde",https://lupa.uol.com.br/jornalismo/2021/05/06/teich-cloroquina-cpi-da-covid,0,Lupa - UOL,lupa.uol.com.br,2021-05-06 00:00:00,False,original
Erros e acertos de Jair Bolsonaro no Jornal Nacional e no Jornal das 10,Nós do Exército Brasileiro perdemos três jovens garotos para o crime agora,Jair Bolsonaro,https://lupa.uol.com.br/jornalismo/2018/08/28/jair-bolsonaro-tv-globo,0,Lupa - UOL,lupa.uol.com.br,2018-08-29 00:00:00,False,original
Delação da Odebrecht e quadros técnicos em secretarias: erros de Eduardo Paes no RJTV,Eu assumi a responsabilidade [após o acidente na ciclovia Tim Maia],Eduardo Paes,https://lupa.uol.com.br/jornalismo/2018/09/13/eduardopaes-rjrtv,0,Lupa - UOL,lupa.uol.com.br,2018-09-13 00:00:00,False,original
"Em sabatina Folha/UOL, Covas erra sobre aumento de casos de Covid-19 em SP",Chegamos a ter 92% de ocupação dos leitos de UTI,"Bruno Covas, candidato do PSDB à prefeitura de São Paulo",https://lupa.uol.com.br/jornalismo/2020/11/26/sabatina-folha-covas-segundo-turno,0,Lupa - UOL,lupa.uol.com.br,2020-11-26 00:00:00,False,original
Bolsonaro recicla dados exagerados e falsos em discurso perante 40 líderes mundiais,"Ao discutirmos mudanças no clima, não podemos esquecer a causa maior do problema: a queima de combustíveis fósseis ao longo dos últimos dois séculos","Jair Bolsonaro, presidente da República",https://lupa.uol.com.br/jornalismo/2021/04/22/bolsonaro-cupula-do-clima,0,Lupa - UOL,lupa.uol.com.br,2021-04-22 00:00:00,False,original
Prefeitura SP: checamos o que candidatos disseram no debate Folha/UOL,Sem falar no dinheiro em caixa: R$ 19 bilhões,Guilherme Boulos (PSOL),https://lupa.uol.com.br/jornalismo/2020/11/11/prefeitura-sp-debate-folha-uol,0,Lupa - UOL,lupa.uol.com.br,2020-11-11 00:00:00,False,original
Ministro da Infraestrutura erra sobre acidentes em rodovia e subestima gastos com dívida,Onde é que morre mais gente [no trânsito]? (...) Em acidentes de motocicleta,Tarcísio Gomes de Freitas,https://lupa.uol.com.br/jornalismo/2019/08/02/tarcisio-infraestrutura-central-globonews,0,Lupa - UOL,lupa.uol.com.br,2019-08-02 00:00:00,False,original
"Debate Folha, UOL e SBT entre presidenciáveis: checamos em tempo real",[Temos] Mais de 50 milhões na pobreza,Cabo Daciolo,https://lupa.uol.com.br/jornalismo/2018/09/26/debate-folha-uol-sbt,0,Lupa - UOL,lupa.uol.com.br,2018-09-26 00:00:00,False,original
Confira o gabarito o quiz ‘Adivinhe a etiqueta – Presidenciáveis,O foro privilegiado (…) é guarda-chuva protetor de mais de 55 mil autoridades neste país,Alvaro Dias,https://lupa.uol.com.br/jornalismo/2018/10/06/gabarito-quiz-etiqueta-presidenciaveis,0,Lupa - UOL,lupa.uol.com.br,2018-10-06 00:00:00,False,original
Fortaleza: Luizianne Lins apresenta dados subestimados sobre desemprego,Nós tivemos aqui em Fortaleza 700 mil pessoas que receberam o auxílio emergencial de R$ 600,Luizianne Lins (PT),https://lupa.uol.com.br/jornalismo/2020/11/03/fortaleza-luizianne-lins-desemprego,0,Lupa - UOL,lupa.uol.com.br,2020-11-03 00:00:00,False,original
Recife: João Campos erra dado sobre deslocamentos de carro,"(...) nas duas últimas medições, (o Recife) tem sido a capital brasileira que mais cresce no Ideb nos (...) anos finais",João Campos (PSB),https://lupa.uol.com.br/jornalismo/2020/11/13/recife-joao-campos-erra-dado-sobre-deslocamentos-de-carro-no-recife,0,Lupa - UOL,lupa.uol.com.br,2020-11-14 00:00:00,False,original
"Governo RJ: Checamos, em tempo real, debate entre Paes e Witzel na Globo",[Há] Baixa capacidade de elucidação [dos crimes cometidos no RJ],Wilson Witzel,https://lupa.uol.com.br/jornalismo/2018/10/25/debate-witzel-paes-globo,0,Lupa - UOL,lupa.uol.com.br,2018-10-26 00:00:00,False,original
Prefeitura SP: Checamos o que candidatos falaram no último debate antes do 1º turno,Ontem você [Russomanno] fez uma acusação (...) de um suposto jornalista que foi preso pela Polícia Federal a mando do Supremo,Guilherme Boulos (PSOL),https://lupa.uol.com.br/jornalismo/2020/11/13/debate-tv-cultura-12-11,0,Lupa - UOL,lupa.uol.com.br,2020-11-13 00:00:00,False,original
SP: erros e acertos de Covas e Boulos durante o horário eleitoral no segundo turno,[A prefeitura não deu] nem o abatimento do IPTU [durante a pandemia],Guilherme Boulos,https://lupa.uol.com.br/jornalismo/2020/11/27/horario-eleitoral-sp-segundo-turno-2020,0,Lupa - UOL,lupa.uol.com.br,2020-11-27 00:00:00,False,original
Vacina contra HIV: conheça os mitos e as verdades sobre o imunizante em teste no Brasil,"A fase de teste da vacina de HIV, deve durar uns anos",Post no Twitter,https://lupa.uol.com.br/jornalismo/2021/02/22/vacina-hiv-brasil,0,Lupa - UOL,lupa.uol.com.br,2021-02-22 00:00:00,False,original
"Debate da Band no RJ: Witzel se contradiz sobre Marielle, e Paes, sobre Lula",O Pastor Everaldo é investigado na Lava Jato,Eduardo Paes,https://lupa.uol.com.br/jornalismo/2018/10/19/debate-band-rj-witzel-paes,0,Lupa - UOL,lupa.uol.com.br,2018-10-19 00:00:00,False,original
"No fim do mandato, Temer erra e exagera dados sobre a economia em seu governo",Nós liberamos essas contas inativas [do FGTS]. Isso injetou R$ 44 bilhões na economia,Michel Temer,https://lupa.uol.com.br/jornalismo/2018/12/24/temer-economia-governo,0,Lupa - UOL,lupa.uol.com.br,2018-12-24 00:00:00,False,original
Saneamento básico: Amoêdo e Freixo debatem tema com erros e acertos em rede social,"Cidades, como (...) Paris (...), que privatizaram seus sistemas, estão reestatizando",Marcelo Freixo,https://lupa.uol.com.br/jornalismo/2019/06/04/saneamento-basico-rede,0,Lupa - UOL,lupa.uol.com.br,2019-06-04 00:00:00,False,original
Palmas: Professor Júnior Geo erra ao se dizer único vereador a lutar contra aumento da passagem,Eu fui eleito o deputado estadual agora sendo o mais votado de Palmas,Professor Júnior Geo (PROS),https://lupa.uol.com.br/jornalismo/2020/11/09/palmas-professor-junior-geo-vereador,0,Lupa - UOL,lupa.uol.com.br,2020-11-09 00:00:00,False,original
"SobreElas: No Acre, governador não cumpre nove das 15 promessas feitas para mulheres",Ampliar a rede de proteção e de cuidados para todas as mulheres vítimas da violência doméstica e familiar,Promessa feita por Gladson Cameli,https://lupa.uol.com.br/jornalismo/2022/03/29/sobreelas-acre-promessas,0,Lupa - UOL,lupa.uol.com.br,2022-03-29 00:00:00,False,original
"Votos do CE no impeachment, processo de Lupi: os erros de Ciro Gomes em sabatina",A Lei da Ficha Limpa não permite que um condenado em segunda instância seja candidato,Ciro Gomes,https://lupa.uol.com.br/jornalismo/2018/08/02/ciro-gomes-globonews,0,Lupa - UOL,lupa.uol.com.br,2018-08-02 00:00:00,False,original
Governo do RJ erra em propostas para mudar ICMS do etanol e salário de servidores,"A Defensoria Pública do Estado do Rio de Janeiro atua em prol dos assistidos que demonstrem a hipossuficiência financeira, nos termos do art. 5º LXXIV da CRFB",Poder Executivo do Rio de Janeiro,https://lupa.uol.com.br/jornalismo/2019/07/18/propostas-justificativa-alerj-rj,0,Lupa - UOL,lupa.uol.com.br,2019-07-18 00:00:00,False,original
Maia erra sobre salários de parlamentares e aumento na carga tributária,"O governo queria dar R$ 180 do auxílio emergencial. A Câmara aprovou R$ 500, depois o presidente entrou com R$ 600",Rodrigo Maia,https://lupa.uol.com.br/jornalismo/2020/08/05/rodrigo-maia-roda-viva,0,Lupa - UOL,lupa.uol.com.br,2020-08-05 00:00:00,False,original
"Votos do CE no impeachment, processo de Lupi: os erros de Ciro Gomes em sabatina","Sem o Lula, o líder nas pesquisas está sozinho no partido dele, o segundo lugar, (...) que é a Marina [Silva], está sozinha no partido dela, o terceiro lugar, que sou eu, estou sozinho",Ciro Gomes,https://lupa.uol.com.br/jornalismo/2018/08/02/ciro-gomes-globonews,0,Lupa - UOL,lupa.uol.com.br,2018-08-02 00:00:00,False,original
"Em Davos, Bolsonaro erra ao falar sobre florestas e preservação do meio ambiente","Nas eleições, mesmo gastando menos de US$ 1 milhão, e com apenas poucos segundos de televisão (...), conseguimos a vitória",Jair Bolsonaro,https://lupa.uol.com.br/jornalismo/2019/01/22/davos-bolsonaro-meio-ambiente,0,Lupa - UOL,lupa.uol.com.br,2019-01-22 00:00:00,False,original
Deixar de vacinar crianças é ilegal no Brasil,"Vacinar crianças é obrigatório, e pais que descumprem podem até perder guarda",,https://lupa.uol.com.br/jornalismo/2018/07/11/verificamos-deixar-vacinar,0,Lupa - UOL,lupa.uol.com.br,2018-07-11 00:00:00,False,original
Porto Alegre: Marchezan não cumpre promessas para terceira idade e transporte,"Estabelecer uma política (…) de tratamento de resíduos, em que as empresas emissoras de resíduos sólidos e poluentes sejam devidamente responsabilizadas pela sua destinação final.",Nelson Marchezan Júnior (plano de governo),https://lupa.uol.com.br/jornalismo/2020/10/13/porto-alegre-marchezan-promessas,0,Lupa - UOL,lupa.uol.com.br,2020-10-13 00:00:00,False,original
Erros e acertos de Jair Bolsonaro no Jornal Nacional e no Jornal das 10,O PT (...) criou umas 50 estatais,Jair Bolsonaro,https://lupa.uol.com.br/jornalismo/2018/08/28/jair-bolsonaro-tv-globo,0,Lupa - UOL,lupa.uol.com.br,2018-08-29 00:00:00,False,original
O que dizem os quatro deputados federais mais votados de SP?,A esmagadora maioria desses 52 deputados [do PSL] vão chegar novinhos na Câmara,Eduardo Bolsonaro,https://lupa.uol.com.br/jornalismo/2018/11/23/quatro-deputados-federais-sp,0,Lupa - UOL,lupa.uol.com.br,2018-11-23 00:00:00,False,original
"Bolsonaro e segurança: os erros do presidente eleito ao falar sobre UPP, desarmamento e violência","O Ceará, levando-se em conta as mortes por 100 mil habitantes, é um estado muito mais violento do que o Rio de Janeiro",Jair Bolsonaro,https://lupa.uol.com.br/jornalismo/2018/12/25/bolsonaro-seguranca,0,Lupa - UOL,lupa.uol.com.br,2018-12-25 00:00:00,False,original
Goiânia: Delegada Adriana Accorsi erra dado de pediatria e de transporte público,"Em 2018, (...) o Partido dos Trabalhadores elegeu a maior bancada de deputados federais do Brasil, o maior número de governadores (...)",Delegada Adriana Accorsi (PT),https://lupa.uol.com.br/jornalismo/2020/10/29/goiania-delegada-adriana-accorsi-pediatria-transporte,0,Lupa - UOL,lupa.uol.com.br,2020-10-29 00:00:00,False,original
"Em entrevistas para rádios estaduais, Lula repete erros, exageros e acertos sobre emprego, gasolina e pesquisas","Em 2010 [...] a economia cresceu 7,5% ao ano",Luiz Inácio Lula da Silva,https://lupa.uol.com.br/jornalismo/2022/02/07/lula-radios-estaduais,0,Lupa - UOL,lupa.uol.com.br,2022-02-07 00:00:00,False,original
SobreElas: Ratinho Júnior cumpriu 5 das 14 promessas feitas para eleitoras em 2018 no Paraná,"Será fomentado o sistema de apoio [às mulheres em situação de violência] da sociedade civil, como igrejas, ONGs e demais entidades",Promessa feita por Ratinho Júnior,https://lupa.uol.com.br/jornalismo/2022/03/20/verificamos-sobreelas-2022-parana,0,Lupa - UOL,lupa.uol.com.br,2022-03-20 00:00:00,False,original
"Na Câmara, ministro da Educação erra sobre pesquisa científica e vagas em creches | Agência Lupa","Quando a gente olha pro começo do [ensino] fundamental, a gente vê que, praticamente, já foi universalizado",Abraham Weintraub,https://piaui.folha.uol.com.br/lupa/2019/05/17/camara-weintraub-educacao/,0,Revista Piauí,piaui.folha.uol.com.br,2019-05-17 15:39:28,False,original
"Freixo erra ao falar de arrecadação, educação e manifestações",Vários partidos elegeram um ou dois vereadores. O próprio PMDB perdeu. Tem dez (vereadores). Nós temos seis. O DEM tem quatro,Marcelo Freixo,https://lupa.uol.com.br/jornalismo/2016/10/26/freixo-sabatina-o-globo,0,Lupa - UOL,lupa.uol.com.br,2016-10-26 00:00:00,False,original
Alvaro Dias erra ao dizer que Folha deu manchete sobre sua popularidade como governador do PR,"Fui governador, [eleito] com 72% dos votos",Alvaro Dias,https://lupa.uol.com.br/jornalismo/2018/08/24/alvaro-dias-falso-popularidade,0,Lupa - UOL,lupa.uol.com.br,2018-08-24 00:00:00,False,original
Falas de Bolsonaro e segurança: acertos e erros do presidente da OAB no Roda Viva,Fui ao Supremo [Tribunal Federal] com uma petição [para que Bolsonaro explique o que ocorreu com meu pai durante a ditadura militar] assinada pelos 12 ex-presidentes vivos da Ordem dos Advogados,Felipe Santa Cruz,https://lupa.uol.com.br/jornalismo/2019/08/08/oab-presidente-bolsonaro,0,Lupa - UOL,lupa.uol.com.br,2019-08-08 00:00:00,False,original
Erros e acertos dos candidatos a prefeito do Rio no primeiro debate,"Nos últimos quatro anos, estagnou o índice do Ideb (Índice de Desenvolvimento da Educação Básica",Marcelo Crivella,https://lupa.uol.com.br/jornalismo/2016/08/25/ao-vivo-checagens-do-debate-da-band-no-rio-de-janeiro,0,Lupa - UOL,lupa.uol.com.br,2016-08-26 00:00:00,False,original
"Em discurso, Lula erra dados ao atacar Bolsonaro e falar de emprego no país",A Bolívia tá crescendo 5% (...) ao ano,Luiz Inácio Lula da Silva,https://lupa.uol.com.br/jornalismo/2019/11/09/lula-discurso-ataca-bolsonaro,0,Lupa - UOL,lupa.uol.com.br,2019-11-09 00:00:00,False,original
Glitter faz mal? Gruda com hidratante? Veja fatos e boatos sobre o queridinho do Carnaval,Hidratante pode ser usado para colar glitter no corpo,,https://lupa.uol.com.br/jornalismo/2020/02/20/glitter-carnaval-pele,0,Lupa - UOL,lupa.uol.com.br,2020-02-20 00:00:00,False,original
Porto Velho: Cristiane Lopes subestima dados de saúde e pecuária,"Rio Branco, nossa vizinha, está em segundo lugar com Ideb de 6,7",Cristiane Lopes (PP),https://lupa.uol.com.br/jornalismo/2020/11/10/porto-velho-cristiane-lopes-saude-pecuaria,0,Lupa - UOL,lupa.uol.com.br,2020-11-10 00:00:00,False,original
"Cláusula de barreira, Marielle e Bolsonaro: o que disse Witzel na 1ª entrevista como governador do RJ",70% do nosso [do estado do Rio de Janeiro] PIB é de serviço. Comércio e serviço,Wilson Witzel,https://lupa.uol.com.br/jornalismo/2018/11/01/primeira-entrevista-witzel-rj,0,Lupa - UOL,lupa.uol.com.br,2018-11-01 00:00:00,False,original
Teich cita dado incorreto sobre OMS e cloroquina na CPI da Covid,"Eu vi um número que saiu na imprensa dizendo que 86% das pessoas não conseguem fazer home office, o que quer dizer que a maioria delas tem que interagir durante o dia, talvez indo para o trabalho","Nelson Teich, ex-ministro da Saúde",https://lupa.uol.com.br/jornalismo/2021/05/06/teich-cloroquina-cpi-da-covid,0,Lupa - UOL,lupa.uol.com.br,2021-05-06 00:00:00,False,original
"Senado, previdência, turismo e homofobia: erros e acertos de Alcolumbre e Maia","O Senado tem devolvido, ao longo dos últimos anos, recursos para o Tesouro, uma média de R$ 200 milhões a R$ 250 milhões nos últimos cinco anos",Davi Alcolumbre,https://lupa.uol.com.br/jornalismo/2019/03/25/erros-acertos-alcolumbre-maia,0,Lupa - UOL,lupa.uol.com.br,2019-03-25 00:00:00,False,original
Governo de SP: Seis verdades ‘inconvenientes’ para Doria e França,"Na peça orçamentária [para 2019], não constam os 25% de aumento que ele [Márcio França] diz que vai dar aos policiais militares. (…) Ao contrário, há uma redução no investimento em segurança pública",João Doria,https://lupa.uol.com.br/jornalismo/2018/10/24/sp-seis-verdades-doria-franca,0,Lupa - UOL,lupa.uol.com.br,2018-10-24 00:00:00,False,original
"No Congresso, Paulo Guedes erra dados sobre mercado de trabalho e carga tributária","Com R$ 20 bilhões, nós salvamos 11 milhões de empregos [no Programa Emergencial de Manutenção do Emprego e da Renda]",Paulo Guedes,https://lupa.uol.com.br/jornalismo/2020/09/03/congresso-paulo-guedes-mercado-de-trabalho,0,Lupa - UOL,lupa.uol.com.br,2020-09-03 00:00:00,False,original
Licença maternidade na Hungria: Damares erra ao falar de prazos e valores,Já existem propostas no Congresso Nacional [aumento de licença maternidade],Damares Alves,https://lupa.uol.com.br/jornalismo/2019/10/07/damares-licenca-maternidade,0,Lupa - UOL,lupa.uol.com.br,2019-10-07 00:00:00,False,original
"Freixo erra ao falar de arrecadação, educação e manifestações",O IPTU arrecada três vezes menos do que o ISS,Marcelo Freixo,https://lupa.uol.com.br/jornalismo/2016/10/26/freixo-sabatina-o-globo,0,Lupa - UOL,lupa.uol.com.br,2016-10-26 00:00:00,False,original
#VerificamosENEM: Se atrasou no primeiro dia do Enem? Você pode fazer a segunda prova,Quem não conseguiu concluir a primeira prova por falta de energia no local do exame deve fazer a segunda,,https://lupa.uol.com.br/jornalismo/2018/11/10/verificamosenem-atrasados-prejudicados,0,Lupa - UOL,lupa.uol.com.br,2018-11-10 00:00:00,False,original
Doria erra sobre novas estações de metrô e extensão de rodovias concedidas em SP,"[Os resultados da concessão da Pipa foram] R$ 15 bilhões de investimento, 7.209% de ágio e R$ 1,1 bilhão adicionais aos cofres públicos de São Paulo",João Doria,https://lupa.uol.com.br/jornalismo/2020/02/19/doria-canal-livre,0,Lupa - UOL,lupa.uol.com.br,2020-02-19 00:00:00,False,original
Mandetta cita dados incorretos sobre vacinas e testagem em massa na CPI da Covid,"Esses casos de Manaus, essa cepa, ela foi captada [pela primeira vez] no Japão, por seis japoneses que visitaram Manaus e voltaram para o Japão. Porque nós não fizemos a testagem","Luiz Henrique Mandetta, ex-ministro da Saúde",https://lupa.uol.com.br/jornalismo/2021/05/05/mandetta-vacinas-testagem-cpi-da-covid,0,Lupa - UOL,lupa.uol.com.br,2021-05-05 00:00:00,False,original
"Alvaro Dias gasta R$ 365 mil do Senado, mas nega recebimento de verba",55 mil autoridades têm direito a esse privilégio [foro especial por prerrogativa de função] hoje no Brasil,Alvaro Dias,https://lupa.uol.com.br/jornalismo/2018/06/06/alvaro-dias-roda-viva,0,Lupa - UOL,lupa.uol.com.br,2018-06-06 00:00:00,False,original
Debate entre presidenciáveis na TV Aparecida: checamos em tempo real | Agência Lupa,O foro privilegiado (...) é guarda-chuva protetor de mais de 55 mil autoridades neste país,Alvaro Dias,https://piaui.folha.uol.com.br/lupa/2018/09/20/debate-tv-aparecida/,0,Revista Piauí,piaui.folha.uol.com.br,2018-09-20 19:30:43,False,original
Como ficou o programa ‘Mais Médicos’ quatro anos após o lançamento?,"até 2015, serão 4.000",,https://lupa.uol.com.br/jornalismo/2017/07/08/como-ficou-o-programa-mais-medicos-quatro-anos-depois-do-lancamento,0,Lupa - UOL,lupa.uol.com.br,2017-07-08 00:00:00,False,original
Erros e acertos dos candidatos ao governo de São Paulo em debate na Record,"O que [Paulo Skaf] fez foi implantar cobrança [nas escolas] no Sesi, que não tinha antes de sua presidência",Luiz Marinho,https://lupa.uol.com.br/jornalismo/2018/09/29/debate-record-sp-1-turno,0,Lupa - UOL,lupa.uol.com.br,2018-09-29 00:00:00,False,original
"Michel Temer, reforma trabalhista e terceirização",Há cerca de 17 mil sindicatos no nosso país,Michel Temer,https://lupa.uol.com.br/jornalismo/2017/04/25/temer-reforma-trabalhista-terceirizacao,0,Lupa - UOL,lupa.uol.com.br,2017-04-25 00:00:00,False,original
SobreElas: Ratinho Júnior cumpriu 5 das 14 promessas feitas para eleitoras em 2018 no Paraná,"(....) e ampliar o apoio aos municípios para o aprimoramento da qualidade do pré-natal, notadamente, com ações de formação e educação permanente",Promessa feita por Ratinho Júnior,https://lupa.uol.com.br/jornalismo/2022/03/20/verificamos-sobreelas-2022-parana,0,Lupa - UOL,lupa.uol.com.br,2022-03-20 00:00:00,False,original
Ligue 180: as mentiras e verdades do debate sobre a violência de gênero,Avançam as denúncias de cárcere privado,,https://lupa.uol.com.br/jornalismo/2017/03/09/ligue-180-mentiras-e-verdades-violencia-de-genero,0,Lupa - UOL,lupa.uol.com.br,2017-03-09 00:00:00,False,original
Prefeitura SP: checamos o que candidatos disseram no debate Folha/UOL,Ampliamos as equipes de Saúde da Família,Bruno Covas (PSDB),https://lupa.uol.com.br/jornalismo/2020/11/11/prefeitura-sp-debate-folha-uol,0,Lupa - UOL,lupa.uol.com.br,2020-11-11 00:00:00,False,original
Ao vivo: checagens da Lupa sobre o debate da Band em São Paulo,Temos 40 e poucos CEUs (Centros Educacionais Unificados),Marta Suplicy,https://lupa.uol.com.br/jornalismo/2016/08/22/checagem-ao-vivo-do-debate-da-band-em-sao-paulo,0,Lupa - UOL,lupa.uol.com.br,2016-08-23 00:00:00,False,original
"No Congresso, Paulo Guedes erra dados sobre mercado de trabalho e carga tributária",Quase 1 milhão de empregos foram destruídos no mês de abril,Paulo Guedes,https://lupa.uol.com.br/jornalismo/2020/09/03/congresso-paulo-guedes-mercado-de-trabalho,0,Lupa - UOL,lupa.uol.com.br,2020-09-03 00:00:00,False,original
De olho nas verdades e mentiras que rondam o carnaval,Analgésico para curar ressaca pode ser perigoso,,https://lupa.uol.com.br/jornalismo/2017/02/25/mitos-do-carnaval-sirio-libanes,0,Lupa - UOL,lupa.uol.com.br,2017-02-25 00:00:00,False,original
Ligue 180: as mentiras e verdades do debate sobre a violência de gênero,16 mulheres denunciam ser vítimas de estupro todos os dias,,https://lupa.uol.com.br/jornalismo/2017/03/09/ligue-180-mentiras-e-verdades-violencia-de-genero,0,Lupa - UOL,lupa.uol.com.br,2017-03-09 00:00:00,False,original
Saneamento básico: Amoêdo e Freixo debatem tema com erros e acertos em rede social,Chile: 94% das empresas de saneamento são privadas,João Amoêdo,https://lupa.uol.com.br/jornalismo/2019/06/04/saneamento-basico-rede,0,Lupa - UOL,lupa.uol.com.br,2019-06-04 00:00:00,False,original
Noruega não caça mil baleias por ano,Essa é a Noruega,Facebook,https://lupa.uol.com.br/jornalismo/2019/08/20/verificamos-baleias-noruega-fundo-amazonia,0,Lupa - UOL,lupa.uol.com.br,2019-08-20 00:00:00,False,original
Crivella descumpriu 4 de cada 5 promessas feitas na campanha de 2016,"8. Manter o apoio das Organizações Sociais de Saúde (OSS) à Saúde Pública Municipal, mas, já no primeiro ano de governo, fazer uma ampla auditoria referente aos critérios de seleção e aos gastos de cada uma delas, garantindo o estabelecimento e a cobrança rigorosa de metas de produtividade e de qualidade para os serviços prestados assim como um sistema de fiscalização minuciosa dos gastos das mesmas",Promessa do prefeito Marcelo Crivella,https://lupa.uol.com.br/jornalismo/2020/10/17/crivella-promessas-campanha-2016,0,Lupa - UOL,lupa.uol.com.br,2020-10-17 00:00:00,False,original
Pedro Paulo exagera no número de viagens em ônibus climatizados no Rio,Não tenho um processo qualquer que fale de mal uso de dinheiro público,Pedro Paulo,https://lupa.uol.com.br/jornalismo/2016/09/22/pedro-paulo-exagera-no-numero-de-viagens-de-onibus-climatizados-no-rio,0,Lupa - UOL,lupa.uol.com.br,2016-09-22 00:00:00,False,original
Erros e acertos de Rodrigo Maia e Paulo Guedes sobre a Previdência,"A gente tava com ela [reforma da previdência] pronta, no governo Temer, em maio [de 2017] para votar",Rodrigo Maia,https://lupa.uol.com.br/jornalismo/2019/02/06/maia-guedes-previdencia,0,Lupa - UOL,lupa.uol.com.br,2019-02-06 00:00:00,False,original
Barroso erra dados sobre criminalização do aborto e evasão no ensino médio,"Mais escolaridade não significa, no Brasil, mais produtividade",Luís Roberto Barroso,https://lupa.uol.com.br/jornalismo/2019/06/01/barroso-aborto-evasao-ensino-medio,0,Lupa - UOL,lupa.uol.com.br,2019-06-01 00:00:00,False,original
"Mitos e verdades sobre novo surto de sarampo, doença ‘altamente contagiosa",Sarampo só se pega uma vez na vida,,https://lupa.uol.com.br/jornalismo/2018/07/04/mitos-e-verdades-sarampo,0,Lupa - UOL,lupa.uol.com.br,2018-07-04 00:00:00,False,original
"Ao criticar Estatuto do Desarmamento, Sergio Moro erra dados sobre o assunto","Em 2016, o governo federal, através do Fundo Penitenciário Nacional, transferiu cerca de R$ 1,2 bilhão para estados para investimento na área prisional (...)",Sergio Moro,https://lupa.uol.com.br/jornalismo/2019/01/17/moro-estatuto-armas-decreto,0,Lupa - UOL,lupa.uol.com.br,2019-01-17 00:00:00,False,original
SP: erros e acertos de Covas e Boulos durante o horário eleitoral no segundo turno,Ela [Erundina] construiu seis hospitais,Guilherme Boulos,https://lupa.uol.com.br/jornalismo/2020/11/27/horario-eleitoral-sp-segundo-turno-2020,0,Lupa - UOL,lupa.uol.com.br,2020-11-27 00:00:00,False,original
"Ao justificar cortes no MEC, Onyx Lorenzoni erra dados sobre universidades em Sergipe",Até a pensionista militar vai contribuir [após a reforma da Previdência],Onyx Lorenzoni,https://lupa.uol.com.br/jornalismo/2019/05/07/onyx-lorenzoni-globonews,0,Lupa - UOL,lupa.uol.com.br,2019-05-07 00:00:00,False,original
"Foto mostra performance em Madri, não formatura de sociólogos da Unicamp",Olha a formatura dos novos sociólogos da Unicamp 2021,Facebook,https://lupa.uol.com.br/jornalismo/2022/04/06/formatura-sociologos-unicamp,0,Lupa - UOL,lupa.uol.com.br,2022-04-06 00:00:00,False,original
O que dizem os quatro deputados federais mais votados de SP?,"Em 2015, (...) a Justiça do Trabalho custou aos cofres públicos R$ 17 bilhões",Kim Kataguiri,https://lupa.uol.com.br/jornalismo/2018/11/23/quatro-deputados-federais-sp,0,Lupa - UOL,lupa.uol.com.br,2018-11-23 00:00:00,False,original
Porto Alegre: Marchezan não cumpre promessas para terceira idade e transporte,Ampliar a oferta de pré-escola na faixa etária de 4 a 5 anos,Nelson Marchezan Júnior (plano de governo),https://lupa.uol.com.br/jornalismo/2020/10/13/porto-alegre-marchezan-promessas,0,Lupa - UOL,lupa.uol.com.br,2020-10-13 00:00:00,False,original
Flávio Bolsonaro erra ao falar que MP não ‘deu oportunidade’ para esclarecimentos,"A pessoa pode ter um comércio fora ali do trabalho da Assembleia no meu gabinete, pode ter uma outra atividade. Não tem problema. Não há nenhuma ilegalidade nisso",Flávio Bolsonaro,https://lupa.uol.com.br/jornalismo/2019/01/23/flavio-bolsonaro-caso-queiroz,0,Lupa - UOL,lupa.uol.com.br,2019-01-23 00:00:00,False,original
Curitiba: Greca deixa promessas pendentes e aposta em 2º mandato,Iniciar a implantação da Energia Barata para pessoas de ‘baixa-renda’ em habitações inseridas no sistema fotovoltaico. A Cohab-Solar,Rafael Greca (programa de governo),https://lupa.uol.com.br/jornalismo/2020/10/06/greca-programa-governo,0,Lupa - UOL,lupa.uol.com.br,2020-10-06 00:00:00,False,original
Rio: Checamos o primeiro debate entre Paes e Crivella no segundo turno de 2020,Nós chegamos a cerca de 250 mil crianças [em tempo integral] no meu governo,Eduardo Paes,https://lupa.uol.com.br/jornalismo/2020/11/20/debate-band-segundo-turno-2020-rj,0,Lupa - UOL,lupa.uol.com.br,2020-11-20 00:00:00,False,original
Prefeitura SP: checamos o que os candidatos disseram no primeiro debate de 2020,"A taxa de juros está super baixa, taxa recorde",Filipe Sabará,https://lupa.uol.com.br/jornalismo/2020/10/02/debate-candidatos-sao-paulo-band,0,Lupa - UOL,lupa.uol.com.br,2020-10-02 00:00:00,False,original
Prefeitura SP: checamos o que os candidatos disseram no primeiro debate de 2020,"Assim que o Doria e o Bruno Covas assumiram a prefeitura de São Paulo, usaram violência contra as pessoas [na Cracolândia]",Jilmar Tatto,https://lupa.uol.com.br/jornalismo/2020/10/02/debate-candidatos-sao-paulo-band,0,Lupa - UOL,lupa.uol.com.br,2020-10-02 00:00:00,False,original
"Em último discurso no Senado, Magno Malta erra sobre CPI dos Maus Tratos e homofobia",Essa [Brasil] é a maior nação católica do mundo,Magno Malta,https://lupa.uol.com.br/jornalismo/2018/12/26/magno-malta-ultimo-discurso,0,Lupa - UOL,lupa.uol.com.br,2018-12-26 00:00:00,False,original
"Na sabatina Folha/UOL, Vera Lúcia erra sobre dívidas com a prefeitura de SP",[Orlando Silva (PCdoB)] foi relator da medida [provisória] 936,Vera Lúcia (PSTU),https://lupa.uol.com.br/jornalismo/2020/10/27/sabatina-folha-uol-vera-lucia,0,Lupa - UOL,lupa.uol.com.br,2020-10-27 00:00:00,False,original
"Para além da série de direitos de respostas, os erros do debate da Globo no RJ",O Rio de Janeiro tem 3% dos presos trabalhando,Eduardo Paes,https://lupa.uol.com.br/jornalismo/2018/10/03/debate-globo-rj,0,Lupa - UOL,lupa.uol.com.br,2018-10-03 00:00:00,False,original
"Em último discurso no Senado, Magno Malta erra sobre CPI dos Maus Tratos e homofobia","Maconha tem um componente chamado de canabidiol. E o canabidiol é uma substância química que serve para pessoas que têm convulsão, ou seja, epilepsia em crianças",Magno Malta,https://lupa.uol.com.br/jornalismo/2018/12/26/magno-malta-ultimo-discurso,0,Lupa - UOL,lupa.uol.com.br,2018-12-26 00:00:00,False,original
Governo do RJ: Seis verdades ‘inconvenientes’ para Paes e Witzel,"O Pastor Everaldo [presidente do PSC, partido de Witzel] é investigado na Lava Jato",Eduardo Paes,https://lupa.uol.com.br/jornalismo/2018/10/24/rj-seis-verdades-paes-witzel,0,Lupa - UOL,lupa.uol.com.br,2018-10-24 00:00:00,False,original
Texto traz informações falsas sobre características do novo coronavírus,"Assim, lavar as mãos frequentemente é muito importante é eficaz. Mas, deve-se evitar coçar os olhos ou nariz pois ele se propaga fácil",Post no Facebook,https://lupa.uol.com.br/jornalismo/2020/03/12/verificamos-informacoes-falsas-caracteristicas-novo-coronavirus,0,Lupa - UOL,lupa.uol.com.br,2020-03-12 00:00:00,False,original
Debate entre candidatos ao governo de SP na TV Globo: checamos em tempo real,Fui reeleito com 93% dos votos,Márcio França,https://lupa.uol.com.br/jornalismo/2018/10/02/debate-sp-tv-globo,0,Lupa - UOL,lupa.uol.com.br,2018-10-02 00:00:00,False,original
Doria omite greves de professores quando era prefeito e erra dados sobre segurança em SP,(...) A média nacional nos estados é 30 [homicídios] por 100 mil,João Doria,https://lupa.uol.com.br/jornalismo/2019/01/25/doria-davos-artigo,0,Lupa - UOL,lupa.uol.com.br,2019-01-25 00:00:00,False,original
Debate entre presidenciáveis na TV Aparecida: checamos em tempo real | Agência Lupa,52 milhões de brasileiros [vivem] abaixo da linha da pobreza,Alvaro Dias,https://piaui.folha.uol.com.br/lupa/2018/09/20/debate-tv-aparecida/,0,Revista Piauí,piaui.folha.uol.com.br,2018-09-20 19:30:43,False,original
"Mitos e verdades sobre novo surto de sarampo, doença ‘altamente contagiosa",Copa do Mundo aumenta risco de surto de sarampo no Brasil,,https://lupa.uol.com.br/jornalismo/2018/07/04/mitos-e-verdades-sarampo,0,Lupa - UOL,lupa.uol.com.br,2018-07-04 00:00:00,False,original
Rio de Janeiro: Paes erra dados sobre desemprego e BRT Transbrasil,O BRT Transbrasil nunca teve nada a ver com Olimpíada,Eduardo Paes (DEM),https://lupa.uol.com.br/jornalismo/2020/11/13/rio-de-janeiro-paes-desemprego-brt,0,Lupa - UOL,lupa.uol.com.br,2020-11-14 00:00:00,False,original
"No Roda Viva, Bruno Covas exagera média das aposentadorias pagas pelo INSS",(...) Foram criadas 50 mil vagas em creches,Bruno Covas,https://lupa.uol.com.br/jornalismo/2019/01/31/bruno-covas-aposentadorias,0,Lupa - UOL,lupa.uol.com.br,2019-01-31 00:00:00,False,original
Laços com Cabral e prisão de Fernandinho Beira-Mar: os erros de Garotinho no RJTV,O Eduardo Paes está concorrendo com uma liminar,Anthony Garotinho,https://lupa.uol.com.br/jornalismo/2018/09/10/garotinho-rjtv,0,Lupa - UOL,lupa.uol.com.br,2018-09-10 00:00:00,False,original
Porto Alegre: Manuela subestima número de beneficiários do Auxílio Emergencial,Os investimentos em cultura foram reduzidos no último período (...),Manuela D’Ávila (PCdoB),https://lupa.uol.com.br/jornalismo/2020/11/04/porto-alegre-manuela-auxilio-emergencial,0,Lupa - UOL,lupa.uol.com.br,2020-11-04 00:00:00,False,original
Erros e acertos dos candidatos a prefeito do Rio no primeiro debate,O Uber já foi regulamentado em São Paulo,Marcelo Freixo,https://lupa.uol.com.br/jornalismo/2016/08/25/ao-vivo-checagens-do-debate-da-band-no-rio-de-janeiro,0,Lupa - UOL,lupa.uol.com.br,2016-08-26 00:00:00,False,original
Alvaro Dias erra ao dizer que Folha deu manchete sobre sua popularidade como governador do PR,"Sou senador, eleito com quase 80% dos votos do meu estado",Alvaro Dias,https://lupa.uol.com.br/jornalismo/2018/08/24/alvaro-dias-falso-popularidade,0,Lupa - UOL,lupa.uol.com.br,2018-08-24 00:00:00,False,original
"Nas redes sociais, candidatos de SP erram sobre saúde e desemprego","Itaú tem multa de R$3,8 BILHÕES com a prefeitura de São Paulo por fraude fiscal. Com esse valor, dá pra pagar um ano de renda solidária em São Paulo e ainda sobra! Vamos virar esse jogo!",Guilherme Boulos (PSOL),https://lupa.uol.com.br/jornalismo/2020/11/13/redes-sociais-candidatos-de-sp,0,Lupa - UOL,lupa.uol.com.br,2020-11-13 00:00:00,False,original
Erros e acertos de Marina Silva no Jornal Nacional e no Jornal das 10,Hoje nós temos uma população carcerária de mais de 700 mil presos,Marina Silva,https://lupa.uol.com.br/jornalismo/2018/08/30/marina-silva-tv-globo,0,Lupa - UOL,lupa.uol.com.br,2018-08-31 00:00:00,False,original
#CaiuNaRede: Fiocruz cadastra voluntários para estudo de vacina para a prevenção da Covid-19,O Instituto Nacional de Infectologia Evandro Chagas (INI/Fiocruz) está cadastrando pessoas interessadas em participar de estudos de vacina para a prevenção da Covid-19. Para participar os candidatos devem ser maiores de 18 anos e morar na região metropolitana do Rio de Janeiro.,Publicação no WhatsApp,https://lupa.uol.com.br/jornalismo/2020/10/14/caiu-na-rede-fiocruz-vacina-covid-19,0,Lupa - UOL,lupa.uol.com.br,2020-10-14 00:00:00,False,original
João Pessoa: Ricardo Coutinho erra ao dizer que todas as linhas de ônibus passam pela lagoa,O Cartão Alimentação que eu já fiz no estado (...),Ricardo Coutinho (PSB),https://lupa.uol.com.br/jornalismo/2020/11/05/joao-pessoa-ricardo-coutinho-onibus-lagoa,0,Lupa - UOL,lupa.uol.com.br,2020-11-05 00:00:00,False,original
"Na CPI, Luciano Hang cita informações falsas sobre doação de vacinas, BNDES e atestado de óbito da mãe","A cinco anos atrás, eu tive que aparecer para desmentir uma onda de fake news em que diziam que a Havan era de políticos ou de filhos de políticos. (...) Na época diziam que a Havan era do filho do Lula, da filha da Dilma",Luciano Hang,https://lupa.uol.com.br/jornalismo/2021/09/30/cpi-luciano-hang-vacinas-bndes-atestado-de-obito-da-mae,0,Lupa - UOL,lupa.uol.com.br,2021-09-30 00:00:00,False,original
SobreElas: Ratinho Júnior cumpriu 5 das 14 promessas feitas para eleitoras em 2018 no Paraná,"Ampliar as unidades itinerantes de atendimento à mulher que atendem áreas mais distantes, como assentamentos, aldeias indígenas, comunidades rurais e quilombolas e entregam serviços de assistência social, orientação psicológica, jurídica e segurança pública, podendo fazer atendimento nos municípios onde não há delegacias especializadas no atendimento a mulheres",Promessa feita por Ratinho Júnior,https://lupa.uol.com.br/jornalismo/2022/03/20/verificamos-sobreelas-2022-parana,0,Lupa - UOL,lupa.uol.com.br,2022-03-20 00:00:00,False,original
É falso que quem passar o Natal com a família em São Paulo pode ser preso,"Mas, se já estiver preso, será solto para comemorar o natal com a família",Post no Facebook,https://lupa.uol.com.br/jornalismo/2020/12/17/verificamos-natal-familia-sao-paulo-preso,0,Lupa - UOL,lupa.uol.com.br,2020-12-17 00:00:00,False,original
"Em horário eleitoral da TV, PT diz que o Brasil voltou ao ‘Mapa da Fome’. Será?","O Minha Casa Minha Vida entregou 2,5 milhões de moradias",,https://lupa.uol.com.br/jornalismo/2017/10/19/tv-pt-brasil-mapa-da-fome,0,Lupa - UOL,lupa.uol.com.br,2017-10-19 00:00:00,False,original
#CaiuNaRede: É verdade que ninguém pode ser obrigado a fazer intervenção cirúrgica,"Ninguém pode ser constrangido a submeter-se, com risco de vida, a tratamento médico ou a intervenção cirúrgica",Bia Kicis,https://lupa.uol.com.br/jornalismo/2020/12/03/caiu-na-rede-intervencao-cirurgica,0,Lupa - UOL,lupa.uol.com.br,2020-12-03 00:00:00,False,original
"Publicação lista 31 ações de Bolsonaro em três meses, mas só sete são verdadeiras",A bolsa de valores superou 100 mil pontos pela primeira vez na história,Facebook,https://lupa.uol.com.br/jornalismo/2019/04/17/verificamos-lista-bolsonaro,0,Lupa - UOL,lupa.uol.com.br,2019-04-17 00:00:00,False,original
Debate entre presidenciáveis na TV Aparecida: checamos em tempo real | Agência Lupa,[Há] 700 mil pessoas atingidas pela hepatite C [no Brasil],Marina Silva,https://piaui.folha.uol.com.br/lupa/2018/09/20/debate-tv-aparecida/,0,Revista Piauí,piaui.folha.uol.com.br,2018-09-20 19:30:43,False,original
"Em xeque, diagnóstico de país produzido pelo governo Michel Temer","Prejuízos bilionários na Eletrobras: R$ 6,2 bilhões em 2013, R$3 bilhões em 2014 e R$ 14,4 bilhões em 2015.",,https://lupa.uol.com.br/jornalismo/2016/10/06/diagnostico-do-governo-temer-em-xeque,0,Lupa - UOL,lupa.uol.com.br,2016-10-06 00:00:00,False,original
Doria exagera ao dizer que chefes não comandam mais principal facção paulista de dentro de presídios de SP,Um policial militar só vai para a rua depois de um ano de treinamento,João Doria,https://lupa.uol.com.br/jornalismo/2019/07/27/doria-pcc-faccao-presidios,0,Lupa - UOL,lupa.uol.com.br,2019-07-27 00:00:00,False,original
"Debate Folha, UOL e SBT entre presidenciáveis: checamos em tempo real",Você [Marina Silva] participou desse movimento [para o impeachment de Dilma Rousseff],Fernando Haddad,https://lupa.uol.com.br/jornalismo/2018/09/26/debate-folha-uol-sbt,0,Lupa - UOL,lupa.uol.com.br,2018-09-26 00:00:00,False,original
"Comércio exterior, eleições, Bolsonaro e PT: imprecisões de Ciro Gomes após a posse do novo governo",O Brasil deu asilo até ao [Alfredo] Stroessner [ditador paraguaio],Ciro Gomes,https://lupa.uol.com.br/jornalismo/2019/01/10/ciro-gomes-pos-eleicao,0,Lupa - UOL,lupa.uol.com.br,2019-01-10 00:00:00,False,original
Armamento e segurança: erros e acertos em um dos temas centrais da gestão Bolsonaro,O Brasil é recordista mundial de homicídios cometidos por arma de fogo,Flávio Bolsonaro,https://lupa.uol.com.br/jornalismo/2019/06/18/armamento-tema-bolsonaro,0,Lupa - UOL,lupa.uol.com.br,2019-06-18 00:00:00,False,original
Ministro da Infraestrutura erra sobre acidentes em rodovia e subestima gastos com dívida,Foram US$ 100 bilhões para reconstruir a Europa no pós-guerra (...),Tarcísio Gomes de Freitas,https://lupa.uol.com.br/jornalismo/2019/08/02/tarcisio-infraestrutura-central-globonews,0,Lupa - UOL,lupa.uol.com.br,2019-08-02 00:00:00,False,original
Prefeitura SP: Checamos o que candidatos falaram no último debate antes do 1º turno,"Fiz 400 quilômetros de faixas de ônibus (...), fiz as ciclovias no governo Haddad",Jilmar Tatto (PT),https://lupa.uol.com.br/jornalismo/2020/11/13/debate-tv-cultura-12-11,0,Lupa - UOL,lupa.uol.com.br,2020-11-13 00:00:00,False,original
Debate entre presidenciáveis na TV Aparecida: checamos em tempo real | Agência Lupa,Mais de 200 mil mulheres foram vítimas de violência doméstica,Marina Silva,https://piaui.folha.uol.com.br/lupa/2018/09/20/debate-tv-aparecida/,0,Revista Piauí,piaui.folha.uol.com.br,2018-09-20 19:30:43,False,original
"Cobertura vacinal, Cersams e cuidadores: promessas de 2016 descumpridas por Kalil",Fazer funcionar o Hospital Metropolitano do Barreiro em sua totalidade,"Programa de Governo de Alexandre Kalil, 2016",https://lupa.uol.com.br/jornalismo/2020/11/05/promessas-2016-alexandre-kalil,0,Lupa - UOL,lupa.uol.com.br,2020-11-05 00:00:00,False,original
"Para além da série de direitos de respostas, os erros do debate da Globo no RJ","Nossa situação [fiscal, do RJ] é uma das piores do Brasil",Márcia Tiburi,https://lupa.uol.com.br/jornalismo/2018/10/03/debate-globo-rj,0,Lupa - UOL,lupa.uol.com.br,2018-10-03 00:00:00,False,original
Post dá orientações erradas a mulheres sobre o que não fazer durante a menstruação,Não beba (...) água com gás,Facebook,https://lupa.uol.com.br/jornalismo/2019/10/08/verificamos-menstruacao-mulher,0,Lupa - UOL,lupa.uol.com.br,2019-10-08 00:00:00,False,original
"Para além da série de direitos de respostas, os erros do debate da Globo no RJ","[Queria pedir para quem está em casa] entrar no Google e colocar aí ‘Eduardo Paes milícia’. Está lá a entrevista ao RJTV em 2006, quando ele foi candidato a governador, dizendo que a milícia era uma solução para a segurança",Indio da Costa,https://lupa.uol.com.br/jornalismo/2018/10/03/debate-globo-rj,0,Lupa - UOL,lupa.uol.com.br,2018-10-03 00:00:00,False,original
"Wellington Dias fez do Piauí líder em energia eólica? Deu ao estado IDH de 0,7?","Quando Dias foi eleito governador pela primeira vez, em 2003, esse número [IDH, Índice de Desenvolvimento Humano] era de 0,4. Em 2010, ao fim do seu segundo mandato consecutivo, o IDH do Piauí ficou em 0,6",,https://lupa.uol.com.br/jornalismo/2018/08/28/wellington-dias-twitter,0,Lupa - UOL,lupa.uol.com.br,2018-08-28 00:00:00,False,original
Rio Ônibus divulga dados truncados para justificar aumento da tarifa nos coletivos,O Rio é hoje a capital que tem a maior frota de ônibus climatizados no país,,https://lupa.uol.com.br/jornalismo/2017/01/18/rio-onibus-divulga-dados-truncados-para-justificar-aumento-da-passagem,0,Lupa - UOL,lupa.uol.com.br,2017-01-18 00:00:00,False,original
"Entre acusações, erros e acertos de Doria e França no debate da Band em SP",Você [Márcio França] mandou a peça [lei] orçamentária [à Assembleia Legislativa] com corte de 27% nos recursos para a Secretaria da Agricultura [para 2019],João Doria,https://lupa.uol.com.br/jornalismo/2018/10/19/doria-franca-debate-band-sp,0,Lupa - UOL,lupa.uol.com.br,2018-10-19 00:00:00,False,original
Prefeitura SP: checamos o que os candidatos disseram no primeiro debate de 2020,"Quando fui secretário aqui em São Paulo, implementei o programa Trabalho Novo, que gerou mais de 2 mil empregos para a população de rua",Filipe Sabará,https://lupa.uol.com.br/jornalismo/2020/10/02/debate-candidatos-sao-paulo-band,0,Lupa - UOL,lupa.uol.com.br,2020-10-02 00:00:00,False,original
Erros e acertos dos candidatos ao governo de São Paulo em debate na Record,A reposição inflacionária [nos salários dos policiais] (...) ficou defasada nos últimos anos,Rodrigo Tavares,https://lupa.uol.com.br/jornalismo/2018/09/29/debate-record-sp-1-turno,0,Lupa - UOL,lupa.uol.com.br,2018-09-29 00:00:00,False,original
Governo Bolsonaro conclui menos da metade das metas dos 100 primeiros dias,Redução da tarifa do Mercosul,Governo Jair Bolsonaro,https://lupa.uol.com.br/jornalismo/2019/04/10/metas-dias-bolsonaro,0,Lupa - UOL,lupa.uol.com.br,2019-04-10 00:00:00,False,original
É falso que polícia do Amazonas prendeu cabos eleitorais de David Almeida com R$ 46 mil em espécie,Nota à imprensa Polícia Civil PC - AM acaba de realizar a prisão em flagrante de cabos eleitorais do candidato David Almeida com uma quantia de 46 mil reais fazendo compra de votos no bairro Jorge Teixeira. Os envolvidos foram encaminhando-se à delegacia para ser lavrado o flagrante e responder processo criminal na justiça por crime eleitoral,Post no Facebook,https://lupa.uol.com.br/jornalismo/2020/11/29/verificamos-cabos-david-almeida,0,Lupa - UOL,lupa.uol.com.br,2020-11-29 00:00:00,False,original
"Na CBN, Aldo Rebelo exagera ao falar sobre desemprego e agricultura","Quando [a Câmara] renovou muito [sua composição, o índice] foi 60%. Quando renovou pouco, 40%",Aldo Rebelo,https://lupa.uol.com.br/jornalismo/2018/05/31/aldo-rebelo-cbn,0,Lupa - UOL,lupa.uol.com.br,2018-05-31 00:00:00,False,original
"Desemprego, referendo de 2005 e custo de campanha: erros e acertos de Bolsonaro",Eu fui eleito com a campanha mais barata da história,Jair Bolsonaro,https://lupa.uol.com.br/jornalismo/2019/01/02/bolsonaro-posse-desemprego,0,Lupa - UOL,lupa.uol.com.br,2019-01-02 00:00:00,False,original
João Doria e a metamorfose das promessas de campanha,"As prefeituras regionais vão substituir as subprefeituras. Elas serão polos descentralizados de gestão. Ao contrário do que faz a prefeitura hoje, que centraliza, nós vamos descentralizar. Vamos dar orçamentos, bons gestores e eficiência capilarizada nos bairros de São Paulo",João Doria,https://lupa.uol.com.br/jornalismo/2017/01/17/o-antes-e-o-depois-das-propostas-de-campanha-de-joao-doria,0,Lupa - UOL,lupa.uol.com.br,2017-01-17 00:00:00,False,original
Alguns mitos e algumas verdades sobre o Dia Mundial do Refugiado,[Albert] Einstein chegou aos EUA como refugiado,,https://lupa.uol.com.br/jornalismo/2017/06/20/mitos-e-verdades-sobre-o-dia-mundial-do-refugiado,0,Lupa - UOL,lupa.uol.com.br,2017-06-20 00:00:00,False,original
"Comitê da ONU e Lula: imprecisões e verdades, no mar de opiniões ‘inchecáveis",O Brasil afirmou em manifestações no Comitê de Direitos Humanos da ONU que reconhece a competência do órgão,Cristiano Zanin,https://lupa.uol.com.br/jornalismo/2018/08/23/lula-onu-comite,0,Lupa - UOL,lupa.uol.com.br,2018-08-23 00:00:00,False,original
Natal: Carlos Alberto erra ao falar sobre desemprego e transporte público,"[Natal é] Uma cidade que tem o orçamento de R$ 3,2 bilhões (...)",Carlos Alberto (PV),https://lupa.uol.com.br/jornalismo/2020/10/26/natal-carlos-alberto-desemprego-transporte-publico,0,Lupa - UOL,lupa.uol.com.br,2020-10-26 00:00:00,False,original
Casos de hanseníase vêm caindo no Brasil? Tatu transmite a doença? Veja mitos e verdades,"Em mulheres grávidas, a hanseníase pode causar o nascimento de bebês abaixo do peso",,https://lupa.uol.com.br/jornalismo/2020/01/22/hanseniase-janeiro-roxo,0,Lupa - UOL,lupa.uol.com.br,2020-01-22 00:00:00,False,original
Rio Branco: Socorro Neri exagera dados de cobertura da atenção básica em Saúde,"E também estamos em segundo lugar no Ioeb, que é o índice que mede as oportunidades na educação para crianças e jovens da rede municipal",Socorro Neri (PSB),https://lupa.uol.com.br/jornalismo/2020/11/04/rio-branco-socorro-neri-atencao-basica-saude,0,Lupa - UOL,lupa.uol.com.br,2020-11-04 00:00:00,False,original
Jungmann: ‘80% dos presos são ladrões e pequenos traficantes’. Será?,Nós continuamos crescendo (a população carcerária) a uma ordem de 7% [ao ano],Raul Jungmann,https://lupa.uol.com.br/jornalismo/2018/05/22/jungmann-roda-viva,0,Lupa - UOL,lupa.uol.com.br,2018-05-22 00:00:00,False,original
"Erros e acertos de Doria, Leite e Virgílio durante debate das prévias do PSDB",Hoje nós temos 140 delegacias da mulher [em São Paulo],João Doria,https://lupa.uol.com.br/jornalismo/2021/10/21/doria-leite-virgilio-debate-previas-psdb,0,Lupa - UOL,lupa.uol.com.br,2021-10-21 00:00:00,False,original
Confira o gabarito o quiz ‘Adivinhe a etiqueta – Presidenciáveis,"O investimento em inteligência [em segurança pública] foi de R$ 250 [neste ano, no Rio de Janeiro]",Guilherme Boulos,https://lupa.uol.com.br/jornalismo/2018/10/06/gabarito-quiz-etiqueta-presidenciaveis,0,Lupa - UOL,lupa.uol.com.br,2018-10-06 00:00:00,False,original
Bolsonaro derrapa ao falar sobre morte de jornalista na ditadura militar,"O Ceará é um dos estados mais violentos do brasil, mais até do que o Rio de Janeiro",Jair Bolsonaro,https://lupa.uol.com.br/jornalismo/2018/07/13/bolsonaro-jornalista-ditadura,0,Lupa - UOL,lupa.uol.com.br,2018-07-13 00:00:00,False,original
Erros e acertos de Alckmin no Jornal Nacional e no Jornal das 10,O PTC não me apoia. Ele apoia outro candidato,Geraldo Alckmin,https://lupa.uol.com.br/jornalismo/2018/08/29/geraldo-alckmin-tv-globo,0,Lupa - UOL,lupa.uol.com.br,2018-08-30 00:00:00,False,original
Lupa checou ao vivo o debate da TV Globo com candidatos a prefeito de São Paulo,"Dos 20 CEUs, a prefeitura entregou um",Marta Suplicy,https://lupa.uol.com.br/jornalismo/2016/09/29/debate-tv-globo-sp,0,Lupa - UOL,lupa.uol.com.br,2016-09-29 00:00:00,False,original
"Belo Horizonte: Áurea Carolina acerta dados sobre Covid-19, violência contra a mulher e renda",Quase 60% das vítimas de estupro no Brasil têm até 13 anos,Áurea Carolina (PSOL),https://lupa.uol.com.br/jornalismo/2020/10/28/belo-horizonte-aurea-carolina-renda-familias,0,Lupa - UOL,lupa.uol.com.br,2020-10-28 00:00:00,False,original
Falso: Crivella erra ao falar de Saúde e ao defender Rodrigo Bethlem,"São 1.500 colegas meus: engenheiros, geógrafos, geólogos, arquitetos. E, hoje, quem comanda a Secretaria de Conservação não é nenhum deles",Marcelo Crivella,https://lupa.uol.com.br/jornalismo/2016/09/20/falso-crivella-erra-ao-falar-de-saude-e-ao-defender-rodrigo-bethlem,0,Lupa - UOL,lupa.uol.com.br,2016-09-20 00:00:00,False,original
Sete boatos e dois fatos sobre a reforma da previdência em redes sociais,"(...) Reforma da Previdência: homens - 65 anos, mulheres - 62 anos",Facebook,https://lupa.uol.com.br/jornalismo/2019/07/11/verificamos-previdencia-rede,0,Lupa - UOL,lupa.uol.com.br,2019-07-12 00:00:00,False,original
Verdades e mentiras sobre o julgamento da chapa Dilma-Temer no TSE,O TSE tem dois ministros novos,,https://lupa.uol.com.br/jornalismo/2017/06/06/verdades-e-mentiras-sobre-o-julgamento-de-dilma-e-temer-no-tse,0,Lupa - UOL,lupa.uol.com.br,2017-06-06 00:00:00,False,original
São verdadeiras as frases de Bolsonaro sobre incêndios no Museu Nacional e na Catedral de Notre Dame,"Quando o museu é francês: 'Em nome dos brasileiros, manifesto profundo pesar pelo terrível incêndio que assola um dos maiores símbolos da cultura e da espiritualidade cristã e ocidental, a catedral de Notre-Dame, em Paris. Neste momento sombrio, as nossas orações estão com o povo francês.",Facebook,https://lupa.uol.com.br/jornalismo/2019/04/17/verificamos-bolsonaro-museu-nacional-notre-dame,0,Lupa - UOL,lupa.uol.com.br,2019-04-17 00:00:00,False,original
Natal: Carlos Alberto erra ao falar sobre desemprego e transporte público,"No contracheque dele [empregado], vem o desconto de 6% do vale-transporte",Carlos Alberto (PV),https://lupa.uol.com.br/jornalismo/2020/10/26/natal-carlos-alberto-desemprego-transporte-publico,0,Lupa - UOL,lupa.uol.com.br,2020-10-26 00:00:00,False,original
Governo do RJ erra em propostas para mudar ICMS do etanol e salário de servidores,(...) Acumulando saldo de -513.239 postos de trabalho [de 2015] até 2017,Poder Executivo do Rio de Janeiro,https://lupa.uol.com.br/jornalismo/2019/07/18/propostas-justificativa-alerj-rj,0,Lupa - UOL,lupa.uol.com.br,2019-07-18 00:00:00,False,original
Hartung sobre a PM-ES: ‘Argumento de 7 anos sem aumento não fica de pé’. Será?,"Estamos hoje com 2.000 homens, entre a Força Nacional de Segurança, o Exército, a Marinha e a Aeronáutica, nos apoiando (no ES)",Paulo Hartung,https://lupa.uol.com.br/jornalismo/2017/02/18/hartung-salario-pm-es,0,Lupa - UOL,lupa.uol.com.br,2017-02-18 00:00:00,False,original
"Freixo erra ao falar de arrecadação, educação e manifestações",A grande maioria das escolas não tem (quadra poliesportiva),Marcelo Freixo,https://lupa.uol.com.br/jornalismo/2016/10/26/freixo-sabatina-o-globo,0,Lupa - UOL,lupa.uol.com.br,2016-10-26 00:00:00,False,original
Texto traz informações falsas sobre características do novo coronavírus,"Assim, evitar passar as mãos em corrimãos é importantíssimo",Post no Facebook,https://lupa.uol.com.br/jornalismo/2020/03/12/verificamos-informacoes-falsas-caracteristicas-novo-coronavirus,0,Lupa - UOL,lupa.uol.com.br,2020-03-12 00:00:00,False,original
Erros e acertos de sete pré-candidatos ao governo do DF em debate,"Dados do Fórum Nacional de Segurança Pública: assumimos o governo com 24,3 homicídios por 100 mil habitantes. Ano passado, fechamos com 16,3",Rodrigo Rollemberg,https://lupa.uol.com.br/jornalismo/2018/07/11/erros-acertos-debate-df,0,Lupa - UOL,lupa.uol.com.br,2018-07-11 00:00:00,False,original
"Reajuste do diesel, Previdência e Censo do IBGE: erros de Paulo Guedes no Central GloboNews",A população economicamente ativa é 106 milhões de pessoas,Paulo Guedes,https://lupa.uol.com.br/jornalismo/2019/04/20/guedes-diesel-censo,0,Lupa - UOL,lupa.uol.com.br,2019-04-20 00:00:00,False,original
Marina Silva exagera ao dizer que países usam plebiscitos para legalizar aborto,[O Brasil tem] uma população carcerária de mais de 700 mil pessoas,Marina Silva,https://lupa.uol.com.br/jornalismo/2018/08/01/marina-silva-globonews,0,Lupa - UOL,lupa.uol.com.br,2018-08-01 00:00:00,False,original
"Homofobia, salário de mulheres e inadimplência: os erros de Bolsonaro em sabatina","Eu fui citado senhor pelo Alberto Youssef, por ocasião de sua delação premiada, [como] um dos três deputados que não foi pegar dinheiro na Petrobras",Jair Bolsonaro,https://lupa.uol.com.br/jornalismo/2018/08/04/bolsonaro-sabatina-globonews,0,Lupa - UOL,lupa.uol.com.br,2018-08-04 00:00:00,False,original
"Porto Velho: Breno Mendes, Lindomar Garçon e Williames Pimentel erram dados",Hoje nós temos apenas 78 equipes de saúde da família que cobrem 52% de Porto Velho,Lindomar Garçon (Republicanos),https://lupa.uol.com.br/jornalismo/2020/11/05/porto-velho-breno-mendes-lindomar-garcon-williames-pimentel,0,Lupa - UOL,lupa.uol.com.br,2020-11-05 00:00:00,False,original
"Alvaro Dias gasta R$ 365 mil do Senado, mas nega recebimento de verba",Um dólar investido na educação infantil significa um retorno de US$ 6 a US$ 7,Alvaro Dias,https://lupa.uol.com.br/jornalismo/2018/06/06/alvaro-dias-roda-viva,0,Lupa - UOL,lupa.uol.com.br,2018-06-06 00:00:00,False,original
Governo Bolsonaro conclui menos da metade das metas dos 100 primeiros dias,Apresentação de um Plano Nacional para combater o lixo no Mar,Governo Jair Bolsonaro,https://lupa.uol.com.br/jornalismo/2019/04/10/metas-dias-bolsonaro,0,Lupa - UOL,lupa.uol.com.br,2019-04-10 00:00:00,False,original
Erros e acertos dos candidatos ao governo de São Paulo em debate na Record,"Você, aliás, (...) [foi] coordenador de campanha do Garotinho, que agora foi cassado",João Doria,https://lupa.uol.com.br/jornalismo/2018/09/29/debate-record-sp-1-turno,0,Lupa - UOL,lupa.uol.com.br,2018-09-29 00:00:00,False,original
Prefeitura SP: Checamos o que candidatos falaram no último debate antes do 1º turno,[Bolsonaro] comemorou a suspensão das pesquisas de vacinas contra a Covid,Orlando Silva (PCdoB),https://lupa.uol.com.br/jornalismo/2020/11/13/debate-tv-cultura-12-11,0,Lupa - UOL,lupa.uol.com.br,2020-11-13 00:00:00,False,original
"Damares erra sobre militância contra aborto, ataques de Bolsonaro a jornalista e orçamento do ministério",A gravidez precoce no Brasil tem caído entre 15 e 19 anos,Damares Alves,https://lupa.uol.com.br/jornalismo/2020/03/11/damares-poder-em-foco,0,Lupa - UOL,lupa.uol.com.br,2020-03-11 00:00:00,False,original
Debate entre presidenciáveis na TV Aparecida: checamos em tempo real,O investimento em inteligência [em segurança pública] foi R$ 250 reais [neste ano no Rio de Janeiro],Guilherme Boulos,https://lupa.uol.com.br/jornalismo/2018/09/20/debate-tv-aparecida,0,Lupa - UOL,lupa.uol.com.br,2018-09-20 00:00:00,False,original
O que é fato e o que é boato em torno do pedido de soltura de Lula,Favreto trabalhou com Tarso Genro,,https://lupa.uol.com.br/jornalismo/2018/8/7/fato-boato-soltura-lula,0,Lupa - UOL,lupa.uol.com.br,2018-07-08 00:00:00,False,original
Prefeitura SP: checamos o que os candidatos disseram no primeiro debate de 2020,No segundo turno ganhamos a eleição aqui na Capital com quase 1 milhão de votos de diferença,Márcio França,https://lupa.uol.com.br/jornalismo/2020/10/02/debate-candidatos-sao-paulo-band,0,Lupa - UOL,lupa.uol.com.br,2020-10-02 00:00:00,False,original
"Mitos e verdades sobre novo surto de sarampo, doença ‘altamente contagiosa",O sarampo estava extinto no Brasil,,https://lupa.uol.com.br/jornalismo/2018/07/04/mitos-e-verdades-sarampo,0,Lupa - UOL,lupa.uol.com.br,2018-07-04 00:00:00,False,original
Candidatos de Curitiba exageram sobre gestão da pandemia em sabatinas Folha/UOL,[Curitiba tem] mais de 400 ocupações irregulares,"Goura Nataraj (PDT), candidato a prefeito de Curitiba",https://lupa.uol.com.br/jornalismo/2020/10/22/eleicoes-sabatina-folha-curitiba,0,Lupa - UOL,lupa.uol.com.br,2020-10-22 00:00:00,False,original
"Nas redes sociais, candidatos de SP erram sobre saúde e desemprego","Sou o único candidato que mora na periferia. Pra mim, as pessoas que moram na periferia não são só um número, uma estatística. Eles são meus vizinhos. E vão ser prioridade no meu governo",Guilherme Boulos (PSOL),https://lupa.uol.com.br/jornalismo/2020/11/13/redes-sociais-candidatos-de-sp,0,Lupa - UOL,lupa.uol.com.br,2020-11-13 00:00:00,False,original
Doria omite greves de professores quando era prefeito e erra dados sobre segurança em SP,"[Em São Paulo], temos as menores taxas de homicídios de negros, jovens, mulheres",João Doria,https://lupa.uol.com.br/jornalismo/2019/01/25/doria-davos-artigo,0,Lupa - UOL,lupa.uol.com.br,2019-01-25 00:00:00,False,original
Debate entre candidatos ao governo de SP na TV Globo: checamos em tempo real,No Brasil mata-se mais a população negra,Marcelo Cândido,https://lupa.uol.com.br/jornalismo/2018/10/02/debate-sp-tv-globo,0,Lupa - UOL,lupa.uol.com.br,2018-10-02 00:00:00,False,original
"Merenda em SP, Pronatec e PP gaúcho: erros de Ana Amélia na Globonews","[No Rio Grande do Sul, o PP] É o maior partido em número de prefeitos",Ana Amélia,https://lupa.uol.com.br/jornalismo/2018/09/05/ana-amelia-globonews,0,Lupa - UOL,lupa.uol.com.br,2018-09-05 00:00:00,False,original
Debate entre candidatos ao governo de SP na TV Globo: checamos em tempo real,"Em 14 anos, implantou cobrança no SESI, que era gratuito antes dele [Skaf]",Luiz Marinho,https://lupa.uol.com.br/jornalismo/2018/10/02/debate-sp-tv-globo,0,Lupa - UOL,lupa.uol.com.br,2018-10-02 00:00:00,False,original
Pedro Paulo exagera no número de viagens em ônibus climatizados no Rio,"Nos anos iniciais (do Ideb), nós avançamos e temos o melhor desempenho desde que o índice foi criado, em 2005",Pedro Paulo,https://lupa.uol.com.br/jornalismo/2016/09/22/pedro-paulo-exagera-no-numero-de-viagens-de-onibus-climatizados-no-rio,0,Lupa - UOL,lupa.uol.com.br,2016-09-22 00:00:00,False,original
"Sabatina Folha, UOL e SBT: Ciro Gomes erra sobre segurança, saúde e educação","O FHC [...] pegou [o Brasil] com 27% [de carga tributária] e entregou com 32,5%",Ciro Gomes,https://lupa.uol.com.br/jornalismo/2018/09/03/sabatina-folha-uol-sbt-ciro-gomes,0,Lupa - UOL,lupa.uol.com.br,2018-09-03 00:00:00,False,original
Álcool tira efeito do anticoncepcional? Dá ruim com antialérgico? Veja mitos e verdades sobre beber no Carnaval,Demora horas para o álcool sair completamente do organismo,,https://lupa.uol.com.br/jornalismo/2020/02/22/alcool-carnaval-anticoncepcional,0,Lupa - UOL,lupa.uol.com.br,2020-02-22 00:00:00,False,original
"Erros e acertos de Doria, Leite e Virgílio durante debate das prévias do PSDB",40% do que se emite de gás carbônico no Brasil tem correlação com o desmatamento,Eduardo Leite,https://lupa.uol.com.br/jornalismo/2021/10/21/doria-leite-virgilio-debate-previas-psdb,0,Lupa - UOL,lupa.uol.com.br,2021-10-21 00:00:00,False,original
Governo do RJ erra em propostas para mudar ICMS do etanol e salário de servidores,"Como o art. 10 da lei Estadual n° 1.115/1987 já previa, o Reitor e os vice-reitores são nomeados pelo Governador do Estado a partir de lista tríplice encaminhada pela universidade resultante da eleição direta realizada nos termos da lei",Poder Executivo do Rio de Janeiro,https://lupa.uol.com.br/jornalismo/2019/07/18/propostas-justificativa-alerj-rj,0,Lupa - UOL,lupa.uol.com.br,2019-07-18 00:00:00,False,original
É falso que quem consegue prender a respiração por mais de 10 segundos não está infectado pelo novo coronavírus,O novo CORONA VÍRUS pode não mostrar sinais de infecção por muitos dias,Post no Facebook,https://lupa.uol.com.br/jornalismo/2020/03/16/verificamos-prender-respiracao-10-segundos-novo-coronavirus,0,Lupa - UOL,lupa.uol.com.br,2020-03-16 00:00:00,False,original
Cuba deixa o Mais Médicos: erros e acertos no que se fala sobre o programa,Eles [cubanos no Mais Médicos] estão em 2.885 municípios do país,Manuela D’Ávila,https://lupa.uol.com.br/jornalismo/2018/11/14/cuba-mais-medicos-erros-acertos,0,Lupa - UOL,lupa.uol.com.br,2018-11-14 00:00:00,False,original
Que ministros têm processos na Comissão de Ética da Presidência?,Gilberto Kassab sofre duas investigações oficiais (na CEP) por conta da Lava Jato,,https://lupa.uol.com.br/jornalismo/2017/07/06/como-a-comissao-de-etica-da-presidencia-pune-autoridades-geddel-kassab-e-palocci-tem-outros-processos,0,Lupa - UOL,lupa.uol.com.br,2017-07-06 00:00:00,False,original
Confira o gabarito o quiz ‘Adivinhe a etiqueta – Presidenciáveis,Teto de gastos [foi] aprovado (…) com apoio do PSDB,Fernando Haddad,https://lupa.uol.com.br/jornalismo/2018/10/06/gabarito-quiz-etiqueta-presidenciaveis,0,Lupa - UOL,lupa.uol.com.br,2018-10-06 00:00:00,False,original
As inconsistências que marcaram a defesa de Michel Temer,"[Conheci] Quando ele [Rocha Loures] era deputado, portanto, há uns dez anos",Michel Temer,https://lupa.uol.com.br/jornalismo/2017/05/23/defesa-temer,0,Lupa - UOL,lupa.uol.com.br,2017-05-23 00:00:00,False,original
"Na TV, Bolsonaro erra sobre combustíveis, reserva indígena e referendo de 2005","Por ocasião do referendo de 2005, o povo decidiu pela compra (...) de armas e munições",Jair Bolsonaro,https://lupa.uol.com.br/jornalismo/2019/05/03/bolsonaro-combustiveis-indigena,0,Lupa - UOL,lupa.uol.com.br,2019-05-03 00:00:00,False,original
"Na Câmara, ministro da Educação erra sobre pesquisa científica e vagas em creches | Agência Lupa",O que que a gente vê no ensino médio? Ele não está universalizado,Abraham Weintraub,https://piaui.folha.uol.com.br/lupa/2019/05/17/camara-weintraub-educacao/,0,Revista Piauí,piaui.folha.uol.com.br,2019-05-17 15:39:28,False,original
#DebateBand: checamos em tempo real o 1º debate presidencial de 2018,"[No setor privado] R$ 1.391 é a média do valor da aposentadoria. No [setor] público, chega a R$ 28 mil de média na Câmara dos Deputados",Geraldo Alckmin,https://lupa.uol.com.br/jornalismo/2018/08/09/debate-band-tempo-real-2018,0,Lupa - UOL,lupa.uol.com.br,2018-08-10 00:00:00,False,original
Vitória: Lorenzo Pazolini erra ao falar sobre segurança pública,Hoje Vitória tem 20 homicídios por 100 mil habitantes,Lorenzo Pazolini (Republicanos),https://lupa.uol.com.br/jornalismo/2020/10/30/vitoria-lorenzo-pazolini-seguranca-publica,0,Lupa - UOL,lupa.uol.com.br,2020-10-30 00:00:00,False,original
"Educação: em sabatina de ONG, erros e acertos de Ciro, Marina, Alckmin e Haddad",[O Fundeb] Não está [sujeito à PEC do Teto dos Gastos Públicos],Marina Silva,https://lupa.uol.com.br/jornalismo/2018/08/23/educacao-presidenciaveis-ong,0,Lupa - UOL,lupa.uol.com.br,2018-08-23 00:00:00,False,original
Maceió: Alfredo Gaspar se contradiz ao realizar eventos após anunciar cancelamento,Foi assim [prestigiando o funcionalismo público] que fiz no MP implantando o PCCS,Alfredo Gaspar de Mendonça (MDB),https://lupa.uol.com.br/jornalismo/2020/11/04/maceio-alfredo-gaspar-cancelamento-eventos,0,Lupa - UOL,lupa.uol.com.br,2020-11-04 00:00:00,False,original
Erros e acertos de Rodrigo Maia e Paulo Guedes sobre a Previdência,(...) E 46 milhões [de brasileiros] não contribuem [para a previdência social],Paulo Guedes,https://lupa.uol.com.br/jornalismo/2019/02/06/maia-guedes-previdencia,0,Lupa - UOL,lupa.uol.com.br,2019-02-06 00:00:00,False,original
Prefeitura SP: Checamos o que candidatos falaram no último debate antes do 1º turno,"No governo do Haddad, ele fez 35 redes Hora Certa",Jilmar Tatto (PT),https://lupa.uol.com.br/jornalismo/2020/11/13/debate-tv-cultura-12-11,0,Lupa - UOL,lupa.uol.com.br,2020-11-13 00:00:00,False,original
"Debate da Band no RJ: Witzel se contradiz sobre Marielle, e Paes, sobre Lula",É você que financia os filhos [de Jorge Picciani]. Rafael Picciani foi seu secretário,Wilson Witzel,https://lupa.uol.com.br/jornalismo/2018/10/19/debate-band-rj-witzel-paes,0,Lupa - UOL,lupa.uol.com.br,2018-10-19 00:00:00,False,original
Recife: Delegada Patrícia subestima o número de bairros sem creche,"Enquanto a população sofria com o coronavírus, a Polícia Federal fez sete operações na gestão do PSB por suspeita de desvio [de verba]",Delegada Patrícia (Podemos),https://lupa.uol.com.br/jornalismo/2020/11/05/recife-delegada-patricia-creche,0,Lupa - UOL,lupa.uol.com.br,2020-11-05 00:00:00,False,original
"Vacina, contaminação e surto em SP: veja mitos e verdades sobre sarampo",A vacina contra o sarampo deve ser tomada em duas doses,,https://lupa.uol.com.br/jornalismo/2019/07/24/vacina-contaminacao-sarampo,0,Lupa - UOL,lupa.uol.com.br,2019-07-24 00:00:00,False,original
Erros e acertos de Guilherme Boulos ao falar sobre moradia e segurança pública,O Datafolha apresentou que mais de um terço da população brasileira não sabe em quem vai votar,Guilherme Boulos,https://lupa.uol.com.br/jornalismo/2018/07/04/boulos-metropoles-istoe-rede-tv,0,Lupa - UOL,lupa.uol.com.br,2018-07-04 00:00:00,False,original
"Eleições 2022: erros e acertos de Ciro, Mandetta e Vieira em debate da terceira via na GloboNews",Votei a favor [do fim das coligações nas eleições proporcionais],Luiz Henrique Mandetta (DEM),https://lupa.uol.com.br/jornalismo/2021/09/28/eleicoes-2022-ciro-mandetta-vieira-debate-terceira-via-globonews,0,Lupa - UOL,lupa.uol.com.br,2021-09-28 00:00:00,False,original
É falso que Rogério Galloro investigou atentado a Bolsonaro em 2018,"(...) e ""[Rogério Galloro] ganhou um cargo da Rosa Weber dentro do TSE",Post no Facebook,https://lupa.uol.com.br/jornalismo/2021/08/13/verificamos-rogerio-pf-adelio,0,Lupa - UOL,lupa.uol.com.br,2021-08-13 00:00:00,False,original
"Em entrevista, Mandetta erra ao falar dados sobre o Programa Mais Médicos","(...) [Passamos] para mais de 300, 320 [cursos de medicina atualmente]",Luiz Henrique Mandetta,https://lupa.uol.com.br/jornalismo/2019/12/04/mandetta-mais-medicos-entrevista,0,Lupa - UOL,lupa.uol.com.br,2019-12-04 00:00:00,False,original
Orlando Silva exagera ao falar sobre a pandemia em SP na sabatina Folha,(...) Caiu o número de pessoas vacinadas [em São Paulo],Orlando Silva (PCdoB),https://piaui.folha.uol.com.br/lupa/2020/10/22/orlando-silva-sabatina-folha-uol/,0,Revista Piauí,piaui.folha.uol.com.br,2020-10-22 16:52:23,False,original
"Sabatina Folha, UOL e SBT: Ciro Gomes erra sobre segurança, saúde e educação",[O governo federal] Prometeram congelar (...) o preço do diesel (...) e aumentaram 13%,Ciro Gomes,https://lupa.uol.com.br/jornalismo/2018/09/03/sabatina-folha-uol-sbt-ciro-gomes,0,Lupa - UOL,lupa.uol.com.br,2018-09-03 00:00:00,False,original
João Pessoa: Cícero Lucena erra informações sobre saúde da mulher,[Durante a pandemia] os profissionais de saúde do PSF [Programa Saúde da Família] (…) nem tiveram gratificação que outros setores tiveram,Cícero Lucena (PP),https://lupa.uol.com.br/jornalismo/2020/11/12/joao-pessoa-cicero-lucena-saude-mulher,0,Lupa - UOL,lupa.uol.com.br,2020-11-12 00:00:00,False,original
Manuela D’Ávila erra sobre mortalidade infantil e desemprego entre mulheres,Várias foram as vezes [em que] nós dissemos (...) que eu não seria óbice para unidade do nosso campo [de esquerda],Manuela D'Ávila,https://lupa.uol.com.br/jornalismo/2018/08/15/manuela-vice-erros,0,Lupa - UOL,lupa.uol.com.br,2018-08-15 00:00:00,False,original
"Belo Horizonte: em sabatinas, candidatos erram sobre pandemia e educação",Nós tivemos redução do quadro de horários da circulação de ônibus [durante a pandemia],Áurea Carolina (PSOL),https://lupa.uol.com.br/jornalismo/2020/10/13/belo-horizonte-sabatinas,0,Lupa - UOL,lupa.uol.com.br,2020-10-13 00:00:00,False,original
Falso: Pedro Paulo nega ter mudado versão sobre suposta agressão à ex-mulher,Sete horas é horário integral [nas escolas],Pedro Paulo,https://lupa.uol.com.br/jornalismo/2016/09/15/falso-pedro-paulo-nega-ter-mudado-versao-sobre-suposta-agressao-a-ex-mulher,0,Lupa - UOL,lupa.uol.com.br,2016-09-15 00:00:00,False,original
Doria erra dados sobre compras da PM e recolhimento de apostilas em escolas | Agência Lupa,"Colocamos (...) 1,5 mil novos automóveis [para a polícia], já estão nas ruas",João Doria,https://piaui.folha.uol.com.br/lupa/2019/10/05/doria-central-globonews/,0,Revista Piauí,piaui.folha.uol.com.br,2019-10-05 00:00:00,False,original
Mandetta cita dados incorretos sobre vacinas e testagem em massa na CPI da Covid,Naquele mesmo mês [dezembro de 2019] nós entregamos a renovação da frota Samu com 40% de ambulâncias novas,"Luiz Henrique Mandetta, ex-ministro da Saúde",https://lupa.uol.com.br/jornalismo/2021/05/05/mandetta-vacinas-testagem-cpi-da-covid,0,Lupa - UOL,lupa.uol.com.br,2021-05-05 00:00:00,False,original
Prefeitura SP: checamos o que candidatos disseram no debate Folha/UOL,"A cidade tinha quatro UPAs, inauguramos dez (...)",Bruno Covas (PSDB),https://lupa.uol.com.br/jornalismo/2020/11/11/prefeitura-sp-debate-folha-uol,0,Lupa - UOL,lupa.uol.com.br,2020-11-11 00:00:00,False,original
Salvador: Major Denice erra ao falar sobre aumentos no IPTU,Salvador é uma das capitais com a maior taxa de desemprego no país,Major Denice (PT),https://lupa.uol.com.br/jornalismo/2020/11/11/salvador-major-denice-iptu,0,Lupa - UOL,lupa.uol.com.br,2020-11-11 00:00:00,False,original
"Recife: Candidatos erram ao falar de saúde, habitação e mobilidade em sabatinas Folha/UOL",A gente tem um déficit habitacional de 75 mil casas,João Campos (PSB),https://lupa.uol.com.br/jornalismo/2020/10/17/recife-saude-habitacao-mobilidade,0,Lupa - UOL,lupa.uol.com.br,2020-10-17 00:00:00,False,original
Governo de SP: Seis verdades ‘inconvenientes’ para Doria e França,"[Doria] Prometeu [ficar na prefeitura até o fim do mandato] e não cumpriu, ao sair da prefeitura de São Paulo",Marcelo Cândido,https://lupa.uol.com.br/jornalismo/2018/10/24/sp-seis-verdades-doria-franca,0,Lupa - UOL,lupa.uol.com.br,2018-10-24 00:00:00,False,original
Precisamos falar sobre suicídio: 4 mitos e 2 verdades sobre o tema em redes sociais,As pessoas dão sinais quando pensam em cometer suicídio,,https://lupa.uol.com.br/jornalismo/2019/09/17/suicidio-mitos-verdades-sobre-tema,0,Lupa - UOL,lupa.uol.com.br,2019-09-17 00:00:00,False,original
"Belo Horizonte: em sabatinas, candidatos erram sobre pandemia e educação","[Antes da pandemia, Belo Horizonte apresentava] Alta no desemprego",Áurea Carolina (PSOL),https://lupa.uol.com.br/jornalismo/2020/10/13/belo-horizonte-sabatinas,0,Lupa - UOL,lupa.uol.com.br,2020-10-13 00:00:00,False,original
Erros e acertos de Alckmin no Jornal Nacional e no Jornal das 10,"Se você pegar o dinheiro do MEC [Ministério da Educação], o dinheiro federal, só 30% é para a educação básica",Geraldo Alckmin,https://lupa.uol.com.br/jornalismo/2018/08/29/geraldo-alckmin-tv-globo,0,Lupa - UOL,lupa.uol.com.br,2018-08-30 00:00:00,False,original
Recife: Delegada Patrícia subestima o número de bairros sem creche,"Em Pernambuco, quase 50% dos trabalhadores desempenham trabalhos informais",Delegada Patrícia (Podemos),https://lupa.uol.com.br/jornalismo/2020/11/05/recife-delegada-patricia-creche,0,Lupa - UOL,lupa.uol.com.br,2020-11-05 00:00:00,False,original
"O discurso de Michel Temer, um ano depois",Eu quero também remover (...) a incerteza introduzida pela inflação dos últimos anos,Michel Temer,https://lupa.uol.com.br/jornalismo/2017/05/12/1-ano-de-temer,0,Lupa - UOL,lupa.uol.com.br,2017-05-12 00:00:00,False,original
Salles erra ao dizer que seca causou aumento de queimadas na Amazônia,"O Ministério do Meio Ambiente, em especial, não foi sequer do grupo de ministérios que sofreu mais com os cortes",Ricardo Salles,https://lupa.uol.com.br/jornalismo/2019/08/28/salles-seca-queimadas-amazonia,0,Lupa - UOL,lupa.uol.com.br,2019-08-28 00:00:00,False,original
Molon exagera gastos de propaganda da Prefeitura do Rio no ano passado,O asfalto no Elevado no Joá durou 10 dias,Alessandro Molon,https://lupa.uol.com.br/jornalismo/2016/09/21/molon-exagera-gastos-de-publicidade-da-prefeitura-do-rio-em-2015,0,Lupa - UOL,lupa.uol.com.br,2016-09-21 00:00:00,False,original
"Em sabatina Folha/UOL, Renata Souza erra comparações com outras candidaturas",75% do eleitorado não conhece a nossa candidatura,Renata Souza,https://lupa.uol.com.br/jornalismo/2020/10/28/sabatina-rio-renata-2020,0,Lupa - UOL,lupa.uol.com.br,2020-10-28 00:00:00,False,original
Debate entre presidenciáveis na TV Globo: checamos em tempo real,[A reforma trabalhista permitiu] Mulher grávida (...) trabalhar em local insalubre,Marina Silva,https://lupa.uol.com.br/jornalismo/2018/10/04/debate-globo,0,Lupa - UOL,lupa.uol.com.br,2018-10-04 00:00:00,False,original
"Contraditório: Henrique Áreas, do PCO, diz que não faz promessas, mas faz","O PCO tem um jornal já bem antigo, a gente divulga (nossos ideais), já tem há quase 40 anos"" (...) O jornal é vendido. Não é distribuído gratuitamente",Henrique Áreas,https://lupa.uol.com.br/jornalismo/2016/08/30/henrique-areas-pco-na-cbn,0,Lupa - UOL,lupa.uol.com.br,2016-08-30 00:00:00,False,original
Curitiba: Greca deixa promessas pendentes e aposta em 2º mandato,"Criar uma tarifa diferenciada, em horários alternativos - diminuindo a sobrecarga nos horários de alto fluxo",Rafael Greca (programa de governo),https://lupa.uol.com.br/jornalismo/2020/10/06/greca-programa-governo,0,Lupa - UOL,lupa.uol.com.br,2020-10-06 00:00:00,False,original
Curitiba: Greca deixa promessas pendentes e aposta em 2º mandato,Criar o Centro de Especialidade de Curitiba e aperfeiçoar a Rede de Assistência em Saúde Mental com a criação de unidade de estabilização para pacientes em crise,Rafael Greca (programa de governo),https://lupa.uol.com.br/jornalismo/2020/10/06/greca-programa-governo,0,Lupa - UOL,lupa.uol.com.br,2020-10-06 00:00:00,False,original
Falas de Bolsonaro e segurança: acertos e erros do presidente da OAB no Roda Viva,"Nós temos 726 mil presos [no Brasil], por dados de 2016",Felipe Santa Cruz,https://lupa.uol.com.br/jornalismo/2019/08/08/oab-presidente-bolsonaro,0,Lupa - UOL,lupa.uol.com.br,2019-08-08 00:00:00,False,original
Médico usa informações falsas para dizer que gripe é mais mortal que Covid-19,O SARS-CoV-2 [...] causa 85% das formas benignas,Post do Instagram,https://lupa.uol.com.br/jornalismo/2020/09/29/verificamos-gripe-mortal-covid,0,Lupa - UOL,lupa.uol.com.br,2020-09-29 00:00:00,False,original
Recife: Marília Arraes erra número de postos de saúde na cidade,Hoje somente 46% dos recursos do orçamento da saúde são direcionados para a atenção básica,Marília Arraes (PT),https://lupa.uol.com.br/jornalismo/2020/11/11/recife-marilia-arraes-postos-saude,0,Lupa - UOL,lupa.uol.com.br,2020-11-11 00:00:00,False,original
É montagem outdoor com críticas a Lula ou Bolsonaro em Londrina (PR),"Aqui esse bandido é reconhecido como ""o traidor da pátria"". Fora… maldito!",Facebook,https://lupa.uol.com.br/jornalismo/2022/02/08/outdoor-criticas-lula-bolsonaro-londrina,0,Lupa - UOL,lupa.uol.com.br,2022-02-08 00:00:00,False,original
Salles erra ao dizer que seca causou aumento de queimadas na Amazônia,"Foram imputados ao mês de junho de 2019, (...) 3,5 mil alertas de desmatamento",Ricardo Salles,https://lupa.uol.com.br/jornalismo/2019/08/28/salles-seca-queimadas-amazonia,0,Lupa - UOL,lupa.uol.com.br,2019-08-28 00:00:00,False,original
Crivella toma posse usando dados equivocados sobre eleição e PIB,Reduzimos para 12 o número de secretarias e à metade o número de cargos de comissão,Marcelo Crivella,https://lupa.uol.com.br/jornalismo/2017/01/03/crivella-posse,0,Lupa - UOL,lupa.uol.com.br,2017-01-03 00:00:00,False,original
"Em fim de campanha, Bolsonaro e Haddad ainda erram sobre adversários, segurança e economia","Para nós, coube apenas R$ 3 milhões, e eu não usei a parte desse fundo partidário",Jair Bolsonaro,https://lupa.uol.com.br/jornalismo/2018/10/25/fim-campanha-bolsonaro-haddad,0,Lupa - UOL,lupa.uol.com.br,2018-10-25 00:00:00,False,original
"Belo Horizonte: em sabatinas, candidatos erram sobre pandemia e educação","Foi prometido [pela prefeitura] que nós teríamos uma estrutura, com hospitais de campanha, mas os únicos hospitais de campanha que surgiram em Belo Horizonte foram do governo do estado e do terceiro setor",Bruno Engler (PRTB),https://lupa.uol.com.br/jornalismo/2020/10/13/belo-horizonte-sabatinas,0,Lupa - UOL,lupa.uol.com.br,2020-10-13 00:00:00,False,original
Erros e acertos de Ciro Gomes no Jornal Nacional e no Jornal das 10,13 mil indústrias fechadas no Brasil,Ciro Gomes,https://lupa.uol.com.br/jornalismo/2018/28/8/ciro-gomes-tv-globo,0,Lupa - UOL,lupa.uol.com.br,2018-08-28 00:00:00,False,original
"Nas redes sociais, Auxílio Brasil gera dúvidas sobre valor e quem pode receber o benefício","TODAS as famílias atendidas pelo Bolsa Família serão incluídas AUTOMATICAMENTE no Auxílio Brasil, sem a exigência de recadastramento",,https://lupa.uol.com.br/jornalismo/2021/11/12/auxilio-brasil-duvidas,0,Lupa - UOL,lupa.uol.com.br,2021-11-12 00:00:00,False,original
"Em entrevista, Afif Domingos exagera ao falar de micro e pequenas empresas",Onde está o maior índice de desemprego? Entre os jovens,Guilherme Afif Domingos,https://lupa.uol.com.br/jornalismo/2018/07/16/afif-domingos-empresas,0,Lupa - UOL,lupa.uol.com.br,2018-07-16 00:00:00,False,original
Álcool tira efeito do anticoncepcional? Dá ruim com antialérgico? Veja mitos e verdades sobre beber no Carnaval,Misturar álcool e antialérgico causa efeitos colaterais,,https://lupa.uol.com.br/jornalismo/2020/02/22/alcool-carnaval-anticoncepcional,0,Lupa - UOL,lupa.uol.com.br,2020-02-22 00:00:00,False,original
Antônio Carlos (PCO) erra ao falar da esquerda e de seu próprio partido,"6,3 mil mortes [por intervenção policial no ano passado] [...]. 40% desses casos estão em São Paulo e no Rio de Janeiro",Antônio Carlos Silva (PCO),https://lupa.uol.com.br/jornalismo/2020/10/19/antonio-carlos-pco-esquerda-partido,0,Lupa - UOL,lupa.uol.com.br,2020-10-19 00:00:00,False,original
"Em visita a Netanyahu, Bolsonaro erra ao comentar relações comerciais do Brasil com Israel","[A participação do primeiro-ministro de Israel, Benjamin Netanyahu, na minha cerimônia de posse] Foi a primeira visita de um chefe de governo israelense ao meu país",Jair Bolsonaro,https://lupa.uol.com.br/jornalismo/2019/04/02/bolsonaro-israel,0,Lupa - UOL,lupa.uol.com.br,2019-04-02 00:00:00,False,original
Prefeitura SP: Checamos o que candidatos falaram no último debate antes do 1º turno,Os servidores públicos [da Prefeitura de São Paulo] tiveram aumento de alíquota de contribuição,Márcio França (PSB),https://lupa.uol.com.br/jornalismo/2020/11/13/debate-tv-cultura-12-11,0,Lupa - UOL,lupa.uol.com.br,2020-11-13 00:00:00,False,original
"Em Davos, Bolsonaro erra ao falar sobre florestas e preservação do meio ambiente",Não estamos entre os 40 destinos turísticos mais visitados do mundo,Jair Bolsonaro,https://lupa.uol.com.br/jornalismo/2019/01/22/davos-bolsonaro-meio-ambiente,0,Lupa - UOL,lupa.uol.com.br,2019-01-22 00:00:00,False,original
Erros e acertos de Fernando Haddad no Jornal Nacional,Tasso Jereissati falou: ‘nós cometemos três erros: (...) questionamos o resultado eleitoral (...). Aprovamos uma pauta em que nós não acreditávamos para prejudicar o PT (...). Embarcamos no governo Temer,Fernando Haddad,https://lupa.uol.com.br/jornalismo/2018/09/14/haddad-jornal-nacional,0,Lupa - UOL,lupa.uol.com.br,2018-09-15 00:00:00,False,original
Lula usa dados falsos sobre voto de Fachin e erra sobre variante de Manaus,Porque teve momentos que teve vacina [contra a Covid-19] que a gente sequer aceitou. A própria Pfizer tentou oferecer vacina e a gente não quis,"Luiz Inácio Lula da Silva (PT), ex-presidente da República",https://lupa.uol.com.br/jornalismo/2021/03/11/lula-coletiva-stf-folha,0,Lupa - UOL,lupa.uol.com.br,2021-03-11 00:00:00,False,original
Saneamento básico: Amoêdo e Freixo debatem tema com erros e acertos em rede social,"Como se sabe, o gasto com saneamento é discricionário (não obrigatório)",João Amoêdo,https://lupa.uol.com.br/jornalismo/2019/06/04/saneamento-basico-rede,0,Lupa - UOL,lupa.uol.com.br,2019-06-04 00:00:00,False,original
Casos de hanseníase vêm caindo no Brasil? Tatu transmite a doença? Veja mitos e verdades,"Os serviços de saúde devem propiciar tratamento gratuito aos doentes. É importante fazer o tratamento, já que só transmite a hanseníase quem não toma a medicação",,https://lupa.uol.com.br/jornalismo/2020/01/22/hanseniase-janeiro-roxo,0,Lupa - UOL,lupa.uol.com.br,2020-01-22 00:00:00,False,original
Porto Alegre: Marchezan não cumpre promessas para terceira idade e transporte,Desburocratização: (...) Agilidade para avaliação de licenças e realização de vistorias.,Nelson Marchezan Júnior (plano de governo),https://lupa.uol.com.br/jornalismo/2020/10/13/porto-alegre-marchezan-promessas,0,Lupa - UOL,lupa.uol.com.br,2020-10-13 00:00:00,False,original
"Em sabatina, Alckmin muda de opinião sobre privatização da Petrobras","Eu, que perdi as eleições de 2006 para o Lula, tive 40 milhões de votos, praticamente",Geraldo Alckmin,https://lupa.uol.com.br/jornalismo/2018/06/27/alckmin-sabatina-metropoles,0,Lupa - UOL,lupa.uol.com.br,2018-06-27 00:00:00,False,original
"Em xeque, diagnóstico de país produzido pelo governo Michel Temer",(A ferrovia Transnordestina) ... teve apenas 55% de execução até 2015,,https://lupa.uol.com.br/jornalismo/2016/10/06/diagnostico-do-governo-temer-em-xeque,0,Lupa - UOL,lupa.uol.com.br,2016-10-06 00:00:00,False,original
Porto Alegre: Manuela subestima número de beneficiários do Auxílio Emergencial,Estudo de auditores da cidade mostra que existem R$ 100 milhões [em IPTU] para nós buscarmos de (...) imóveis de luxo da cidade,Manuela D’Ávila (PCdoB),https://lupa.uol.com.br/jornalismo/2020/11/04/porto-alegre-manuela-auxilio-emergencial,0,Lupa - UOL,lupa.uol.com.br,2020-11-04 00:00:00,False,original
Doria erra dados sobre compras da PM e recolhimento de apostilas em escolas | Agência Lupa,[São Paulo representa] 32% da economia brasileira,João Doria,https://piaui.folha.uol.com.br/lupa/2019/10/05/doria-central-globonews/,0,Revista Piauí,piaui.folha.uol.com.br,2019-10-05 00:00:00,False,original
"SUS, CLT e fronteira com produtores de drogas: exageros de Alckmin no Roda Viva","É justo [para] quem trabalha na agricultura, nos serviços, na televisão, no comércio, na indústria a aposentadoria ser em media 1.391 reais e (...) no legislativo federal ser 26 mil reais?",Geraldo Alckmin,https://lupa.uol.com.br/jornalismo/2018/07/26/alckmin-roda-viva,0,Lupa - UOL,lupa.uol.com.br,2018-07-26 00:00:00,False,original
Bolsonaro e índios: os erros do presidente eleito ao falar sobre Funai e reservas,Temos [no Brasil] uma área maior do que a região Sudeste demarcada como terra indígena,Jair Bolsonaro,https://lupa.uol.com.br/jornalismo/2018/12/20/bolsonaro-indios,0,Lupa - UOL,lupa.uol.com.br,2018-12-20 00:00:00,False,original
Contas de prefeitura do PSOL e crise do Museu Nacional: erros de Tarcísio Motta no RJTV,"De todos os editais [de projetos para o Museu Nacional, via Lei Rouanet], de mais de R$ 20 milhões, só R$ 1 milhão foi captado",Tarcísio Motta,https://lupa.uol.com.br/jornalismo/2018/09/11/tarcisiomotta-rjtv,0,Lupa - UOL,lupa.uol.com.br,2018-09-11 00:00:00,False,original
"Na Globo, Olavo de Carvalho erra sobre golpe militar e audiência de lives de Bolsonaro",Um terço da população brasileira não tem internet,Olavo de Carvalho,https://lupa.uol.com.br/jornalismo/2019/04/12/olavo-carvalho-bolsonaro,0,Lupa - UOL,lupa.uol.com.br,2019-04-12 00:00:00,False,original
Joice Hasselmann se contradiz sobre apoio a teorias da conspiração e pautas bolsonaristas,"(...) Pra ganhar a licitação aqui em São Paulo, a empresa tem que ser dona da garagem [de ônibus]",Joice Hasselmann (PSL),https://lupa.uol.com.br/jornalismo/2020/10/28/joice-hasselmann-sabatina-folha-uol,0,Lupa - UOL,lupa.uol.com.br,2020-10-28 00:00:00,False,original
Ministro da Infraestrutura erra sobre acidentes em rodovia e subestima gastos com dívida,"Em 30 anos (...), nós fizemos [a concessão de] 10 mil [quilômetros de rodovias]",Tarcísio Gomes de Freitas,https://lupa.uol.com.br/jornalismo/2019/08/02/tarcisio-infraestrutura-central-globonews,0,Lupa - UOL,lupa.uol.com.br,2019-08-02 00:00:00,False,original
Salvador: Olivia erra ao falar sobre políticas de qualificação da mão de obra,Salvador tem 18% de pessoas desempregadas,Olivia Santana (PCdoB),https://lupa.uol.com.br/jornalismo/2020/11/05/salvador-olivia-mao-de-obra,0,Lupa - UOL,lupa.uol.com.br,2020-11-05 00:00:00,False,original
Russomanno erra sobre gastos de campanha e posicionamentos sobre pandemia na sabatina Folha/UOL,"Eu não uso auxilio-moradia, eu uso uma casa minha em Brasília",Celso Russomanno (Republicanos),https://lupa.uol.com.br/jornalismo/2020/11/06/russomanno-sabatina-folha-uol,0,Lupa - UOL,lupa.uol.com.br,2020-11-06 00:00:00,False,original
Gabarito dos erros e acertos dos candidatos ao governo de São Paulo,"Da estação de tratamento de água até a sua casa, um terço da água vaza",Paulo Skaf,https://lupa.uol.com.br/jornalismo/2018/10/06/gabarito-erros-acertos-sp,0,Lupa - UOL,lupa.uol.com.br,2018-10-06 00:00:00,False,original
Maioria das parcerias anunciadas por Doria em Davos em 2019 ainda não saiu do papel,"Mais uma boa notícia fruto dos encontros que tivemos aqui em Davos, na Suíça. O grupo indonésio RGE revelou grande interesse em fazer um investimento de R$ 7 bilhões em nosso Estado. Vamos avançar com as negociações ainda nesta semana e trarei novidades. #SPemDavos",João Doria,https://lupa.uol.com.br/jornalismo/2020/01/17/doria-davos-2019,0,Lupa - UOL,lupa.uol.com.br,2020-01-17 00:00:00,False,original
"Na CPI da Covid, Queiroga distorce dados sobre vacinação e testagem; veja checagem",Nós já temos uma redução de óbitos em pacientes com uma faixa etária maior.,"Marcelo Queiroga, ministro da Saúde",https://lupa.uol.com.br/jornalismo/2021/05/21/cpi-da-covid-queiroga-vacina,0,Lupa - UOL,lupa.uol.com.br,2021-05-21 00:00:00,False,original
"Recife: Candidatos erram ao falar de saúde, habitação e mobilidade em sabatinas Folha/UOL","Quando foi em 2012, essa lua de mel acabou [aliança entre PT e PSB no Recife]",Marília Arraes (PT),https://lupa.uol.com.br/jornalismo/2020/10/17/recife-saude-habitacao-mobilidade,0,Lupa - UOL,lupa.uol.com.br,2020-10-17 00:00:00,False,original
"Orçamento, Cracolândia e Fundurb: erros e imprecisões de Bruno Covas no Roda Viva",A gente tinha uma fila de 65 mil crianças aguardando vaga em creche. Pela primeira vez essa fila está menos do que 10 mil,Bruno Covas,https://lupa.uol.com.br/jornalismo/2020/01/29/bruno-covas-roda-viva,0,Lupa - UOL,lupa.uol.com.br,2020-01-29 00:00:00,False,original
Porto Velho: Vinicius Miguel subestima dados de abastecimento de água potável,Porto Velho está entre os piores índices de vacinação contra pólio,Vinicius Miguel (Cidadania),https://lupa.uol.com.br/jornalismo/2020/11/12/porto-velho-vinicius-miguel-agua-potavel,0,Lupa - UOL,lupa.uol.com.br,2020-11-12 00:00:00,False,original
Novembro azul: mitos e verdades sobre câncer de próstata no Twitter,Homens negros têm mais chance de desenvolver câncer de próstata,Post no Twitter,https://lupa.uol.com.br/jornalismo/2019/11/15/novembro-azul-cancer,0,Lupa - UOL,lupa.uol.com.br,2019-11-15 00:00:00,False,original
"Na sabatina Folha/UOL, Martha Rocha erra sobre PDT e eleição para o Tribunal de Contas",Em Recife [PDT e PT] estão separados (...),Martha Rocha,https://lupa.uol.com.br/jornalismo/2020/10/30/sabatina-rio-martha-2020,0,Lupa - UOL,lupa.uol.com.br,2020-10-30 00:00:00,False,original
#CaiuNaRede: É verdadeiro que fazer propaganda eleitoral no dia da eleição é crime,O artigo 87 estabelece como crime no dia da eleição passar propagandas eleitorais pelas suas redes sociais,Mensagem no WhatsApp,https://lupa.uol.com.br/jornalismo/2020/11/26/caiu-na-rede-propaganda-eleitoral,0,Lupa - UOL,lupa.uol.com.br,2020-11-26 00:00:00,False,original
"Em sabatina, Arthur do Val erra sobre custo do gabinete e Fundo Eleitoral","Eu tenho apenas sete [assessores no gabinete]. Na verdade, eu tinha oito, fui pra sete na campanha",Arthur do Val (Patriota),https://lupa.uol.com.br/jornalismo/2020/11/02/sabatina-arthur-do-val,0,Lupa - UOL,lupa.uol.com.br,2020-11-02 00:00:00,False,original
Ernesto Araújo erra ao falar do crescimento do Brasil no século XX e da posição de Israel nos rankings de inovação,Um dos maiores emissores [de turistas internacionais](...) são os Estados Unidos,Ernesto Araújo,https://lupa.uol.com.br/jornalismo/2019/03/21/ernesto-araujo-crescimento-inovacao,0,Lupa - UOL,lupa.uol.com.br,2019-03-21 00:00:00,False,original
"Sob intervenção federal na segurança, Rio de Janeiro vê tiroteios crescerem 56%",Redução dos índices relacionados a (…) roubo de carga,,https://lupa.uol.com.br/jornalismo/2018/12/21/intervencao-tiroteios-rj,0,Lupa - UOL,lupa.uol.com.br,2018-12-21 00:00:00,False,original
Cuba deixa o Mais Médicos: erros e acertos no que se fala sobre o programa,Existem 300 médicos cubanos atuando nas aldeias indígenas,Manuela D’Ávila,https://lupa.uol.com.br/jornalismo/2018/11/14/cuba-mais-medicos-erros-acertos,0,Lupa - UOL,lupa.uol.com.br,2018-11-14 00:00:00,False,original
"Déficit, valor de benefícios e suicídios no Chile: mitos e verdades ditos por apoiadores e críticos da reforma da Previdência",Déficit dos servidores públicos e militares: R$ 85 bilhões,João Amôedo,https://lupa.uol.com.br/jornalismo/2019/02/27/reforma-previdencia-apoiadores-criticos,0,Lupa - UOL,lupa.uol.com.br,2019-02-27 00:00:00,False,original
Governo Bolsonaro conclui menos da metade das metas dos 100 primeiros dias,Ampliação para dois anos o prazo de validade da Declaração de Aptidão (DAP) do Programa Nacional da Agricultura Familiar,Governo Jair Bolsonaro,https://lupa.uol.com.br/jornalismo/2019/04/10/metas-dias-bolsonaro,0,Lupa - UOL,lupa.uol.com.br,2019-04-10 00:00:00,False,original
"Podemos, PSDB, PT e Rede: imprecisões nos discursos nas convenções",A tradição do PT tem sido disputar eleições sempre com coligações,Gleisi Hoffmann,https://lupa.uol.com.br/jornalismo/2018/08/08/convencoes-partidarias,0,Lupa - UOL,lupa.uol.com.br,2018-08-08 00:00:00,False,original
"SobreElas: No Acre, governador não cumpre nove das 15 promessas feitas para mulheres",Pactuar com a Secretaria de Segurança Pública Estadual a ampliação das Delegacias Especializadas da Mulher (...),Promessa feita por Gladson Cameli,https://lupa.uol.com.br/jornalismo/2022/03/29/sobreelas-acre-promessas,0,Lupa - UOL,lupa.uol.com.br,2022-03-29 00:00:00,False,original
Vacina para cachorros não tem relação com o vírus que causa Covid-19,"Essa vacina, da marca Vanguard, muito utilizada pelos veterinários (...), você tá lendo o que ela combate? Coronavírus. Esse vírus [SARS-Cov-2] não é novo gente!",Post no Facebook,https://lupa.uol.com.br/jornalismo/2020/03/19/verificamos-vacina-coronavirus-cachorro,0,Lupa - UOL,lupa.uol.com.br,2020-03-19 00:00:00,False,original
"Homofobia, salário de mulheres e inadimplência: os erros de Bolsonaro em sabatina","A China tem 1,4 bilhão de habitantes. Revogaram a ‘lei do filho único’, o controle de natalidade, há pouco tempo. A sua população está se transformando em urbana",Jair Bolsonaro,https://lupa.uol.com.br/jornalismo/2018/08/04/bolsonaro-sabatina-globonews,0,Lupa - UOL,lupa.uol.com.br,2018-08-04 00:00:00,False,original
Lupa checou ao vivo debate da Folha/UOL/SBT com candidatos de SP,"O prefeito atual prometeu 20 CEUs, mas não conseguiu (fazer)",Marta Suplicy,https://lupa.uol.com.br/jornalismo/2016/09/23/debate-folha-sbt-uol,0,Lupa - UOL,lupa.uol.com.br,2016-09-23 00:00:00,False,original
Vídeo em que Lula critica Bolsonaro foi manipulado para parecer que petista estava bêbado,"Triste fim para um senhor idoso [Luiz Inácio Lula da Silva] de 75 anos, ainda mais vergonhoso para um ex-presidente se expondo nesse estado vexatório publicamente. Pelo menos a família poderia ajudar... Completamente alcoolizado! 🥃",Mensagem no WhatsApp,https://lupa.uol.com.br/jornalismo/2021/08/02/verificamos-lula-bebado,0,Lupa - UOL,lupa.uol.com.br,2021-08-02 00:00:00,False,original
Governo do RJ: Seis verdades ‘inconvenientes’ para Paes e Witzel,"[Eduardo Paes] Defendeu a ‘polícia mineira’, chamada de milícia aqui no Rio de Janeiro",Márcia Tiburi,https://lupa.uol.com.br/jornalismo/2018/10/24/rj-seis-verdades-paes-witzel,0,Lupa - UOL,lupa.uol.com.br,2018-10-24 00:00:00,False,original
Palmas: Professor Júnior Geo erra ao se dizer único vereador a lutar contra aumento da passagem,"O último concurso realizado [em Palmas, para a educação] tem sete anos",Professor Júnior Geo (PROS),https://lupa.uol.com.br/jornalismo/2020/11/09/palmas-professor-junior-geo-vereador,0,Lupa - UOL,lupa.uol.com.br,2020-11-09 00:00:00,False,original
"Na sabatina Folha/UOL, Bandeira de Mello erra ao falar sobre incêndio em CT do Flamengo","Dentro de todas as grandes capitais do Brasil, o Rio é o que as pessoas levam mais tempo para circular entre casa e trabalho",Bandeira de Mello,https://lupa.uol.com.br/jornalismo/2020/11/03/sabatina-bandeira-rio-2020,0,Lupa - UOL,lupa.uol.com.br,2020-11-03 00:00:00,False,original
Governo de SP: Skaf exagera rejeição a Doria e erra ao lembrar campanha de 2014,"Nessa uma hora que estamos aqui, (...) pelo menos uma mulher vai ser violentada",Paulo Skaf,https://lupa.uol.com.br/jornalismo/2018/06/09/sabatina-skaf-sp,0,Lupa - UOL,lupa.uol.com.br,2018-06-09 00:00:00,False,original
Belo Horizonte: Alexandre Kalil exagera dados em crítica a auxílio para atingidos por chuvas,Nós precisávamos de wi-fi e internet. Já tem em todas as escolas municipais de Belo Horizonte,Alexandre Kalil (PSD),https://lupa.uol.com.br/jornalismo/2020/11/04/belo-horizonte-alexandre-kalil-obitos-covid,0,Lupa - UOL,lupa.uol.com.br,2020-11-04 00:00:00,False,original
"Casos de pólio no Sudão são reais, mas não foram causados diretamente por vacina",Diretamente relacionada a uma epidemia (..) no Chade,Bia Kicis,https://lupa.uol.com.br/jornalismo/2020/09/11/verificamos-polio-sudao-vacina,0,Lupa - UOL,lupa.uol.com.br,2020-09-11 00:00:00,False,original
"Ciro Gomes erra dados sobre PIB, déficit da Previdência e educação pública","Chegamos a crescer 14,5% em um único ano",Ciro Gomes (PDT),https://lupa.uol.com.br/jornalismo/2019/11/27/ciro-gomes-canal-livre,0,Lupa - UOL,lupa.uol.com.br,2019-11-27 00:00:00,False,original
Criminalização da homofobia: seis verdades ditas no debate sobre o tema no STF,"[Houve] 100 mil perseguidos pelo nazismo por serem homossexuais, dos quais 10 mil foram para um campo de concentração, assinalados por um triângulo rosa",Thiago Gomes Viana,https://lupa.uol.com.br/jornalismo/2019/02/19/stf-homofobia-crime,0,Lupa - UOL,lupa.uol.com.br,2019-02-19 00:00:00,False,original
"No Roda Viva, Bruno Covas exagera média das aposentadorias pagas pelo INSS","O Orçamento da Secretaria de Assistência Social aqui na cidade de São Paulo é R$ 1,322 bilhão",Bruno Covas,https://lupa.uol.com.br/jornalismo/2019/01/31/bruno-covas-aposentadorias,0,Lupa - UOL,lupa.uol.com.br,2019-01-31 00:00:00,False,original
Bolsonaro se contradiz sobre Base de Alcântara e exagera ao falar de ICMS,"Junto com os EUA, o Brasil foi um dos primeiros países a reconhecer o legítimo presidente interino da Venezuela, Juan Guaidó",Donald Trump,https://lupa.uol.com.br/jornalismo/2019/03/20/bolsonaro-trump-encontro,0,Lupa - UOL,lupa.uol.com.br,2019-03-20 00:00:00,False,original
Erros e acertos de Alckmin no Jornal Nacional e no Jornal das 10,Você sabe quantos presos nós temos em SP? 228 mil presos (...) 35% da população carcerária,Geraldo Alckmin,https://lupa.uol.com.br/jornalismo/2018/08/29/geraldo-alckmin-tv-globo,0,Lupa - UOL,lupa.uol.com.br,2018-08-30 00:00:00,False,original
É falso que TRF-4 cancelou processo contra Lula no caso do sítio de Atibaia,URGENTE -TRF-4 CANCELA PROCESSO DO SÍTIO DE ATIBAIA,Post no Facebook,https://lupa.uol.com.br/jornalismo/2019/11/14/verificamos-trf-4-gabriela-hardt,0,Lupa - UOL,lupa.uol.com.br,2019-11-14 00:00:00,False,original
Rodrigo Maia exagera dados de economia e se contradiz sobre CPMF,"A questão de energia em Roraima, que a gente não consegue resolver há muitos anos (...), passa por uma reserva indígena",Rodrigo Maia,https://lupa.uol.com.br/jornalismo/2019/08/15/rodrigo-maia-economia-cpmf,0,Lupa - UOL,lupa.uol.com.br,2019-08-15 00:00:00,False,original
Desemprego e ajustes no diesel: erros ouvidos na estreia do ‘Café com Boulos,"Temos 1,2 milhão de pessoas - brasileiros e brasileiras - que voltaram a cozinhar a lenha por conta do aumento do gás de cozinha nos últimos meses",Guilherme Boulos,https://lupa.uol.com.br/jornalismo/2018/06/01/cafe-com-boulos,0,Lupa - UOL,lupa.uol.com.br,2018-06-01 00:00:00,False,original
"Em sabatina Folha/UOL, Renata Souza erra comparações com outras candidaturas",Nunca na nossa história da cidade do RJ tivemos tantas candidatas mulheres,Renata Souza,https://lupa.uol.com.br/jornalismo/2020/10/28/sabatina-rio-renata-2020,0,Lupa - UOL,lupa.uol.com.br,2020-10-28 00:00:00,False,original
Luto’: Sites desinformam ao compartilhar títulos enganosos sobre supostas mortes de famosos,Brasil chora triste morte com ator querido Marcelo Faria: ‘Descansou na eternidade,ClickNews,https://lupa.uol.com.br/jornalismo/2022/02/22/sites-mortes-famosos,0,Lupa - UOL,lupa.uol.com.br,2022-02-22 00:00:00,False,original
"SUS, CLT e fronteira com produtores de drogas: exageros de Alckmin no Roda Viva","Subindo 50 pontos no Pisa, nós vamos crescer um ponto no PIB permanentemente, em caráter de produtividade",Geraldo Alckmin,https://lupa.uol.com.br/jornalismo/2018/07/26/alckmin-roda-viva,0,Lupa - UOL,lupa.uol.com.br,2018-07-26 00:00:00,False,original
"Em pronunciamento, Bolsonaro distorce dados de vacinação no país e erra sobre BR-163","Hoje, alcançamos a marca de 100 milhões de doses de vacinas distribuídas a estados e municípios","Jair Bolsonaro (sem partido), presidente da República",https://lupa.uol.com.br/jornalismo/2021/06/02/bolsonaro-pronunciamento-covid-19,0,Lupa - UOL,lupa.uol.com.br,2021-06-03 00:00:00,False,original
Orlando Silva exagera ao falar sobre a pandemia em SP na sabatina Folha,"O prefeito de São Paulo precisa enfrentar o desemprego. Hoje, os dados oficiais apontam uma taxa de pouco mais de 15% [de desempregados]",Orlando Silva (PCdoB),https://piaui.folha.uol.com.br/lupa/2020/10/22/orlando-silva-sabatina-folha-uol/,0,Revista Piauí,piaui.folha.uol.com.br,2020-10-22 16:52:23,False,original
"Homofobia, salário de mulheres e inadimplência: os erros de Bolsonaro em sabatina","Está no Senado uma proposta para modificar a Lei Kandir para cobrar ICMS dos commodities do campo. Cada governador pode cobrar ali 4%, 5%, 6%",Jair Bolsonaro,https://lupa.uol.com.br/jornalismo/2018/08/04/bolsonaro-sabatina-globonews,0,Lupa - UOL,lupa.uol.com.br,2018-08-04 00:00:00,False,original
É verdadeiro que agrotóxicos liberados pelo governo contêm ativo que extermina abelhas,Governo Bolsonaro libera sulfoxaflor - agrotóxico que extermina abelhas,Facebook,https://lupa.uol.com.br/jornalismo/2019/07/25/verificamos-abelhas-agrotoxico,0,Lupa - UOL,lupa.uol.com.br,2019-07-25 00:00:00,False,original
"Governo RJ: Checamos, em tempo real, debate entre Paes e Witzel na Globo",Tem até irmão de traficante que foi candidato pelo PHS no seu grupo [de Eduardo Paes],Wilson Witzel,https://lupa.uol.com.br/jornalismo/2018/10/25/debate-witzel-paes-globo,0,Lupa - UOL,lupa.uol.com.br,2018-10-26 00:00:00,False,original
"Ciro: ‘R$ 1,2 trilhão da dívida pública vence em até quatro dias’. Será?","Há quase R$ 1,2 trilhão [da dívida pública do Brasil] que o Banco Central emite como operação compromissada",Ciro Gomes,https://lupa.uol.com.br/jornalismo/2018/07/20/ciro-operacoes-divida,0,Lupa - UOL,lupa.uol.com.br,2018-07-20 00:00:00,False,original
Imagem criada para combater ‘fake news’ contra Kassio Nunes contém informações falsas,[É falso que Kassio Nunes] Impediu extradição de Cesare Battisti.,Post no Facebook,https://lupa.uol.com.br/jornalismo/2020/10/07/verificamos-kassio-dilma-lagosta,0,Lupa - UOL,lupa.uol.com.br,2020-10-07 00:00:00,False,original
Crivella toma posse usando dados equivocados sobre eleição e PIB,[Queremos priorizar] Nossas mais de 1.500 unidades educacionais,Marcelo Crivella,https://lupa.uol.com.br/jornalismo/2017/01/03/crivella-posse,0,Lupa - UOL,lupa.uol.com.br,2017-01-03 00:00:00,False,original
"Governo RJ: Checamos, em tempo real, debate entre Paes e Witzel na Globo",O filho [de Jorge Picciani] era secretário municipal de transportes do meu adversário,Wilson Witzel,https://lupa.uol.com.br/jornalismo/2018/10/25/debate-witzel-paes-globo,0,Lupa - UOL,lupa.uol.com.br,2018-10-26 00:00:00,False,original
"Plágios, direitos autorais e pacote anticrime: erros de Joice Hasselmann no Roda Viva",Eu trabalhava [como líder do PSL no Congresso] (...) sem ganhar um centavo a mais,Joice Hasselmann,https://lupa.uol.com.br/jornalismo/2019/10/23/joice-plagios-direitos-autorais,0,Lupa - UOL,lupa.uol.com.br,2019-10-23 00:00:00,False,original
Lupa checou ao vivo o debate da TV Globo com candidatos a prefeito de São Paulo,"De forma pioneira, criamos a Controladoria Geral do Município",Fernando Haddad,https://lupa.uol.com.br/jornalismo/2016/09/29/debate-tv-globo-sp,0,Lupa - UOL,lupa.uol.com.br,2016-09-29 00:00:00,False,original
"RJ: em debate, Paes subestima dívida, e Witzel se contradiz sobre mudança quando era juiz",O Rio de Janeiro é mais violento do que o Espírito Santo,Wilson Witzel,https://lupa.uol.com.br/jornalismo/2018/10/12/debate-band-paes-witzel,0,Lupa - UOL,lupa.uol.com.br,2018-10-12 00:00:00,False,original
Ligue 180: as mentiras e verdades do debate sobre a violência de gênero,Filhos também são vítimas de violência contra a mulher,,https://lupa.uol.com.br/jornalismo/2017/03/09/ligue-180-mentiras-e-verdades-violencia-de-genero,0,Lupa - UOL,lupa.uol.com.br,2017-03-09 00:00:00,False,original
Fundo Eleitoral transferiu mais de R$ 4 bilhões a partidos em duas eleições,"Em 2 anos, Fundão Eleitoral já transferiu quase R$ 4 bilhões a partidos",Revista Oeste,https://lupa.uol.com.br/jornalismo/2020/11/28/fundo-eleitoral-partidos,0,Lupa - UOL,lupa.uol.com.br,2020-11-28 00:00:00,False,original
Barroso erra dados sobre criminalização do aborto e evasão no ensino médio,"Hoje, o Brasil tem um terço da renda [per capita] da Coreia do Sul",Luís Roberto Barroso,https://lupa.uol.com.br/jornalismo/2019/06/01/barroso-aborto-evasao-ensino-medio,0,Lupa - UOL,lupa.uol.com.br,2019-06-01 00:00:00,False,original
Bolsonaro: ‘2 de abril de 1964 não existe’ no Diário do Congresso. Será?,[O Brasil foi] Um dos primeiros [países] a reconhecer o governo Guaidó,Jair Bolsonaro,https://lupa.uol.com.br/jornalismo/2019/03/28/bolsonaro-datena-ditadura,0,Lupa - UOL,lupa.uol.com.br,2019-03-28 00:00:00,False,original
"Para além da série de direitos de respostas, os erros do debate da Globo no RJ",Seu vice [Romário] está pedindo voto abertamente para este projeto [de Jair Bolsonaro],Tarcísio Motta,https://lupa.uol.com.br/jornalismo/2018/10/03/debate-globo-rj,0,Lupa - UOL,lupa.uol.com.br,2018-10-03 00:00:00,False,original
Russomanno erra sobre gastos de campanha e posicionamentos sobre pandemia na sabatina Folha/UOL,[A prefeitura de São Paulo] tem em caixa R$ 18 bilhões,Celso Russomanno (Republicanos),https://lupa.uol.com.br/jornalismo/2020/11/06/russomanno-sabatina-folha-uol,0,Lupa - UOL,lupa.uol.com.br,2020-11-06 00:00:00,False,original
Governo Bolsonaro conclui menos da metade das metas dos 100 primeiros dias,"Combate às fraudes nos benefícios do INSS, que começou com a edição de medida provisória na semana passada [anterior ao dia 23 de janeiro]",Governo Jair Bolsonaro,https://lupa.uol.com.br/jornalismo/2019/04/10/metas-dias-bolsonaro,0,Lupa - UOL,lupa.uol.com.br,2019-04-10 00:00:00,False,original
#VerificamosENEM: Horário de fechamento dos portões varia com fuso-horário. Fique de olho!,O tempo de prova é menor no segundo dia do que no primeiro,,https://lupa.uol.com.br/jornalismo/2018/11/10/verificamosenem-fechamento-portoes,0,Lupa - UOL,lupa.uol.com.br,2018-11-10 00:00:00,False,original
Alvaro Dias: governo descumpriu acordo com senadores na reforma trabalhista. Será?,Temos 35 [siglas] legais e mais 73 na fila de espera aguardando a oficialização,Alvaro Dias,https://lupa.uol.com.br/jornalismo/2018/07/31/alvaro-dias-globonews,0,Lupa - UOL,lupa.uol.com.br,2018-07-31 00:00:00,False,original
É falso que Bolsonaro indicou Carlos Marun para cargo em Itaipu,[Marun] é acusado de desvio de 16 milhões,Facebook,https://lupa.uol.com.br/jornalismo/2019/03/01/verificamos-bolsonaro-marun-itaipu,0,Lupa - UOL,lupa.uol.com.br,2019-03-01 00:00:00,False,original
"Para além da série de direitos de respostas, os erros do debate da Globo no RJ",Hudson Braga fez delação premiada que envolve seu nome [Indio da Costa],Wilson Witzel,https://lupa.uol.com.br/jornalismo/2018/10/03/debate-globo-rj,0,Lupa - UOL,lupa.uol.com.br,2018-10-06 00:00:00,False,original
Ministro da Infraestrutura erra sobre acidentes em rodovia e subestima gastos com dívida,"São Paulo reduziu, acho, de 25% para 12% [o ICMS sobre querosene de aviação]",Tarcísio Gomes de Freitas,https://lupa.uol.com.br/jornalismo/2019/08/02/tarcisio-infraestrutura-central-globonews,0,Lupa - UOL,lupa.uol.com.br,2019-08-02 00:00:00,False,original
"No Roda Viva, Boulos diz que Temer aumentou o déficit do Brasil. Será?",A média salarial dos negros e negras do Brasil ainda é praticamente metade da [média salarial] dos brancos,Guilherme Boulos,https://lupa.uol.com.br/jornalismo/2018/05/09/roda-viva-boulos,0,Lupa - UOL,lupa.uol.com.br,2018-05-09 00:00:00,False,original
"Déficit, valor de benefícios e suicídios no Chile: mitos e verdades ditos por apoiadores e críticos da reforma da Previdência",Dois terços [da população] se aposentam recebendo um salário mínimo,Rogério Marinho,https://lupa.uol.com.br/jornalismo/2019/02/27/reforma-previdencia-apoiadores-criticos,0,Lupa - UOL,lupa.uol.com.br,2019-02-27 00:00:00,False,original
"O Brasil e suas crises carcerárias: o caso do Maranhão, 3 anos depois","Mutirão das Defensorias Públicas: A ação vai reunir defensores públicos do Maranhão e Federal [...] para analisar caso a caso, verificando as penas e se o apenado tem direito à progressão. Com isso, pretende-se respeitar o direito dos presos e corrigir possíveis irregularidades, como pessoas presas além do tempo estipulado na pena. Além disso, o mutirão deve contar com juízes e promotores para o trabalho seja o mais célere possível",,https://lupa.uol.com.br/jornalismo/2017/03/04/o-brasil-e-suas-eternas-crises-carcerarias-o-caso-do-maranhao-tres-anos-depois,0,Lupa - UOL,lupa.uol.com.br,2017-03-04 00:00:00,False,original
"Na sabatina Folha/UOL, Marina Helou erra sobre caso envolvendo funcionária de seu gabinete","Eu votei contra na votação em questão, que era sobre [participação nos resultados para] os fiscais de São Paulo",Marina Helou (Rede),https://lupa.uol.com.br/jornalismo/2020/10/23/sabatina-folha-uol-marina-helou,0,Lupa - UOL,lupa.uol.com.br,2020-10-23 00:00:00,False,original
É falso que Dilma Rousseff gastou R$ 73 milhões em salão de beleza,"Michelle arrecadou num chá beneficente 5,3 milhões em doações para causas sociais",Facebook,https://lupa.uol.com.br/jornalismo/2019/04/10/verificamos-dilma-rousseff-salao-beleza,0,Lupa - UOL,lupa.uol.com.br,2019-04-10 00:00:00,False,original
Foro privilegiado: um assunto que levou senadores a cometer erros,"Após três anos de Lava Jato, o STF não condenou nenhuma autoridade com foro privilegiado",,https://lupa.uol.com.br/jornalismo/2017/06/05/foro-privilegiado-um-assunto-que-levou-senadores-a-cometer-erros-e-exageros,0,Lupa - UOL,lupa.uol.com.br,2017-06-05 00:00:00,False,original
"Em entrevista na GloboNews, Rodrigo Maia confunde etapas de ensino ao falar de educação infantil","Nós temos, só de cartório de protestos [no Brasil], 3.600",Rodrigo Maia,https://lupa.uol.com.br/jornalismo/2020/02/08/rodrigo-maia-central-globonews,0,Lupa - UOL,lupa.uol.com.br,2020-02-08 00:00:00,False,original
"Em balanço de gestão, Doria erra ao falar sobre indicadores econômicos de São Paulo",São Paulo cresceu cinco vezes mais do que o Brasil ao longo desses três anos,João Doria,https://lupa.uol.com.br/jornalismo/2022/04/04/joao-doria-pronunciamento-cargo,0,Lupa - UOL,lupa.uol.com.br,2022-04-04 00:00:00,False,original
Lupa checou ao vivo o debate da TV Globo com candidatos a prefeito de São Paulo,"Existem 1.500 guardas (aprovados em concursos, mas não chamados)",Celso Russomanno,https://lupa.uol.com.br/jornalismo/2016/09/29/debate-tv-globo-sp,0,Lupa - UOL,lupa.uol.com.br,2016-09-29 00:00:00,False,original
Mudanças nas leis de trânsito: erros e acertos em um dos temas centrais da gestão Bolsonaro,Mortes [de crianças] haviam sido reduzidas em acidentes de trânsito,Alessandro Molon,https://lupa.uol.com.br/jornalismo/2019/06/19/transito-temas-bolsonaro,0,Lupa - UOL,lupa.uol.com.br,2019-06-19 00:00:00,False,original
"Weintraub erra sobre ranking de universidades, gastos do MEC e criação da aspirina","O analfabeto hoje é uma pessoa, de um modo geral, estatisticamente falando, velha",Abraham Weintraub,https://lupa.uol.com.br/jornalismo/2019/08/03/weintraub-universidade-aspirina,0,Lupa - UOL,lupa.uol.com.br,2019-08-03 00:00:00,False,original
Alvaro Dias: governo descumpriu acordo com senadores na reforma trabalhista. Será?,[Há] 52 milhões [de pessoas] abaixo da linha da pobreza. É mais que a [população da] Espanha inteira,Alvaro Dias,https://lupa.uol.com.br/jornalismo/2018/07/31/alvaro-dias-globonews,0,Lupa - UOL,lupa.uol.com.br,2018-07-31 00:00:00,False,original
Salvador: candidatos citam dados falsos sobre saúde e gestão em sabatinas Folha/UOL,"Se você pegar a pesquisa [Ibope] de todos os lugares, vão indicar que o principal problema é a saúde",Bruno Reis (DEM),https://lupa.uol.com.br/jornalismo/2020/10/19/salvador-sabatina-eleicoes,0,Lupa - UOL,lupa.uol.com.br,2020-10-19 00:00:00,False,original
Estão certos os dados de Deltan Dallagnol na defesa das 10 Medidas contra a Corrupção?,"Segundo o Banco Mundial, quanto maior a corrupção menor o índice de desenvolvimento social",Deltan Dallagnol,https://lupa.uol.com.br/jornalismo/2016/11/26/deltan-corrupcao,0,Lupa - UOL,lupa.uol.com.br,2016-11-26 00:00:00,False,original
Governo Bolsonaro conclui menos da metade das metas dos 100 primeiros dias,Redução da máquina administrativa com extinção de 21 mil cargos comissionados e gratificações,Governo Jair Bolsonaro,https://lupa.uol.com.br/jornalismo/2019/04/10/metas-dias-bolsonaro,0,Lupa - UOL,lupa.uol.com.br,2019-04-10 00:00:00,False,original
Debate entre candidatos ao governo de SP na TV Globo: checamos em tempo real,86% das penitenciárias não tem bloqueador de celular,Paulo Skaf,https://lupa.uol.com.br/jornalismo/2018/10/02/debate-sp-tv-globo,0,Lupa - UOL,lupa.uol.com.br,2018-10-02 00:00:00,False,original
Debate entre presidenciáveis na TV Globo: checamos em tempo real,Criei (...) 12 milhões de empregos [no período em que eu estive no Banco Central],Henrique Meirelles,https://lupa.uol.com.br/jornalismo/2018/10/04/debate-globo,0,Lupa - UOL,lupa.uol.com.br,2018-10-04 00:00:00,False,original
Governo Federal distorce dados ao acusar Petra Costa de espalhar ‘fake news,"Desde que ele [Bolsonaro] foi eleito, a taxa de pessoas mortas por policiais no Rio [de Janeiro] cresceu 20%",Petra Costa,https://lupa.uol.com.br/jornalismo/2020/02/05/petra-costa-secom,0,Lupa - UOL,lupa.uol.com.br,2020-02-05 00:00:00,False,original
"Segurança, renda per capita, educação: erros do ministro Weintraub antes de assumir o MEC","Metade dos estupros cometidos no Brasil são contra criança. (...) Não é o pai, nem o padrasto. É o amigo [quem mais comete estupro contra crianças]",Abraham Weintraub,https://lupa.uol.com.br/jornalismo/2019/04/10/weintraub-erros-educacao-mec,0,Lupa - UOL,lupa.uol.com.br,2019-04-10 00:00:00,False,original
Bolsonaro e Haddad iniciam 2º turno com entrevistas ao Jornal Nacional,"[Trabalharemos pela] Redução da nossa maioridade penal, que é o povo quer e deseja",Jair Bolsonaro,https://lupa.uol.com.br/jornalismo/2018/10/08/bolsonaro-haddad-jornal-nacional,0,Lupa - UOL,lupa.uol.com.br,2018-10-09 00:00:00,False,original
Gabarito dos erros e acertos dos candidatos ao governo de São Paulo,A recomposição inflacionária não vem sendo paga [aos policiais] pelo estado de São Paulo,Rodrigo Tavares,https://lupa.uol.com.br/jornalismo/2018/10/06/gabarito-erros-acertos-sp,0,Lupa - UOL,lupa.uol.com.br,2018-10-06 00:00:00,False,original
É verdadeiro que Dallagnol chamou Greenwald de ‘renomado jornalista,Deltan elogia Glenn Greenwald,Facebook,https://lupa.uol.com.br/jornalismo/2019/06/13/verificamos-dallagnol-post-glenn,0,Lupa - UOL,lupa.uol.com.br,2019-06-13 00:00:00,False,original
"Em xeque, diagnóstico de país produzido pelo governo Michel Temer","Prejuízos bilionários na Petrobras: R$ 21,5 bilhões em 2014 e R$ 34,9 bilhões em 2015",,https://lupa.uol.com.br/jornalismo/2016/10/06/diagnostico-do-governo-temer-em-xeque,0,Lupa - UOL,lupa.uol.com.br,2016-10-06 00:00:00,False,original
Prefeitura SP: checamos o que os candidatos disseram no primeiro debate de 2020,"A renegociação da dívida de uma cidade tem que ser aprovada pelo Senado, não é a Presidência que toma essa decisão",Orlando Silva,https://lupa.uol.com.br/jornalismo/2020/10/02/debate-candidatos-sao-paulo-band,0,Lupa - UOL,lupa.uol.com.br,2020-10-02 00:00:00,False,original
Debate entre presidenciáveis na TV Globo: checamos em tempo real,"Tenho dito desde 2010 que, se ganhar, vou governar com os melhores",Marina Silva,https://lupa.uol.com.br/jornalismo/2018/10/04/debate-globo,0,Lupa - UOL,lupa.uol.com.br,2018-10-04 00:00:00,False,original
Ministro da Educação erra ao falar sobre projeto que garantia internet gratuita para alunos e professores,"Na educação superior, alcançamos a meta 13 [do PNE]",Milton Ribeiro,https://lupa.uol.com.br/jornalismo/2021/04/01/ministro-educacao-internet-alunos,0,Lupa - UOL,lupa.uol.com.br,2021-04-01 00:00:00,False,original
"Na posse, João Doria erra ao afirmar que é o primeiro empresário a governar SP",Vou doar todos os meus salários às instituições humanitárias como fiz ao longo de 15 meses na prefeitura de São Paulo,João Doria,https://lupa.uol.com.br/jornalismo/2019/01/05/doria-posse-governador,0,Lupa - UOL,lupa.uol.com.br,2019-01-05 00:00:00,False,original
Salvador: Olivia erra ao falar sobre políticas de qualificação da mão de obra,Eu fiz a opção de não votar [na Reforma da Previdência dos servidores do Estado da Bahia] mesmo sendo da base do governador,Olivia Santana (PCdoB),https://lupa.uol.com.br/jornalismo/2020/11/05/salvador-olivia-mao-de-obra,0,Lupa - UOL,lupa.uol.com.br,2020-11-05 00:00:00,False,original
"Em entrevista, Rodrigo Maia erra sobre custo do setor público e salário de servidores","Se você pegar a pesquisa do Datafolha, você vai ver que entre aqueles que mais rejeitam a reforma da previdência estão os servidores públicos",Rodrigo Maia,https://lupa.uol.com.br/jornalismo/2019/07/19/maia-servidores-globonews,0,Lupa - UOL,lupa.uol.com.br,2019-07-19 00:00:00,False,original
Meirelles erra mais uma vez ao falar sobre regras de aposentadoria,O Brasil cresceu uma média de 4% [ao ano] naqueles oito anos [em que Meirelles foi presidente do Banco Central],Henrique Meirelles,https://lupa.uol.com.br/jornalismo/2018/07/19/meirelles-sabatina-metropoles,0,Lupa - UOL,lupa.uol.com.br,2018-07-19 00:00:00,False,original
"Ao criticar Estatuto do Desarmamento, Sergio Moro erra dados sobre o assunto","A própria Petrobras oficialmente reconheceu, em desvios, R$ 6 bilhões",Sergio Moro,https://lupa.uol.com.br/jornalismo/2019/01/17/moro-estatuto-armas-decreto,0,Lupa - UOL,lupa.uol.com.br,2019-01-17 00:00:00,False,original
#DebateBand: checamos em tempo real o 1º debate presidencial de 2018,Cotão: usei metade disso [do valor a que tinha direito],Jair Bolsonaro,https://lupa.uol.com.br/jornalismo/2018/08/09/debate-band-tempo-real-2018,0,Lupa - UOL,lupa.uol.com.br,2018-08-10 00:00:00,False,original
Um ano da aprovação do impeachment na Câmara dos Deputados,"Sessenta por cento da população o rejeita (Temer) e quer seu impeachment, assim como o de Dilma",Ivan Valente,https://lupa.uol.com.br/jornalismo/2017/04/17/um-ano-impeachment-camara-deputados,0,Lupa - UOL,lupa.uol.com.br,2017-04-17 00:00:00,False,original
Crise no Ceará: governador erra ao falar sobre segurança pública no estado,O Brasil não é grande produtor de droga. A droga entra pelas fronteiras,Camilo Santana,https://lupa.uol.com.br/jornalismo/2019/01/21/camilo-santana-ceara,0,Lupa - UOL,lupa.uol.com.br,2019-01-21 00:00:00,False,original
É falso que G1 publicou reportagem afirmando que Suzane von Richthofen declarou voto em Lula,"Na faculdade, Suzane von Richthofen incentiva jovens a regularizar o título de eleitor e declara voto em Lula. Suzane diz que só Lula pode acabar com o fascismo de Bolsonaro",Twitter,https://lupa.uol.com.br/jornalismo/2022/04/04/g1-suzane-von-richthofen-lula,0,Lupa - UOL,lupa.uol.com.br,2022-04-04 00:00:00,False,original
João Goulart Filho erra sobre pobreza e exagera dados de prisão por drogas,"Nós temos, nas universidades públicas, 1,9 milhão de matrículas. (...) E temos 6 milhões em universidade privadas",João Goulart Filho,https://lupa.uol.com.br/jornalismo/2018/09/24/joao-goulart-filho,0,Lupa - UOL,lupa.uol.com.br,2018-09-24 00:00:00,False,original
Futuro ministro da Saúde erra sobre cursos e vagas de medicina no Brasil,"Esse jovem médico (…) está deixando a universidade após 7,4 mil horas de capacitação",Luiz Henrique Mandetta,https://lupa.uol.com.br/jornalismo/2018/11/28/saude-mandetta-medicina-no-brasil,0,Lupa - UOL,lupa.uol.com.br,2018-11-28 00:00:00,False,original
Erros e acertos dos candidatos a prefeito do Rio no primeiro debate,Temos um efetivo na Guarda Municipal com 7.500 homens,Flavio Bolsonaro,https://lupa.uol.com.br/jornalismo/2016/08/25/ao-vivo-checagens-do-debate-da-band-no-rio-de-janeiro,0,Lupa - UOL,lupa.uol.com.br,2016-08-26 00:00:00,False,original
É falso que China está enviando centenas de pessoas para acampamentos de Covid-19,[...] e tem pessoas trancadas em suas casas (tem pessoas vigiando fora de cada porta),Post no Facebook,https://lupa.uol.com.br/jornalismo/2021/11/12/verificamos-china-acampamentos-covid,0,Lupa - UOL,lupa.uol.com.br,2021-11-12 00:00:00,False,original
O que dizem os quatro deputados federais mais votados de SP?,[Sou] a mulher mais votada da história da Câmara dos Deputados,Joice Hasselmann,https://lupa.uol.com.br/jornalismo/2018/11/23/quatro-deputados-federais-sp,0,Lupa - UOL,lupa.uol.com.br,2018-11-23 00:00:00,False,original
Salvador: Major Denice erra ao falar sobre aumentos no IPTU,"[Salvador tem] 0,2% do seu orçamento destinado [à cultura]",Major Denice (PT),https://lupa.uol.com.br/jornalismo/2020/11/11/salvador-major-denice-iptu,0,Lupa - UOL,lupa.uol.com.br,2020-11-11 00:00:00,False,original
Prefeitura SP: checamos o que os candidatos disseram no primeiro debate de 2020,O Supremo Tribunal Federal me inocentou de uma coisa que você vem e traz de volta para cá [o uso de dinheiro público para contratação de uma funcionária de gabinete para prestar serviço privado],Celso Russomanno,https://lupa.uol.com.br/jornalismo/2020/10/02/debate-candidatos-sao-paulo-band,0,Lupa - UOL,lupa.uol.com.br,2020-10-02 00:00:00,False,original
"Hospitais, educação integral e vigilância nos presídios: quais promessas Alckmin cumpriu durante seu mandato?",Promover a criação de novos parques tecnológicos especializados em tecnologias verdes,Geraldo Alckmin,https://lupa.uol.com.br/jornalismo/2018/12/15/promessas-alckmin-tse-sp,0,Lupa - UOL,lupa.uol.com.br,2018-12-15 00:00:00,False,original
Precisamos falar sobre suicídio: 4 mitos e 2 verdades sobre o tema em redes sociais,O suicídio pode ser prevenido,,https://lupa.uol.com.br/jornalismo/2019/09/17/suicidio-mitos-verdades-sobre-tema,0,Lupa - UOL,lupa.uol.com.br,2019-09-17 00:00:00,False,original
Palmas: Tiago Amastha Andrino e Vanda Monteiro criticam a atual gestão de Palmas,"Araguaína, que tem a metade do recurso que nossa capital tem [Palmas], tem um hospital municipal",Vanda Monteiro (PSL),https://lupa.uol.com.br/jornalismo/2020/11/02/palmas-tiago-amastha-andrino-vanda-monteiro,0,Lupa - UOL,lupa.uol.com.br,2020-11-02 00:00:00,False,original
Prefeitura SP: checamos o que os candidatos disseram no primeiro debate de 2020,"No dia 10 de abril de 2018, você [Márcio França] disse que a polícia não tem que se envolver nisso [violência contra a mulher]",Guilherme Boulos,https://lupa.uol.com.br/jornalismo/2020/10/02/debate-candidatos-sao-paulo-band,0,Lupa - UOL,lupa.uol.com.br,2020-10-02 00:00:00,False,original
Governo de SP: França erra ao falar de mortes causadas por policiais em 2017,"USP, Unicamp e Unesp (...) abrem 20, 21 mil vagas de vestibular por ano",Márcio França,https://lupa.uol.com.br/jornalismo/2018/05/31/sabatina-marcio-franca-sp,0,Lupa - UOL,lupa.uol.com.br,2018-05-31 00:00:00,False,original
"Educação: em sabatina de ONG, erros e acertos de Ciro, Marina, Alckmin e Haddad",Nós estamos com mais de 90% de cobertura [escolar na faixa etária] de 4 a 5 anos,Fernando Haddad,https://lupa.uol.com.br/jornalismo/2018/08/23/educacao-presidenciaveis-ong,0,Lupa - UOL,lupa.uol.com.br,2018-08-23 00:00:00,False,original
Imagem usa dados econômicos errados ao comparar 2016 com 2019,"Em 2019 tá tudo maravilhoso: Gasolina R$ 4,45",Post no Facebook,https://lupa.uol.com.br/jornalismo/2019/11/25/verificamos-dados-economicos,0,Lupa - UOL,lupa.uol.com.br,2019-11-25 00:00:00,False,original
"Em nova entrevista na prisão, Lula volta a errar dados sobre a história do Brasil",Eu tenho orgulho de ser o meu partido responsável da concessão de 52 milhões de hectares de terra,Luiz Inácio Lula da Silva,https://lupa.uol.com.br/jornalismo/2019/09/07/entrevista-lula-historia-brasil,0,Lupa - UOL,lupa.uol.com.br,2019-09-07 00:00:00,False,original
"Índices de segurança, dívida e déficit prisional: erros de Wilson Witzel sobre o RJ","Hoje, os presídios [do RJ], em média, têm capacidade para 500 presos (...)",Wilson Witzel,https://lupa.uol.com.br/jornalismo/2019/05/14/seguranca-divida-witzel-rj,0,Lupa - UOL,lupa.uol.com.br,2019-05-14 00:00:00,False,original
Textos e imagens sobre a crise migratória em Roraima misturam dados certos e errados,No edital do [concurso para a] Polícia Civil de Roraima estão pedindo [conhecimentos de] espanhol para os candidatos que querem ser policiais,,https://lupa.uol.com.br/jornalismo/2018/08/27/verificamos-roraima,0,Lupa - UOL,lupa.uol.com.br,2018-08-27 00:00:00,False,original
Vídeo que circula no Whatsapp distorce falas e informações sobre a pesquisadora Natália Pasternak,Ela é contra a cloroquina. É contra a ivermectina. É contra a ozonioterapia [no tratamento da Covid-19],,https://lupa.uol.com.br/jornalismo/2021/02/11/verificamos-natalia-pasternak,0,Lupa - UOL,lupa.uol.com.br,2021-02-11 00:00:00,False,original
Fortaleza: Capitão Wagner erra em dados sobre a saúde,"Hoje, apenas quatro de cada 10 alunos estudam em escola de tempo integral",Capitão Wagner (PROS),https://lupa.uol.com.br/jornalismo/2020/11/05/fortaleza-capitao-wagner-saude,0,Lupa - UOL,lupa.uol.com.br,2020-11-05 00:00:00,False,original
Governo Federal distorce dados ao acusar Petra Costa de espalhar ‘fake news,(...) O [estado] Rio [de Janeiro] tem mais pessoas mortas por policiais que o Estados Unidos inteiro,Petra Costa,https://lupa.uol.com.br/jornalismo/2020/02/05/petra-costa-secom,0,Lupa - UOL,lupa.uol.com.br,2020-02-05 00:00:00,False,original
É montagem foto que mostra elefante carregando filhote de leão,... foi considerada a melhor foto deste século. Uma leoa e seu filhote estava em enorme dificuldade. Um elefante percebeu que o filhote morreria e o levou em sua tromba até uma poça d’água caminhando ao lado da mãe. E nós chamamos animais selvagens!,Facebook,https://lupa.uol.com.br/jornalismo/2019/06/18/verificamos-leoa-elefante,0,Lupa - UOL,lupa.uol.com.br,2019-06-18 00:00:00,False,original
Erros e acertos dos candidatos ao governo de São Paulo em debate na Record,3 milhões de pessoas utilizam a CPTM diariamente,Paulo Skaf,https://lupa.uol.com.br/jornalismo/2018/09/29/debate-record-sp-1-turno,0,Lupa - UOL,lupa.uol.com.br,2018-09-29 00:00:00,False,original
Vídeo viral de diretor do Sírio-Libanês mostra informações corretas sobre funcionamento das vacinas em teste no Brasil,"A vacina da Pfizer, que temos ouvido falar mais, e da Moderna, usa outra estratégia. Esse coronavírus — ele é chamado corona porque tem uma ‘coroa’ — dentro dele tem o seu material genético, um RNA. A vacina Pfizer e da Moderna pegaram esse RNA e puseram esse RNA como se fosse dentro de uma gota de gordura. A gente chama de um lipossomo, dentro de um envelope. E isso é injetado dentro da gente. Aqui, na superfície desse envelope, como se fosse uma bolha de gordura. Lá dentro tem o material genético do vírus, [que] entra na nossa célula, produz anticorpo e produz [resposta das] células",Post no Facebook,https://lupa.uol.com.br/jornalismo/2020/12/18/verificamos-video-medico-vacinas,0,Lupa - UOL,lupa.uol.com.br,2020-12-18 00:00:00,False,original
"Erros e acertos de Doria, Leite e Virgílio durante debate das prévias do PSDB",[O Amazonas] é dono da maior cobertura florestal de Floresta Amazônica (...) Nós temos 95%,Arthur Virgílio,https://lupa.uol.com.br/jornalismo/2021/10/21/doria-leite-virgilio-debate-previas-psdb,0,Lupa - UOL,lupa.uol.com.br,2021-10-21 00:00:00,False,original
É falso que Instituto Virológico de Wuhan e Pfizer são de propriedade da GlaxoSmithKline,"[Allianz] Que, aliás, tem a Vanguard como acionista. Que é acionista da Black Rock. (...) Que, aliás, é um dos principais acionistas da MICROSOFT",Mensagem no WhatsApp,https://lupa.uol.com.br/jornalismo/2020/12/09/verificamos-wuhan-glaxosmithkline-pfizer,0,Lupa - UOL,lupa.uol.com.br,2020-12-09 00:00:00,False,original
"Homofobia, salário de mulheres e inadimplência: os erros de Bolsonaro em sabatina","R$ 1,7 bilhão [vai] para este fundão [fundo eleitoral]",Jair Bolsonaro,https://lupa.uol.com.br/jornalismo/2018/08/04/bolsonaro-sabatina-globonews,0,Lupa - UOL,lupa.uol.com.br,2018-08-04 00:00:00,False,original
"Em entrevistas, João Amoêdo erra ao falar sobre educação e outros partidos",Os funcionários públicos do nível federal ganham 69% a mais na mesma função da iniciativa privada,João Amoêdo,https://lupa.uol.com.br/jornalismo/2018/08/31/entrevistas-joao-amoedo,0,Lupa - UOL,lupa.uol.com.br,2018-08-31 00:00:00,False,original
Boa Vista: Arthur Henrique distorce dados sobre educação e saúde | Agência Lupa,[...] Nós construímos mais de 40 escolas em oito anos,Arthur Henrique (MDB),https://piaui.folha.uol.com.br/lupa/2020/11/12/boa-vista-arthur-henrique-educacao-saude/,0,Revista Piauí,piaui.folha.uol.com.br,2020-11-12 14:32:55,False,original
8 mitos e verdades sobre saques do FGTS que circulam pelas redes sociais,"Quem optar pelo saque no aniversário poderá retornar à modalidade tradicional de saque dois anos depois, se quiser",Facebook,https://lupa.uol.com.br/jornalismo/2019/08/06/mitos-verdades-fgts,0,Lupa - UOL,lupa.uol.com.br,2019-08-06 00:00:00,False,original
Doria erra sobre novas estações de metrô e extensão de rodovias concedidas em SP,Reduzimos à metade o imposto sobre calçados e produtos de couro,João Doria,https://lupa.uol.com.br/jornalismo/2020/02/19/doria-canal-livre,0,Lupa - UOL,lupa.uol.com.br,2020-02-19 00:00:00,False,original
Quanto o ex-prefeito Fernando Haddad deixou em caixa na prefeitura de SP?,O PT perdeu 60% dos votos entre 2012 e 2016,Fernando Haddad,https://lupa.uol.com.br/jornalismo/2017/07/21/quanto-fernando-haddad-deixou-em-caixa,0,Lupa - UOL,lupa.uol.com.br,2017-07-21 00:00:00,False,original
Prefeitura SP: checamos o que candidatos disseram no debate Folha/UOL,Mas a Luiza [Erundina] deixou a prefeitura na mão do Paulo Maluf,Márcio França (PSB),https://lupa.uol.com.br/jornalismo/2020/11/11/prefeitura-sp-debate-folha-uol,0,Lupa - UOL,lupa.uol.com.br,2020-11-11 00:00:00,False,original
8 mitos e verdades sobre saques do FGTS que circulam pelas redes sociais,"O valor de até R$ 500,00 será disponibilizado para cada conta ativa ou inativa do FGTS, ou seja, se o trabalhador tiver mais de uma e se o saldo for o suficiente, ele pode sacar até R$ 500,00 de cada conta do FGTS que ele possuir",Facebook,https://lupa.uol.com.br/jornalismo/2019/08/06/mitos-verdades-fgts,0,Lupa - UOL,lupa.uol.com.br,2019-08-06 00:00:00,False,original
É falso alerta do Bradesco Seguros sobre carros plotados em época de eleição,"Em caso de veículos adesivados com propagandas, se o seu uso estiver PARTICULAR, as seguradoras exigem o enquadramento do veículos como ‘uso comercial’ ou ‘fins publicitários’ ou que o proprietário RETIRE A ADESIVAÇÃO!",Mensagem no WhatsApp,https://lupa.uol.com.br/jornalismo/2020/10/23/verificamos-bradesco-carros-plotados,0,Lupa - UOL,lupa.uol.com.br,2020-10-23 00:00:00,False,original
"Em fim de campanha, Bolsonaro e Haddad ainda erram sobre adversários, segurança e economia","O meu patrimônio (...) é muito inferior ao dele [Bolsonaro], diga-se de passagem",Fernando Haddad,https://lupa.uol.com.br/jornalismo/2018/10/25/fim-campanha-bolsonaro-haddad,0,Lupa - UOL,lupa.uol.com.br,2018-10-25 00:00:00,False,original
"Laurita Vaz negou habeas corpus de Lula, mas não mandou soltar Abdelmassih",Ela [Laurita Vaz] negou 143 habeas corpus a Lula... (imagem(,,https://lupa.uol.com.br/jornalismo/2018/11/23/verificamos-laurita-lula-abdelmassih,0,Lupa - UOL,lupa.uol.com.br,2018-11-23 00:00:00,False,original
Vitória: Neuzinha de Oliveira erra ao falar de projeto sobre merenda saudável nas escolas,Eleita a vereadora mais bem votada no estado por cinco mandatos,Neuza de Oliveira (PSDB),https://lupa.uol.com.br/jornalismo/2020/10/28/vitoria-neuzinha-de-oliveira-merenda,0,Lupa - UOL,lupa.uol.com.br,2020-10-28 00:00:00,False,original
"Em sabatina Folha/UOL, Covas erra sobre aumento de casos de Covid-19 em SP",O coronavírus afetou mais a população preta e parda do que a população branca [em São Paulo],"Bruno Covas, candidato do PSDB à prefeitura de São Paulo",https://lupa.uol.com.br/jornalismo/2020/11/26/sabatina-folha-covas-segundo-turno,0,Lupa - UOL,lupa.uol.com.br,2020-11-26 00:00:00,False,original
Sete boatos e dois fatos sobre a reforma da previdência em redes sociais,"Pensão por morte. Aposentadoria atual: 100% do salário; Reforma da Previdência: 50% do salário, +10% por dependente",Facebook,https://lupa.uol.com.br/jornalismo/2019/07/11/verificamos-previdencia-rede,0,Lupa - UOL,lupa.uol.com.br,2019-07-12 00:00:00,False,original
Teresina: Fábio Abreu erra número de homicídios de quando assumiu Segurança,"Eu fui considerado, na última pesquisa do Congresso em Foco da Câmara dos Deputados, o parlamentar mais transparente do Piauí",Fábio Abreu (PL),https://lupa.uol.com.br/jornalismo/2020/11/09/teresina-fabio-abreu-seguranca,0,Lupa - UOL,lupa.uol.com.br,2020-11-09 00:00:00,False,original
Os mitos e as verdades no combate ao Aedes Aegypti,Apenas a fêmea do Aedes aegypti pica,,https://lupa.uol.com.br/jornalismo/2017/01/09/aedes-aegypti-mitos-e-verdades,0,Lupa - UOL,lupa.uol.com.br,2017-01-09 00:00:00,False,original
"20 anos em 2: verdades, erros e exageros de Temer em artigo de balanço do governo","Neste ano [2018], registramos um saldo de 204 mil vagas com carteira assinada",Michel Temer,https://lupa.uol.com.br/jornalismo/2018/05/18/temer-artigo-2-anos,0,Lupa - UOL,lupa.uol.com.br,2018-05-18 00:00:00,False,original
"Vacina, contaminação e surto em SP: veja mitos e verdades sobre sarampo",Grandes eventos aumentam o risco de surto de sarampo,,https://lupa.uol.com.br/jornalismo/2019/07/24/vacina-contaminacao-sarampo,0,Lupa - UOL,lupa.uol.com.br,2019-07-24 00:00:00,False,original
#CaiuNaRede: É verdadeiro vídeo que mostra mulher nadando perto de tubarão,Vídeo em que uma mulher desce de um tobogã no mar e se depara com um tubarão,Vídeo no TikTok,https://lupa.uol.com.br/jornalismo/2020/10/21/caiu-na-rede-mulher-tubarao,0,Lupa - UOL,lupa.uol.com.br,2020-10-21 00:00:00,False,original
Teresina: Montezuma subestima nota da rede estadual de ensino,"(...) dos que estão internados no HUT [Hospital de Urgência de Teresina], 48% não são residentes de Teresina",Kleber Montezuma (PSDB),https://lupa.uol.com.br/jornalismo/2020/11/12/teresina-montezuma-rede-estadual-ensino,0,Lupa - UOL,lupa.uol.com.br,2020-11-12 00:00:00,False,original
Rodrigo Maia exagera dados de economia e se contradiz sobre CPMF,Se projetava um crescimento de mais de 2% [no início do governo Bolsonaro],Rodrigo Maia,https://lupa.uol.com.br/jornalismo/2019/08/15/rodrigo-maia-economia-cpmf,0,Lupa - UOL,lupa.uol.com.br,2019-08-15 00:00:00,False,original
Criminalização da homofobia: seis verdades ditas no debate sobre o tema no STF,(...) [O] projeto de parceria civil gay da então deputada federal Marta Suplicy (...) tramita no Congresso Nacional há nada menos do que 24 anos,Thiago Gomes Viana,https://lupa.uol.com.br/jornalismo/2019/02/19/stf-homofobia-crime,0,Lupa - UOL,lupa.uol.com.br,2019-02-19 00:00:00,False,original
"Em sabatina Folha/UOL, Covas erra sobre aumento de casos de Covid-19 em SP","A cidade que chegou a ter 31 leitos [de Covid-19] por 100 mil habitantes, hoje tem 19 leitos por 100 mil por habitante","Bruno Covas, candidato do PSDB à prefeitura de São Paulo",https://lupa.uol.com.br/jornalismo/2020/11/26/sabatina-folha-covas-segundo-turno,0,Lupa - UOL,lupa.uol.com.br,2020-11-26 00:00:00,False,original
"Confirmado ministro da Justiça, Sergio Moro se contradiz sobre convite ao cargo",Nós temos uma lei hoje que autoriza a coleta do perfil genético do preso,Sergio Moro,https://lupa.uol.com.br/jornalismo/2018/11/07/ministro-sergio-moro,0,Lupa - UOL,lupa.uol.com.br,2018-11-07 00:00:00,False,original
Bolsonaro: ‘2 de abril de 1964 não existe’ no Diário do Congresso. Será?,[A China] É nosso primeiro parceiro comercial no mundo. O seguinte é os Estados Unidos,Jair Bolsonaro,https://lupa.uol.com.br/jornalismo/2019/03/28/bolsonaro-datena-ditadura,0,Lupa - UOL,lupa.uol.com.br,2019-03-28 00:00:00,False,original
Falas de Bolsonaro e segurança: acertos e erros do presidente da OAB no Roda Viva,"(...) Argentina que botou ex-presidente na cadeia, o general [Jorge Rafael] Videla morreu preso",Felipe Santa Cruz,https://lupa.uol.com.br/jornalismo/2019/08/08/oab-presidente-bolsonaro,0,Lupa - UOL,lupa.uol.com.br,2019-08-08 00:00:00,False,original
Macapá: Patrícia Ferraz erra ao falar sobre saneamento básico,"As pessoas não tinham leito de UTI, não tinha respirador (em Macapá e no Amapá)",Patrícia Ferraz (Podemos),https://lupa.uol.com.br/jornalismo/2020/11/06/macapa-patricia-ferraz-saneamento-basico,0,Lupa - UOL,lupa.uol.com.br,2020-11-06 00:00:00,False,original
"Após governo propor reforma na previdência, Paulo Guedes erra sobre aposentadoria de militares",Os mais pobres já se aposentam mais tarde. Quem está usufruindo da aposentadoria precoce são justamente as classes mais favorecida,Paulo Guedes,https://lupa.uol.com.br/jornalismo/2019/02/22/previdencia-paulo-guedes,0,Lupa - UOL,lupa.uol.com.br,2019-02-22 00:00:00,False,original
Fortaleza: Luizianne Lins apresenta dados subestimados sobre desemprego,"Foram mais de 220 mil empregos conquistados nesse período [entre 2006-2012, quando foi prefeita]",Luizianne Lins (PT),https://lupa.uol.com.br/jornalismo/2020/11/03/fortaleza-luizianne-lins-desemprego,0,Lupa - UOL,lupa.uol.com.br,2020-11-03 00:00:00,False,original
SP: erros e acertos de Covas e Boulos durante o horário eleitoral no segundo turno,[Erundina] colocou dois mil novos ônibus nas ruas,Guilherme Boulos,https://lupa.uol.com.br/jornalismo/2020/11/27/horario-eleitoral-sp-segundo-turno-2020,0,Lupa - UOL,lupa.uol.com.br,2020-11-27 00:00:00,False,original
Governo do RJ erra em propostas para mudar ICMS do etanol e salário de servidores,"Neste quesito [geração de empregos], o Rio de Janeiro tem ocupado, desde 2015, a lanterna da região sudeste (...)",Poder Executivo do Rio de Janeiro,https://lupa.uol.com.br/jornalismo/2019/07/18/propostas-justificativa-alerj-rj,0,Lupa - UOL,lupa.uol.com.br,2019-07-18 00:00:00,False,original
"Belo Horizonte: em sabatinas, candidatos erram sobre pandemia e educação","Entre as cidades maiores que 2 milhões de habitantes, Belo Horizonte é a que tem menor [taxa de] morte por cada 100 mil habitantes [por Covid-19]",Alexandre Kalil (PSD),https://lupa.uol.com.br/jornalismo/2020/10/13/belo-horizonte-sabatinas,0,Lupa - UOL,lupa.uol.com.br,2020-10-13 00:00:00,False,original
Curitiba: Francischini erra ao falar sobre a sua taxa de rejeição em pesquisas,O Greca aumentou em 22% a passagem de ônibus na sua gestão de três anos (...),Fernando Francischini (PSL),https://lupa.uol.com.br/jornalismo/2020/11/11/curitiba-francischini-pesquisas,0,Lupa - UOL,lupa.uol.com.br,2020-11-11 00:00:00,False,original
Mais de cem Catanduvas para atender ao STF,"Agora vamos facilitar a entrada de pessoas nesse verdadeiro inferno de Dante, que é o sistema prisional",Ricardo Lewandowski,https://lupa.uol.com.br/jornalismo/2016/02/19/850,0,Lupa - UOL,lupa.uol.com.br,2016-02-19 00:00:00,False,original
"No Roda Viva, Haddad erra ao falar sobre tabela de frete e exagera números de gestão em SP",A Assembleia Legislativa do Ceará me concedeu um título de Cidadão Cearense,Fernando Haddad,https://lupa.uol.com.br/jornalismo/2018/10/23/roda-viva-haddad,0,Lupa - UOL,lupa.uol.com.br,2018-10-23 00:00:00,False,original
Patinete elétrico está sujeito ao Código de Trânsito? Veja mitos e verdades,O custo da viagem é calculado com base no tempo de uso do patinete elétrico,,https://lupa.uol.com.br/jornalismo/2019/05/15/patinete-eletrico-mitos-verdades,0,Lupa - UOL,lupa.uol.com.br,2019-05-15 00:00:00,False,original
Bolsonaro na ONU: checamos o discurso do presidente na Assembleia Geral,"A reserva Ianomâmi, sozinha, conta com aproximadamente 95 mil km² quadrados, o equivalente ao tamanho de Portugal e da Hungria (...)",Jair Bolsonaro,https://lupa.uol.com.br/jornalismo/2019/09/24/bolsonaro-onu,0,Lupa - UOL,lupa.uol.com.br,2019-09-24 00:00:00,False,original
Saneamento básico: Amoêdo e Freixo debatem tema com erros e acertos em rede social,"(...) Após um plebiscito, Berlim pagou 1,3 bilhão de euros para estatizar completamente o saneamento. Uma dívida que durará 30 anos para ser paga",João Amoêdo,https://lupa.uol.com.br/jornalismo/2019/06/04/saneamento-basico-rede,0,Lupa - UOL,lupa.uol.com.br,2019-06-04 00:00:00,False,original
"Governo SP: checamos em tempo real o debate entre Doria e França em Folha, UOL e SBT",Brasília (...) tem remuneração de policiais paga pelo governo federal,Márcio França,https://lupa.uol.com.br/jornalismo/2018/10/23/debate-sp-folha-2-turno,0,Lupa - UOL,lupa.uol.com.br,2018-10-23 00:00:00,False,original
"Governo SP: checamos em tempo real o debate entre Doria e França em Folha, UOL e SBT",São Paulo tem orçamento robusto: R$ 23 bilhões para a saúde,João Doria,https://lupa.uol.com.br/jornalismo/2018/10/23/debate-sp-folha-2-turno,0,Lupa - UOL,lupa.uol.com.br,2018-10-23 00:00:00,False,original
Dilma minimiza dívida de campanha e diz ter agido contra cartel. Checamos,"As doações oficiais (da Odebrecht) eram R$ 29 milhões, ou 9% do total que arrecadamos (em 2014)",Dilma Rousseff,https://lupa.uol.com.br/jornalismo/2017/04/05/dilma-rousseff-marcelo-odebrecht,0,Lupa - UOL,lupa.uol.com.br,2017-04-05 00:00:00,False,original
#ChuvaRJ: erros e acertos das autoridades e nas redes sociais sobre o temporal no RJ,Temos [no Rio] milhares de famílias morando em áreas de risco,Marcelo Crivella,https://lupa.uol.com.br/jornalismo/2019/04/09/tempo-real-chuva-rj-temporal,0,Lupa - UOL,lupa.uol.com.br,2019-04-09 00:00:00,False,original
Verdades e mentiras sobre o julgamento da chapa Dilma-Temer no TSE,Os advogados de Dilma pediram ampliação de prazo,,https://lupa.uol.com.br/jornalismo/2017/06/06/verdades-e-mentiras-sobre-o-julgamento-de-dilma-e-temer-no-tse,0,Lupa - UOL,lupa.uol.com.br,2017-06-06 00:00:00,False,original
Prefeitura SP: checamos o que os candidatos disseram no primeiro debate de 2020,Quase 40% do nosso esgoto não é tratado,Marina Helou,https://lupa.uol.com.br/jornalismo/2020/10/02/debate-candidatos-sao-paulo-band,0,Lupa - UOL,lupa.uol.com.br,2020-10-02 00:00:00,False,original
Maceió: Davi Filho defende proposta que não está em seu programa de governo,[Davi Davino Filho] Criou a Lei da Merenda Especial,Davi Davino Filho (PP),https://lupa.uol.com.br/jornalismo/2020/10/26/maceio-davi-filho-programa-de-governo,0,Lupa - UOL,lupa.uol.com.br,2020-10-26 00:00:00,False,original
Debate entre presidenciáveis na TV Globo: checamos em tempo real,Vocês [PSDB] indicaram quatro ministros [do governo Temer]. Ainda agora tem um remanescente,Fernando Haddad,https://lupa.uol.com.br/jornalismo/2018/10/04/debate-globo,0,Lupa - UOL,lupa.uol.com.br,2018-10-04 00:00:00,False,original
Salvador: Major Denice erra ao falar sobre aumentos no IPTU,"Os governos Wagner e Rui (...) construíram novas vias, o metrô (...)",Major Denice (PT),https://lupa.uol.com.br/jornalismo/2020/11/11/salvador-major-denice-iptu,0,Lupa - UOL,lupa.uol.com.br,2020-11-11 00:00:00,False,original
É falso que senador Randolfe Rodrigues seja casado com Charles Achcar Chelala,"Salário de 23.000,00 (...)",Mensagem no WhatsApp,https://lupa.uol.com.br/jornalismo/2021/10/07/verificamos-randolfe-rodrigues-casado-charles-chelala,0,Lupa - UOL,lupa.uol.com.br,2021-10-07 00:00:00,False,original
É falso que Bolsa Atleta aumentou de R$ 1 mil para R$ 8 mil,80% dos brasileiros na Olimpíada de Tóquio recebem Bolsa Atleta do Governo Federal,Mensagem no WhatsApp,https://lupa.uol.com.br/jornalismo/2021/08/13/verificamos-bolsa-atleta-aumentou,0,Lupa - UOL,lupa.uol.com.br,2021-08-13 00:00:00,False,original
"Belo Horizonte: Áurea Carolina acerta dados sobre Covid-19, violência contra a mulher e renda",A maioria das pessoas que morreram (sic) de Covid-19 em Belo Horizonte são negras,Áurea Carolina (PSOL),https://lupa.uol.com.br/jornalismo/2020/10/28/belo-horizonte-aurea-carolina-renda-familias,0,Lupa - UOL,lupa.uol.com.br,2020-10-28 00:00:00,False,original
"Ao criticar Estatuto do Desarmamento, Sergio Moro erra dados sobre o assunto","A lei estabelecia: você não pode ter antecedentes criminais, você tem que ter aptidão psicológica e por outro lado tem que ter treinamento técnico. Esses três requisitos não foram alterados",Sergio Moro,https://lupa.uol.com.br/jornalismo/2019/01/17/moro-estatuto-armas-decreto,0,Lupa - UOL,lupa.uol.com.br,2019-01-17 00:00:00,False,original
"Na posse, João Doria erra ao afirmar que é o primeiro empresário a governar SP",[O atendimento do] Poupatempo (...) [tem] quase 100% de aprovação,João Doria,https://lupa.uol.com.br/jornalismo/2019/01/05/doria-posse-governador,0,Lupa - UOL,lupa.uol.com.br,2019-01-05 00:00:00,False,original
Deputado relator da reforma da previdência exagera economia prevista com a medida,"Das 40 páginas que têm a proposta de emenda constitucional, 16 são só de regras de transição para o servidor público",Samuel Moreira,https://lupa.uol.com.br/jornalismo/2019/05/23/relator-previdencia-samuel-moreira,0,Lupa - UOL,lupa.uol.com.br,2019-05-23 00:00:00,False,original
Prefeitura SP: Checamos o que candidatos falaram no último debate antes do 1º turno,"De 2016 a 2019, o orçamento da assistência social sofreu um corte de 33%",Marina Helou (Rede),https://lupa.uol.com.br/jornalismo/2020/11/13/debate-tv-cultura-12-11,0,Lupa - UOL,lupa.uol.com.br,2020-11-13 00:00:00,False,original
Secretário de Educação de SP erra sobre a pasta e sobre universidades no estado,Temos [em São Paulo] 5.300 escolas [estaduais],Rossieli Soares da Silva,https://lupa.uol.com.br/jornalismo/2019/05/16/rossieli-educacao-sao-paulo,0,Lupa - UOL,lupa.uol.com.br,2019-05-16 00:00:00,False,original
"Porto Velho: Breno Mendes, Lindomar Garçon e Williames Pimentel erram dados","95,24% de Porto Velho não tem esgoto",Breno Mendes (Avante),https://lupa.uol.com.br/jornalismo/2020/11/05/porto-velho-breno-mendes-lindomar-garcon-williames-pimentel,0,Lupa - UOL,lupa.uol.com.br,2020-11-05 00:00:00,False,original
Casos de hanseníase vêm caindo no Brasil? Tatu transmite a doença? Veja mitos e verdades,O tatu pode transmitir hanseníase,,https://lupa.uol.com.br/jornalismo/2020/01/22/hanseniase-janeiro-roxo,0,Lupa - UOL,lupa.uol.com.br,2020-01-22 00:00:00,False,original
Manaus: Zé Ricardo distorce dados sobre saúde e publicidade em entrevistas,[...] um terço das escolas municipais são instalações alugadas.,Zé Ricardo (PT),https://lupa.uol.com.br/jornalismo/2020/10/27/manaus-ze-ricardo-publicidade,0,Lupa - UOL,lupa.uol.com.br,2020-10-27 00:00:00,False,original
"Mitos e verdades sobre novo surto de sarampo, doença ‘altamente contagiosa",O surto de sarampo está ligado à crise venezuelana,,https://lupa.uol.com.br/jornalismo/2018/07/04/mitos-e-verdades-sarampo,0,Lupa - UOL,lupa.uol.com.br,2018-07-04 00:00:00,False,original
João Pessoa: Ricardo Coutinho erra ao dizer que todas as linhas de ônibus passam pela lagoa,Eu fiz a praça [do Alto do Mateus],Ricardo Coutinho (PSB),https://lupa.uol.com.br/jornalismo/2020/11/05/joao-pessoa-ricardo-coutinho-onibus-lagoa,0,Lupa - UOL,lupa.uol.com.br,2020-11-05 00:00:00,False,original
#CaiuNaRede: É verdadeiro estudo que aponta que cerveja pode retardar o envelhecimento,Cerveja pode retardar o envelhecimento. Estudo israelense mostra efeitos positivos das leveduras nas células; pesquisa revela também que café teria efeito contrário.,No WhatsApp,https://lupa.uol.com.br/jornalismo/2020/09/30/caiu-na-rede-cerveja-retarda-envelhecimento,0,Lupa - UOL,lupa.uol.com.br,2020-09-30 00:00:00,False,original
"E o programa ‘Crack, é possível vencer’? Os objetivos foram alcançados?",O contingente das polícias Federal e Rodoviária Federal será reforçado com a contratação de mais de dois mil novos policiais [até 2014],,https://lupa.uol.com.br/jornalismo/2017/06/02/crack-e-possivel-vencer,0,Lupa - UOL,lupa.uol.com.br,2017-06-02 00:00:00,False,original
Mudanças nas leis de trânsito: erros e acertos em um dos temas centrais da gestão Bolsonaro,O Brasil [...] está entre os cinco países com maior número de acidentes de trânsito,Alexandre Padilha,https://lupa.uol.com.br/jornalismo/2019/06/19/transito-temas-bolsonaro,0,Lupa - UOL,lupa.uol.com.br,2019-06-19 00:00:00,False,original
Erros e acertos de Fernando Haddad no Jornal Nacional,"Entreguei [a Prefeitura de São Paulo] com R$ 5,5 bilhões em caixa e R$ 2,2 bilhões para pagar",Fernando Haddad,https://lupa.uol.com.br/jornalismo/2018/09/14/haddad-jornal-nacional,0,Lupa - UOL,lupa.uol.com.br,2018-09-15 00:00:00,False,original
É falso que primeiro-ministro britânico Boris Johnson fingiu tomar vacina contra a Covid-19,E o primeiro ministro afirmando que o povão tem que v@chin@r! Só esqueceram de tirar a tampa da agulha,Facebook,https://lupa.uol.com.br/jornalismo/2021/12/17/verificamos-boris-johnson-fingiu-vacina-covid-19,0,Lupa - UOL,lupa.uol.com.br,2021-12-17 00:00:00,False,original
São verdadeiras fotos de Bolsonaro com camisas de vários times de futebol,Montagem com seis fotos de Bolsonaro usando camisas de times diferentes (imagem),,https://lupa.uol.com.br/jornalismo/2018/12/04/verificamos-bolsonaro-camisas-futebol,0,Lupa - UOL,lupa.uol.com.br,2018-12-04 00:00:00,False,original
Os mitos e as verdades no combate ao Aedes Aegypti,A água de animais domésticos pode virar um criadouro,,https://lupa.uol.com.br/jornalismo/2017/01/09/aedes-aegypti-mitos-e-verdades,0,Lupa - UOL,lupa.uol.com.br,2017-01-09 00:00:00,False,original
"Em live no pior dia de Manaus, Bolsonaro mente sobre Covid-19 no Brasil",O PSOL entrou com uma ação na Justiça de Porto Alegre para que o município não entregue o kit de tratamento precoce para os portadores de Covid-19,Presidente Jair Bolsonaro (sem partido),https://lupa.uol.com.br/jornalismo/2021/01/15/bolsonaro-live-pazuello-covid-19,0,Lupa - UOL,lupa.uol.com.br,2021-01-15 00:00:00,False,original
Erros e acertos de Ciro Gomes no Jornal Nacional e no Jornal das 10,"[Kátia Abreu] votou contra o impeachment, (...) votou contra a reforma trabalhista",Ciro Gomes,https://lupa.uol.com.br/jornalismo/2018/28/8/ciro-gomes-tv-globo,0,Lupa - UOL,lupa.uol.com.br,2018-08-28 00:00:00,False,original
Dilma acerta: número de idosos deve triplicar até 2050,"Em 2050, teremos população em idade ativa igual à atual, e a população maior de 65 anos será 3 vezes maior",Dilma Rousseff,https://lupa.uol.com.br/jornalismo/2016/02/02/dilma-acerta-numero-de-idosos-deve-triplicar-ate-2050,0,Lupa - UOL,lupa.uol.com.br,2016-02-02 00:00:00,False,original
Deputado relator da reforma da previdência exagera economia prevista com a medida,"O governo está com um pedido no Congresso, (...) uma suplementação de R$ 248 bilhões, dos quais R$ 200 bilhões são para pagar a Previdência",Samuel Moreira,https://lupa.uol.com.br/jornalismo/2019/05/23/relator-previdencia-samuel-moreira,0,Lupa - UOL,lupa.uol.com.br,2019-05-23 00:00:00,False,original
Moro e o pacote anticrime: o que disse o ministro ao propor mudanças na legislação,O recorde em 2016 [foi] de mais de 60 mil homicídios no Brasil,Sérgio Moro,https://lupa.uol.com.br/jornalismo/2019/02/05/moro-pacote-anticrime,0,Lupa - UOL,lupa.uol.com.br,2019-02-05 00:00:00,False,original
"Merenda em SP, Pronatec e PP gaúcho: erros de Ana Amélia na Globonews",O superávit comercial todo vem da área rural,Ana Amélia,https://lupa.uol.com.br/jornalismo/2018/09/05/ana-amelia-globonews,0,Lupa - UOL,lupa.uol.com.br,2018-09-05 00:00:00,False,original
"Em entrevista, Rodrigo Maia erra sobre custo do setor público e salário de servidores","Um país que tinha uma expectativa de crescimento de 2,5% e que essa expectativa está caminhando para zero",Rodrigo Maia,https://lupa.uol.com.br/jornalismo/2019/07/19/maia-servidores-globonews,0,Lupa - UOL,lupa.uol.com.br,2019-07-19 00:00:00,False,original
"Confirmado ministro da Justiça, Sergio Moro se contradiz sobre convite ao cargo","Em maio de 2014, [houve uma] decisão do ministro [do STF] Teori Zavascki que colocou em liberdade todos os presos [da Lava Jato]. O próprio Teori, depois, voltou atrás",Sergio Moro,https://lupa.uol.com.br/jornalismo/2018/11/07/ministro-sergio-moro,0,Lupa - UOL,lupa.uol.com.br,2018-11-07 00:00:00,False,original
Erros e acertos dos candidatos ao governo de São Paulo em debate na Record,Estamos chegando a 85% de coleta [de esgoto] em todo o estado [de São Paulo],Márcio França,https://lupa.uol.com.br/jornalismo/2018/09/29/debate-record-sp-1-turno,0,Lupa - UOL,lupa.uol.com.br,2018-09-29 00:00:00,False,original
Ligue 180: as mentiras e verdades do debate sobre a violência de gênero,A violência contra a mulher atinge mais as negras,,https://lupa.uol.com.br/jornalismo/2017/03/09/ligue-180-mentiras-e-verdades-violencia-de-genero,0,Lupa - UOL,lupa.uol.com.br,2017-03-09 00:00:00,False,original
Erros e acertos dos candidatos ao governo de São Paulo no SPTV,A juventude não se interessa mais em ser professor ou professora,Professora Lisete,https://lupa.uol.com.br/jornalismo/2018/09/18/candidatos-sao-paulo-sptv,0,Lupa - UOL,lupa.uol.com.br,2018-09-18 00:00:00,False,original
SobreElas: Ratinho Júnior cumpriu 5 das 14 promessas feitas para eleitoras em 2018 no Paraná,"Dialogar com Conselhos de Segurança, Saúde, Drogas, Criança e Adolescente e Mulher",Promessa feita por Ratinho Júnior,https://lupa.uol.com.br/jornalismo/2022/03/20/verificamos-sobreelas-2022-parana,0,Lupa - UOL,lupa.uol.com.br,2022-03-20 00:00:00,False,original
Belo Horizonte: Alexandre Kalil exagera dados em crítica a auxílio para atingidos por chuvas,"Apesar de Belo Horizonte ser a cidade do Brasil com mais de 1 milhão de habitantes e com menos mortes [por Covid-19], a pandemia está aí",Alexandre Kalil (PSD),https://lupa.uol.com.br/jornalismo/2020/11/04/belo-horizonte-alexandre-kalil-obitos-covid,0,Lupa - UOL,lupa.uol.com.br,2020-11-04 00:00:00,False,original
"Em entrevistas, João Amoêdo erra ao falar sobre educação e outros partidos","O PT (...) tem uma cláusula [em seu estatuto] que diz que, se você é cargo comissionado, você tem que direcionar uma parte do seu salário para o partido",João Amoêdo,https://lupa.uol.com.br/jornalismo/2018/08/31/entrevistas-joao-amoedo,0,Lupa - UOL,lupa.uol.com.br,2018-08-31 00:00:00,False,original
Vídeo atribuído a colaboradores da Gol usa informações falsas sobre vacinas da Covid-19,a partir do dia 1º de novembro a companhia aérea Gol começará a demitir os funcionários que não apresentaram comprovante de vacinação,Mensagem no WhatsApp,https://lupa.uol.com.br/jornalismo/2021/11/05/verificamos-video-gol-vacinas-covid,0,Lupa - UOL,lupa.uol.com.br,2021-11-05 00:00:00,False,original
Erros e acertos de Marina Silva no Jornal Nacional e no Jornal das 10,[A licença para] A hidrelétrica de Santo Antônio e Jirau foi dada durante a minha gestão [como ministra do Meio Ambiente],Marina Silva,https://lupa.uol.com.br/jornalismo/2018/08/30/marina-silva-tv-globo,0,Lupa - UOL,lupa.uol.com.br,2018-08-31 00:00:00,False,original
Confira o gabarito o quiz ‘Adivinhe a etiqueta – Presidenciáveis,Cotão: usei metade disso [do valor a que tinha direito],Jair Bolsonaro,https://lupa.uol.com.br/jornalismo/2018/10/06/gabarito-quiz-etiqueta-presidenciaveis,0,Lupa - UOL,lupa.uol.com.br,2018-10-06 00:00:00,False,original
"Na GloboNews, Moro erra orçamento do Fundo Nacional de Segurança Pública",Há estimativas (...) de que cerca de 40% do mercado brasileiro [ilegal de cigarros] e até mais seja controlado pelo cigarro do Paraguai,Sérgio Moro,https://lupa.uol.com.br/jornalismo/2019/05/20/moro-entrevista-seguranca,0,Lupa - UOL,lupa.uol.com.br,2019-05-20 00:00:00,False,original
"Sabatina Folha, UOL e SBT: Alckmin erra ao falar sobre passado de adversários","[Bolsonaro] votou contra o Plano Real, [...] contra quebra monopólio petróleo, contra a quebra do monopólio de telecomunicações e contra cadastro positivo",Geraldo Alckmin,https://lupa.uol.com.br/jornalismo/2018/09/11/alckmin-sabatina-folha-uol-sbt,0,Lupa - UOL,lupa.uol.com.br,2018-09-11 00:00:00,False,original
"Podemos, PSDB, PT e Rede: imprecisões nos discursos nas convenções",13: o número do partido [PT] que lá esteve por 13 anos; e hoje nós temos 13 milhões de brasileiros e brasileiras atirados no desemprego,Geraldo Alckmin,https://lupa.uol.com.br/jornalismo/2018/08/08/convencoes-partidarias,0,Lupa - UOL,lupa.uol.com.br,2018-08-08 00:00:00,False,original
"No Roda Viva, Moro erra ao dizer que Bolsonaro não tentou ‘cercear o trabalho da imprensa",Operações da PF resultaram (...) em apreensões de 653 milhões em bens desses traficantes,Sérgio Moro,https://lupa.uol.com.br/jornalismo/2020/01/21/sergio-moro-roda-viva,0,Lupa - UOL,lupa.uol.com.br,2020-01-21 00:00:00,False,original
"20 anos em 2: verdades, erros e exageros de Temer em artigo de balanço do governo",Reduzimos o desmatamento da Amazônia depois de dois anos de crescimento contínuo na devastação,Michel Temer,https://lupa.uol.com.br/jornalismo/2018/05/18/temer-artigo-2-anos,0,Lupa - UOL,lupa.uol.com.br,2018-05-18 00:00:00,False,original
Erros e acertos de Marina Silva no Jornal Nacional e no Jornal das 10,A UFMG fez um estudo que [mostra que] 80% das atividades domésticas são feitas por mulheres,Marina Silva,https://lupa.uol.com.br/jornalismo/2018/08/30/marina-silva-tv-globo,0,Lupa - UOL,lupa.uol.com.br,2018-08-31 00:00:00,False,original
"Meio ambiente, trabalho escravo e Odebrecht: erros de Kátia Abreu na Globonews","Eu dizia [na votação do código florestal]: ‘O Brasil preserva 61% dos seus biomas nativos’. (...) E, depois, nós descobrimos: é 66% de preservação",Kátia Abreu,https://lupa.uol.com.br/jornalismo/2018/09/04/katia-abreu-globonews,0,Lupa - UOL,lupa.uol.com.br,2018-09-04 00:00:00,False,original
Erros e acertos de Jair Bolsonaro no Jornal Nacional e no Jornal das 10,"[Nas últimas eleições para prefeito, o] Datafolha último errou em 60 e tantos porcento",Jair Bolsonaro,https://lupa.uol.com.br/jornalismo/2018/08/28/jair-bolsonaro-tv-globo,0,Lupa - UOL,lupa.uol.com.br,2018-08-29 00:00:00,False,original
Erros e acertos de Bolsonaro e ministros no 1º mês de lives no Facebook,[A mudança do brasão no passaporte brasileiro] Está dentro do programa [de metas] de 100 dias (...) de governo,Ernesto Araújo,https://lupa.uol.com.br/jornalismo/2019/03/30/bolsonaro-live-ministros,0,Lupa - UOL,lupa.uol.com.br,2019-03-30 00:00:00,False,original
Lula erra ao falar de seus governos e da eleição de 2018,[No meu governo] O Brasil quadruplicou as exportações,Luiz Inácio Lula da Silva,https://lupa.uol.com.br/jornalismo/2019/04/30/lula-folha-entrevista-preso,0,Lupa - UOL,lupa.uol.com.br,2019-04-30 00:00:00,False,original
Erros e acertos de Bolsonaro e ministros no 1º mês de lives no Facebook,"Como um todo, global, a despesa com cartões corporativos baixou 28%",Jair Bolsonaro,https://lupa.uol.com.br/jornalismo/2019/03/30/bolsonaro-live-ministros,0,Lupa - UOL,lupa.uol.com.br,2019-03-30 00:00:00,False,original
Porto Velho: Cristiane Lopes subestima dados de saúde e pecuária,Estamos em 20º dentre as capitais do nosso país (no Ideb),Cristiane Lopes (PP),https://lupa.uol.com.br/jornalismo/2020/11/10/porto-velho-cristiane-lopes-saude-pecuaria,0,Lupa - UOL,lupa.uol.com.br,2020-11-10 00:00:00,False,original
Dilma: ‘Petrobras é uma das únicas estatais de petróleo com ações no exterior’. Será?,"Hoje, a produção de petróleo oriunda do pré-sal é maior do que a oriunda dos campos do pós-sal",Dilma Rousseff,https://lupa.uol.com.br/jornalismo/2018/06/09/dilma-petroleo,0,Lupa - UOL,lupa.uol.com.br,2018-06-09 00:00:00,False,original
Rio de Janeiro: Benedita da Silva exagera sobre a própria trajetória política,A saúde está o caos na cidade do Rio de Janeiro. Nós estamos vendo 300 mil pessoas nas filas aguardando (...) para que sejam atendidas,Benedita da Silva (PT),https://lupa.uol.com.br/jornalismo/2020/11/04/rio-de-janeiro-benedita-da-silva-trajetoria-politica,0,Lupa - UOL,lupa.uol.com.br,2020-11-04 00:00:00,False,original
"Orçamento, Cracolândia e Fundurb: erros e imprecisões de Bruno Covas no Roda Viva","A cidade agora comemorou chegar a 5,5 homicídios por 100 mil habitantes, muito melhor que a maioria das capitais americanas",Bruno Covas,https://lupa.uol.com.br/jornalismo/2020/01/29/bruno-covas-roda-viva,0,Lupa - UOL,lupa.uol.com.br,2020-01-29 00:00:00,False,original
Doria se contradiz sobre armas e erra ao dizer que polícia paulista é a melhor do país,A China é o principal parceiro comercial do Brasil,João Doria,https://lupa.uol.com.br/jornalismo/2019/04/18/doria-armas-ideb-policia,0,Lupa - UOL,lupa.uol.com.br,2019-04-18 00:00:00,False,original
"Sem ir ao debate da Globo, Bolsonaro repete imprecisões na Record e em emissora de rádio",[Fernando Haddad] Sequer conseguiu passar para o 2º turno em São Paulo,Jair Bolsonaro,https://lupa.uol.com.br/jornalismo/2018/10/05/bolsonaro-record-radios,0,Lupa - UOL,lupa.uol.com.br,2018-10-05 00:00:00,False,original
Temer deixa a Presidência sem atingir metas de programas sociais para crianças e idosos,Serão disponibilizadas mais de 1 milhão de vagas em cursos profissionalizantes,Osmar Terra,https://lupa.uol.com.br/jornalismo/2019/01/02/programas-sociais-temer,0,Lupa - UOL,lupa.uol.com.br,2019-01-02 00:00:00,False,original
8 mitos e verdades sobre saques do FGTS que circulam pelas redes sociais,"O cálculo da multa de 40% sobre o saldo do FGTS paga ao trabalhador em caso de demissão será mantido, em qualquer caso",Facebook,https://lupa.uol.com.br/jornalismo/2019/08/06/mitos-verdades-fgts,0,Lupa - UOL,lupa.uol.com.br,2019-08-06 00:00:00,False,original
O que é fato e o que é boato em torno do pedido de soltura de Lula,Moro está de férias,,https://lupa.uol.com.br/jornalismo/2018/8/7/fato-boato-soltura-lula,0,Lupa - UOL,lupa.uol.com.br,2018-07-08 00:00:00,False,original
"Em vídeo de comemoração ao 7 de setembro, Lula erra ao falar sobre Bolsa Família e crescimento da economia em seu governo",(...) Continuaram cobrando cada vez mais imposto do pobre do que dos ricos,Luiz Inácio Lula da Silva,https://lupa.uol.com.br/jornalismo/2021/09/08/lula-vide-7-setembro,0,Lupa - UOL,lupa.uol.com.br,2021-09-08 00:00:00,False,original
#CaiuNaRede: Mães solteiras vão receber Auxílio Emergencial em dobro até o fim do ano,MÃES SOLTEIRAS CONTINUARÃO RECEBENDO O AUXÍLIO EMERGENCIAL EM DOBRO,Post no Facebook,https://lupa.uol.com.br/jornalismo/2020/10/07/caiu-na-rede-maes-solteiras-auxilio-emergencial,0,Lupa - UOL,lupa.uol.com.br,2020-10-07 00:00:00,False,original
Rossieli erra ao falar sobre políticas educacionais adotadas por outros países na pandemia,Hoje nós temos 31% dos jovens de 18 a 24 anos desempregados no nosso país,Rossieli Soares,https://lupa.uol.com.br/jornalismo/2021/02/10/rossieli-roda-viva,0,Lupa - UOL,lupa.uol.com.br,2021-02-10 00:00:00,False,original
"No Roda Viva, Haddad erra ao falar sobre tabela de frete e exagera números de gestão em SP","Em 2016, eu dei uma entrevista dizendo que havia uma ameaça de extrema-direita no Brasil, sem saber quem seria o candidato",Fernando Haddad,https://lupa.uol.com.br/jornalismo/2018/10/23/roda-viva-haddad,0,Lupa - UOL,lupa.uol.com.br,2018-10-23 00:00:00,False,original
Ações na cracolândia de São Paulo x projeto Redenção: as divergências,[Instalação de um] CAPS na Rua Helvetia [para] observação e acolhimento e um consultório de atendimento multidisciplinar,,https://lupa.uol.com.br/jornalismo/2017/06/13/cracolandia-sp-redencao,0,Lupa - UOL,lupa.uol.com.br,2017-06-13 00:00:00,False,original
Florianópolis: Professor Elson se confunde sobre datas do Plano Diretor,A política habitacional em Florianópolis é inexistente há muitos anos,Professor Elson (PSOL),https://lupa.uol.com.br/jornalismo/2020/11/02/florianopolis-professor-elson-plano-diretor,0,Lupa - UOL,lupa.uol.com.br,2020-11-02 00:00:00,False,original
"Wellington Dias fez do Piauí líder em energia eólica? Deu ao estado IDH de 0,7?",O Piaui é o Estado com [o] menor número de homicídios do Nordeste,,https://lupa.uol.com.br/jornalismo/2018/08/28/wellington-dias-twitter,0,Lupa - UOL,lupa.uol.com.br,2018-08-28 00:00:00,False,original
Governo Bolsonaro conclui menos da metade das metas dos 100 primeiros dias,"Ampliação da utilização de dados de trabalhadores do Sine [Sistema Nacional do Emprego], abrindo cadastro para empresas privadas - Sine Aberto",Governo Jair Bolsonaro,https://lupa.uol.com.br/jornalismo/2019/04/10/metas-dias-bolsonaro,0,Lupa - UOL,lupa.uol.com.br,2019-04-10 00:00:00,False,original
#DebateBand: checamos em tempo real o 1º debate presidencial de 2018,Fui eleito [senador] com quase 80% dos votos do meu estado,Alvaro Dias,https://lupa.uol.com.br/jornalismo/2018/08/09/debate-band-tempo-real-2018,0,Lupa - UOL,lupa.uol.com.br,2018-08-10 00:00:00,False,original
"Nas redes sociais, candidatos de SP erram sobre saúde e desemprego","Celso Russomanno é acusado em um Boletim de Ocorrência de tentar furtar um gerador de energia de R$ 125 mil do prédio onde funcionava o bar que era dono. Humilhação de trabalhadores, dívida com garçons, calotes milionários e agora furto! Isso que é currículo!",Guilherme Boulos (PSOL),https://lupa.uol.com.br/jornalismo/2020/11/13/redes-sociais-candidatos-de-sp,0,Lupa - UOL,lupa.uol.com.br,2020-11-13 00:00:00,False,original
Recife: João Campos erra dado sobre deslocamentos de carro,Fui autor do requerimento que criou a CPI do óleo,João Campos (PSB),https://lupa.uol.com.br/jornalismo/2020/11/13/recife-joao-campos-erra-dado-sobre-deslocamentos-de-carro-no-recife,0,Lupa - UOL,lupa.uol.com.br,2020-11-14 00:00:00,False,original
Falso: Crivella erra ao falar de Saúde e ao defender Rodrigo Bethlem,"Quando dei meu voto, eu disse bem: estou votando e peço ao Senado que seja justo. Justo e não justiceiro",Marcelo Crivella,https://lupa.uol.com.br/jornalismo/2016/09/20/falso-crivella-erra-ao-falar-de-saude-e-ao-defender-rodrigo-bethlem,0,Lupa - UOL,lupa.uol.com.br,2016-09-20 00:00:00,False,original
Prefeitura SP: checamos o que os candidatos disseram no primeiro debate de 2020,Doria falou que as crianças pobres não tinham hábito alimentar,Jilmar Tatto,https://lupa.uol.com.br/jornalismo/2020/10/02/debate-candidatos-sao-paulo-band,0,Lupa - UOL,lupa.uol.com.br,2020-10-02 00:00:00,False,original
Prefeitura SP: Checamos o que candidatos falaram no último debate antes do 1º turno,"Hoje, apenas 40% da cidade é coberta no programa de Saúde da Família",Orlando Silva (PCdoB),https://lupa.uol.com.br/jornalismo/2020/11/13/debate-tv-cultura-12-11,0,Lupa - UOL,lupa.uol.com.br,2020-11-13 00:00:00,False,original
Cuiabá: Emanuel Pinheiro erra ao falar sobre o próprio patrimônio,Cuiabá superou todas as metas estabelecidas pelo Ideb,Emanuel Pinheiro (MDB),https://lupa.uol.com.br/jornalismo/2020/11/04/cuiaba-emanuel-pinheiro-patrimonio,0,Lupa - UOL,lupa.uol.com.br,2020-11-04 00:00:00,False,original
Debate entre presidenciáveis na TV Aparecida: checamos em tempo real | Agência Lupa,"[O Brasil tem] 35 partidos políticos, 25 com representação na Câmara Federal",Geraldo Alckmin,https://piaui.folha.uol.com.br/lupa/2018/09/20/debate-tv-aparecida/,0,Revista Piauí,piaui.folha.uol.com.br,2018-09-20 19:30:43,False,original
São verdadeiras as frases de Bolsonaro sobre incêndios no Museu Nacional e na Catedral de Notre Dame,"Quando o museu pega fogo e é brasileiro: 'Já está feito, já pegou fogo, quer que faça o quê?', diz Bolsonaro sobre incêndio no Museu Nacional",Facebook,https://lupa.uol.com.br/jornalismo/2019/04/17/verificamos-bolsonaro-museu-nacional-notre-dame,0,Lupa - UOL,lupa.uol.com.br,2019-04-17 00:00:00,False,original
Saneamento básico: Amoêdo e Freixo debatem tema com erros e acertos em rede social,"Já em Buenos Aires (...) período de concessão para a iniciativa privada, [foi] marcado por descumprimentos contratuais pelo governo e pela empresa (...)",João Amoêdo,https://lupa.uol.com.br/jornalismo/2019/06/04/saneamento-basico-rede,0,Lupa - UOL,lupa.uol.com.br,2019-06-04 00:00:00,False,original
Candidatos de Curitiba exageram sobre gestão da pandemia em sabatinas Folha/UOL,Curitiba tem mais de 350 favelas...,"Goura Nataraj (PDT), candidato a prefeito de Curitiba",https://lupa.uol.com.br/jornalismo/2020/10/22/eleicoes-sabatina-folha-curitiba,0,Lupa - UOL,lupa.uol.com.br,2020-10-22 00:00:00,False,original
#DebateBand: checamos em tempo real o 1º debate presidencial de 2018,[O juiz Sérgio] Moro recebe auxílio-moradia sendo proprietário [de imóvel] em Curitiba (...),Ciro Gomes,https://lupa.uol.com.br/jornalismo/2018/08/09/debate-band-tempo-real-2018,0,Lupa - UOL,lupa.uol.com.br,2018-08-10 00:00:00,False,original
Governo de SP: Seis verdades ‘inconvenientes’ para Doria e França,"Você (…) [foi] coordenador de campanha do Garotinho, que agora foi cassado",João Doria,https://lupa.uol.com.br/jornalismo/2018/10/24/sp-seis-verdades-doria-franca,0,Lupa - UOL,lupa.uol.com.br,2018-10-24 00:00:00,False,original
"Publicação lista 31 ações de Bolsonaro em três meses, mas só sete são verdadeiras",Flexibilizou a posse de armas,Facebook,https://lupa.uol.com.br/jornalismo/2019/04/17/verificamos-lista-bolsonaro,0,Lupa - UOL,lupa.uol.com.br,2019-04-17 00:00:00,False,original
Os dados equivocados usados na defesa do senador afastado Aécio Neves,Fui afastado do cargo para o qual fui eleito por mais de 7 milhões de mineiros,Aécio Neves,https://lupa.uol.com.br/jornalismo/2017/05/26/aecio-neves-defesa-jbs,0,Lupa - UOL,lupa.uol.com.br,2017-05-26 00:00:00,False,original
"Porto Velho: Breno Mendes, Lindomar Garçon e Williames Pimentel erram dados",Porto Velho está entre as três cidades com o menor índice de saneamento básico do Brasil,Williames Pimentel (MDB),https://lupa.uol.com.br/jornalismo/2020/11/05/porto-velho-breno-mendes-lindomar-garcon-williames-pimentel,0,Lupa - UOL,lupa.uol.com.br,2020-11-05 00:00:00,False,original
"Homofobia, salário de mulheres e inadimplência: os erros de Bolsonaro em sabatina",Eu votei contra o fundão [fundo eleitoral],Jair Bolsonaro,https://lupa.uol.com.br/jornalismo/2018/08/04/bolsonaro-sabatina-globonews,0,Lupa - UOL,lupa.uol.com.br,2018-08-04 00:00:00,False,original
"Ciro versus Doria: o caso Embratur, o rio São Francisco e as operações da PF",Doria foi chefe da Embratur no governo Sarney,Ciro Gomes,https://lupa.uol.com.br/jornalismo/2017/03/29/cirogomes,0,Lupa - UOL,lupa.uol.com.br,2017-03-29 00:00:00,False,original
Novembro azul: mitos e verdades sobre câncer de próstata no Twitter,A incidência do #câncer de #próstata aumenta de acordo com a idade,Post no Twitter,https://lupa.uol.com.br/jornalismo/2019/11/15/novembro-azul-cancer,0,Lupa - UOL,lupa.uol.com.br,2019-11-15 00:00:00,False,original
Florianópolis: Angela Amin erra número de casas construídas em sua gestão,"Enquanto estive à frente da prefeitura, fiz muito pela nossa cidade. Fui eleita seis vezes a melhor prefeita entre as capitais do Brasil",Angela Amin (Progressistas),https://lupa.uol.com.br/jornalismo/2020/11/06/florianopolis-angela-amin-casas,0,Lupa - UOL,lupa.uol.com.br,2020-11-07 00:00:00,False,original
"Em visita a Netanyahu, Bolsonaro erra ao comentar relações comerciais do Brasil com Israel","Temos 26 estados no Brasil, e Israel é menor que o menor de nossos estados, o estado de Sergipe",Jair Bolsonaro,https://lupa.uol.com.br/jornalismo/2019/04/02/bolsonaro-israel,0,Lupa - UOL,lupa.uol.com.br,2019-04-02 00:00:00,False,original
Erros e acertos de Marina Silva no Jornal Nacional e no Jornal das 10,E eles [Transparência Internacional] produziram mais de 70 propostas para combate à corrupção,Marina Silva,https://lupa.uol.com.br/jornalismo/2018/08/30/marina-silva-tv-globo,0,Lupa - UOL,lupa.uol.com.br,2018-08-31 00:00:00,False,original
É falso que Dilma mandou a população comer ovos diante de alta no preço da carne em 2014,Vou relembrar a época do governo do PT em que chegamos a pagar 15 reais num kilo de feijão !!!,Post no Facebook,https://lupa.uol.com.br/jornalismo/2020/09/15/verificamos-dilma-ovos-carne,0,Lupa - UOL,lupa.uol.com.br,2020-09-15 00:00:00,False,original
Debate entre presidenciáveis na TV Globo: checamos em tempo real,63 milhões de brasileiros com seu nome humilhado no SPC,Ciro Gomes,https://lupa.uol.com.br/jornalismo/2018/10/04/debate-globo,0,Lupa - UOL,lupa.uol.com.br,2018-10-04 00:00:00,False,original
Erros e acertos dos candidatos ao governo de São Paulo no SPTV,"Se você comparar o salário de educação do estado de São Paulo com um estado (...) como (...) o Maranhão, o salário é muito baixo",Luiz Marinho,https://lupa.uol.com.br/jornalismo/2018/09/18/candidatos-sao-paulo-sptv,0,Lupa - UOL,lupa.uol.com.br,2018-09-18 00:00:00,False,original
"Representando Lula, Berzoini exagera ao falar de desemprego",Nós [o Distrito Federal] temos a renda per capita mais alta do brasil e uma das maiores desigualdades,Ricardo Berzoini,https://lupa.uol.com.br/jornalismo/2018/08/02/berzoini-metropoles-pt,0,Lupa - UOL,lupa.uol.com.br,2018-08-02 00:00:00,False,original
#VerificamosENEM: Horário de fechamento dos portões varia com fuso-horário. Fique de olho!,Não permitir que artigos religiosos sejam revistados é motivo de eliminação no Enem,,https://lupa.uol.com.br/jornalismo/2018/11/10/verificamosenem-fechamento-portoes,0,Lupa - UOL,lupa.uol.com.br,2018-11-10 00:00:00,False,original
"Um ano após incêndio, promessas para o Museu Nacional não foram cumpridas","Os recursos [liberados pelo Ministério da Educação] serão utilizados para serviços como a construção de cobertura provisória, remoção dos materiais, escoramento da estrutura do Museu, fechamento de esquadrias, gerenciamento das obras e fiscalização",Ministério da Educação,https://lupa.uol.com.br/jornalismo/2019/09/02/promessas-museu-nacional-um-ano,0,Lupa - UOL,lupa.uol.com.br,2019-09-02 00:00:00,False,original
Governo Bolsonaro conclui menos da metade das metas dos 100 primeiros dias,Intensificação do processo de inserção econômica internacional com medidas de facilitação do comércio,Governo Jair Bolsonaro,https://lupa.uol.com.br/jornalismo/2019/04/10/metas-dias-bolsonaro,0,Lupa - UOL,lupa.uol.com.br,2019-04-10 00:00:00,False,original
Fundo Eleitoral transferiu mais de R$ 4 bilhões a partidos em duas eleições,Só o PT recebeu mais de R$ 400 milhões,Revista Oeste,https://lupa.uol.com.br/jornalismo/2020/11/28/fundo-eleitoral-partidos,0,Lupa - UOL,lupa.uol.com.br,2020-11-28 00:00:00,False,original
Bolsonaro se contradiz sobre Base de Alcântara e exagera ao falar de ICMS,[A Venezuela] há pouco era um dos países mais ricos da América do Sul,Jair Bolsonaro,https://lupa.uol.com.br/jornalismo/2019/03/20/bolsonaro-trump-encontro,0,Lupa - UOL,lupa.uol.com.br,2019-03-20 00:00:00,False,original
Teich cita dado incorreto sobre OMS e cloroquina na CPI da Covid,"Existia um entendimento diferente do presidente [sobre a eficácia e extensão do uso da cloroquina no tratamento da Covid-19], que era amparado na opinião de outros profissionais, até do Conselho Federal de Medicina, que naquele momento autorizou a extensão do uso","Nelson Teich, ex-ministro da Saúde",https://lupa.uol.com.br/jornalismo/2021/05/06/teich-cloroquina-cpi-da-covid,0,Lupa - UOL,lupa.uol.com.br,2021-05-06 00:00:00,False,original
"Em pronunciamento, Bolsonaro muda tom, mas repete mentiras sobre vacinação","Em julho de 2020, assinamos um acordo com a Universidade de Oxford para a produção, na Fiocruz, de 100 milhões de doses da vacina AstraZeneca e liberamos, em agosto, R$ 1,9 bilhão",Jair Bolsonaro (sem partido),https://lupa.uol.com.br/jornalismo/2021/03/23/pronunciamento-bolsonaro-vacinacao,0,Lupa - UOL,lupa.uol.com.br,2021-03-24 00:00:00,False,original
#NoTobacco: ‘O Brasil é o maior produtor mundial de folha de tabaco?,Quinze milhões de cigarros são vendidos diariamente no mundo,,https://lupa.uol.com.br/jornalismo/2017/05/31/dia-mundial-sem-tabaco,0,Lupa - UOL,lupa.uol.com.br,2017-05-31 00:00:00,False,original
Marinha não aplica protocolo que prescreve ‘uso domiciliar da ivermectina,"URGENTE! NOVO PROTOCOLO IVERMECTINA MARINHA DO BRASIL P/ A COVID-19, URGENT! NEW IVERMECTIN PROTOCOL",Vídeo no Youtube,https://lupa.uol.com.br/jornalismo/2020/06/23/verificamos-marinha-protocolo-ivermectina,0,Lupa - UOL,lupa.uol.com.br,2020-06-23 00:00:00,False,original
Governo Bolsonaro conclui menos da metade das metas dos 100 primeiros dias,"Regras e critérios para ocupação de cargos de confiança no governo federal - impedir o loteamento de cargos públicos indevidamente com adoção de critérios objetivos para nomeação, como experiência comprovada, qualificação técnica e idoneidade moral",Governo Jair Bolsonaro,https://lupa.uol.com.br/jornalismo/2019/04/10/metas-dias-bolsonaro,0,Lupa - UOL,lupa.uol.com.br,2019-04-10 00:00:00,False,original
Governo Bolsonaro conclui menos da metade das metas dos 100 primeiros dias,"Implantação do Centro de Testes de Tecnologias de Dessalinização, com mapeamento de tecnologias em operação no semiárido",Governo Jair Bolsonaro,https://lupa.uol.com.br/jornalismo/2019/04/10/metas-dias-bolsonaro,0,Lupa - UOL,lupa.uol.com.br,2019-04-10 00:00:00,False,original
Florianópolis: Pedrão erra sobre construção de casas populares,A Casan opera na cidade há mais de 40 anos,Pedrão (PL),https://lupa.uol.com.br/jornalismo/2020/11/04/florianopolis-pedrao-casas-populares,0,Lupa - UOL,lupa.uol.com.br,2020-11-04 00:00:00,False,original
Teresina: Montezuma subestima nota da rede estadual de ensino,"São 27 capitais, e é aqui em Teresina que nós temos a melhor educação",Kleber Montezuma (PSDB),https://lupa.uol.com.br/jornalismo/2020/11/12/teresina-montezuma-rede-estadual-ensino,0,Lupa - UOL,lupa.uol.com.br,2020-11-12 00:00:00,False,original
Florianópolis: Pedrão erra sobre construção de casas populares,"Enquanto vereador, fiz 14 emendas num projeto que estava paralisado desde 2015 na Câmara, que é o Projeto Sapiens",Pedrão (PL),https://lupa.uol.com.br/jornalismo/2020/11/04/florianopolis-pedrao-casas-populares,0,Lupa - UOL,lupa.uol.com.br,2020-11-04 00:00:00,False,original
Hartung erra ao situar salário da PM do ES em 10º lugar no ranking nacional,"Estamos hoje com 2 mil homens, entre a Força Nacional de Segurança, o Exército, a Marinha e Aeronáutica, nos apoiando (no ES)",Paulo Hartung,https://lupa.uol.com.br/jornalismo/2017/02/13/hartung-erra-ranking-pm,0,Lupa - UOL,lupa.uol.com.br,2017-02-13 00:00:00,False,original
Ministro da Infraestrutura erra sobre acidentes em rodovia e subestima gastos com dívida,Nós temos hoje o sexto maior mercado de aviação [doméstica] do mundo,Tarcísio Gomes de Freitas,https://lupa.uol.com.br/jornalismo/2019/08/02/tarcisio-infraestrutura-central-globonews,0,Lupa - UOL,lupa.uol.com.br,2019-08-02 00:00:00,False,original
É falso que Bolsonaro foi vaiado em entrega de casas populares no Ceará,BOLSONARO É VAIADO NO CEARÁ!,Legenda de post publicado no Facebook,https://lupa.uol.com.br/jornalismo/2021/08/18/verificamos-bolsonaro-vaiado-ceara,0,Lupa - UOL,lupa.uol.com.br,2021-08-18 00:00:00,False,original
Tatto exagera sobre filiados do PT e vale-alimentação escolar na pandemia em sabatina Folha/UOL,"A prefeitura [de São Paulo], nesse momento, tem R$ 19,6 bilhões em caixa",Jilmar Tatto (PT),https://lupa.uol.com.br/jornalismo/2020/10/30/tatto-sabatina-folha-uol,0,Lupa - UOL,lupa.uol.com.br,2020-10-30 00:00:00,False,original
Post cita relatório não oficial para atacar medidas preventivas durante pandemia da Covid-19,"[A hidroxicloroquina] não é um retroviral e possui muitos efeitos colaterais adversos, como cardíacos",Post no Facebook,https://lupa.uol.com.br/jornalismo/2020/09/18/verificamos-relatorio-medidas-pandemia,0,Lupa - UOL,lupa.uol.com.br,2020-09-18 00:00:00,False,original
"Marta diz que não tem ‘um tostão’, mas arrecadou R$ 2,4 milhões",Eu votei pela perda de direitos políticos,Marta Suplicy,https://lupa.uol.com.br/jornalismo/2016/09/07/marta-diz-que-nao-tem-um-tostao-mas-arrecadou-r-24-milhoes-em-3-semanas,0,Lupa - UOL,lupa.uol.com.br,2016-09-07 00:00:00,False,original
Fotos de Moro com Maia e Joice não foram tiradas após saída do ex-juiz do governo Bolsonaro,"JOICE E RODRIGO MAIA E MORO JUNTOS, ME DESCULPEM MAIS ALGO ESTA ERRADO AI !!! Isso apos moto deixa (sic) o governo Bolsonaro",Post no Facebook,https://lupa.uol.com.br/jornalismo/2020/04/27/verificamos-moro-maia-joice,0,Lupa - UOL,lupa.uol.com.br,2020-04-27 00:00:00,False,original
"Na sabatina Folha/UOL, Vera Lúcia erra sobre dívidas com a prefeitura de SP",São Paulo sendo a maior cidade (...) da América Latina,Vera Lúcia (PSTU),https://lupa.uol.com.br/jornalismo/2020/10/27/sabatina-folha-uol-vera-lucia,0,Lupa - UOL,lupa.uol.com.br,2020-10-27 00:00:00,False,original
"Debate Folha, UOL e SBT entre presidenciáveis: checamos em tempo real",40% dos lares brasileiros [são] liderados por mulheres,Marina Silva,https://lupa.uol.com.br/jornalismo/2018/09/26/debate-folha-uol-sbt,0,Lupa - UOL,lupa.uol.com.br,2018-09-26 00:00:00,False,original
Bolsonaro no Roda Viva: erros e acertos do candidato do PSL à Presidência,"[Pelo projeto do voto impresso aprovado no Congresso, o eleitor] Não sairia com o papel (comprovante de voto), não",Jair Bolsonaro,https://lupa.uol.com.br/jornalismo/2018/07/31/bolsonaro-roda-viva,0,Lupa - UOL,lupa.uol.com.br,2018-07-31 00:00:00,False,original
"No fim do mandato, Temer erra e exagera dados sobre a economia em seu governo","No final do ano seguinte [2017], era [o crescimento do PIB] mais 1%",Michel Temer,https://lupa.uol.com.br/jornalismo/2018/12/24/temer-economia-governo,0,Lupa - UOL,lupa.uol.com.br,2018-12-24 00:00:00,False,original
Maioria das parcerias anunciadas por Doria em Davos em 2019 ainda não saiu do papel,"Durante o Fórum, firmamos a colaboração do grupo português EDP na recuperação do Museu do Ipiranga. A empresa já patrocina a reconstrução do Museu da Língua Portuguesa e, com mais este apoio, fará uma grande contribuição com a preservação da história do Brasil. #SPemDavos",João Doria,https://lupa.uol.com.br/jornalismo/2020/01/17/doria-davos-2019,0,Lupa - UOL,lupa.uol.com.br,2020-01-17 00:00:00,False,original
Salvador: candidatos citam dados falsos sobre saúde e gestão em sabatinas Folha/UOL,"174 cidades do mundo neste momento estão com o BRT funcionando ou em expansão: Nova York, Quebec, Los Angeles, Paris",Bruno Reis (DEM),https://lupa.uol.com.br/jornalismo/2020/10/19/salvador-sabatina-eleicoes,0,Lupa - UOL,lupa.uol.com.br,2020-10-19 00:00:00,False,original
Patinete elétrico está sujeito ao Código de Trânsito? Veja mitos e verdades,"Em alguns países, o uso de patinetes já começou a ser restringido",,https://lupa.uol.com.br/jornalismo/2019/05/15/patinete-eletrico-mitos-verdades,0,Lupa - UOL,lupa.uol.com.br,2019-05-15 00:00:00,False,original
Cobrança por bagagem despachada em voos começa nesta quinta-feira?,A bagagem de mão pode ser maior do que antes,,https://lupa.uol.com.br/jornalismo/2017/05/17/mitos-e-verdades-sobre-a-cobranca-de-bagagens-nos-voos,0,Lupa - UOL,lupa.uol.com.br,2017-05-17 00:00:00,False,original
Bolsonaro e Haddad iniciam 2º turno com entrevistas ao Jornal Nacional,"Tendo apenas 20 dias de campanha, atingi 29% dos votos, mais de 30 milhões de votos",Fernando Haddad,https://lupa.uol.com.br/jornalismo/2018/10/08/bolsonaro-haddad-jornal-nacional,0,Lupa - UOL,lupa.uol.com.br,2018-10-09 00:00:00,False,original
Goiânia: Vanderlan se contradiz sobre áudio a respeito do senador Chico Rodrigues,Cerca de 6 mil pessoas estão estudando nas Escolas de Jovens e Adultos aqui em Goiânia,Vanderlan Cardoso (PSD),https://lupa.uol.com.br/jornalismo/2020/11/03/goiania-vanderlan-chico-rodrigues,0,Lupa - UOL,lupa.uol.com.br,2020-11-03 00:00:00,False,original
"Na Folha, Alckmin comete deslize histórico, mas acerta sobre desonerações","Nós temos, de incentivo [renúncia fiscal], 4% do PIB, R$ 280 bilhões, quase",Geraldo Alckmin,https://lupa.uol.com.br/jornalismo/2018/07/17/folha-alckmin-desoneracoes,0,Lupa - UOL,lupa.uol.com.br,2018-07-17 00:00:00,False,original
"Em sabatina Folha/UOL, Covas erra sobre aumento de casos de Covid-19 em SP","Abordei esse tema [racismo] logo no primeiro debate na TV Bandeirantes, falando um pouco das ações que realizamos","Bruno Covas, candidato do PSDB à prefeitura de São Paulo",https://lupa.uol.com.br/jornalismo/2020/11/26/sabatina-folha-covas-segundo-turno,0,Lupa - UOL,lupa.uol.com.br,2020-11-26 00:00:00,False,original
"Nas redes sociais, candidatos de SP erram sobre saúde e desemprego","Quando governador, ampliei a categoria de veículos e reduzi, pela metade, o tempo de venda de carros para pessoas com deficiência. Mas olha só: o Doria mandou para a Assembleia Legislativa uma proposta para revogar esse direito, que foi conquistado com muita luta e beneficiou muitos paulistanos",Márcio França (PSB),https://lupa.uol.com.br/jornalismo/2020/11/13/redes-sociais-candidatos-de-sp,0,Lupa - UOL,lupa.uol.com.br,2020-11-13 00:00:00,False,original
"No Senado, Kassio Marques cita dados falsos sobre pós-graduações e decisões no TRF1",A palavra aborto aparece duas vezes na minha dissertação de mestrado e (...) [a dissertação] absolutamente não trata sobre nenhum aspecto do aborto,Kassio Nunes Marques,https://lupa.uol.com.br/jornalismo/2020/10/23/kassio-marques-sabatina,0,Lupa - UOL,lupa.uol.com.br,2020-10-23 00:00:00,False,original
"Sabatina Folha, UOL e SBT: Alckmin erra ao falar sobre passado de adversários",Marina [ficou] 25 anos no PT,Geraldo Alckmin,https://lupa.uol.com.br/jornalismo/2018/09/11/alckmin-sabatina-folha-uol-sbt,0,Lupa - UOL,lupa.uol.com.br,2018-09-11 00:00:00,False,original
"Sem ir ao debate da Globo, Bolsonaro repete imprecisões na Record e em emissora de rádio","Ele mesmo [Palocci] diz: 'nas últimas campanhas, Dilma Rousseff gastou em torno de R$ 1,5 bilhão",Jair Bolsonaro,https://lupa.uol.com.br/jornalismo/2018/10/05/bolsonaro-record-radios,0,Lupa - UOL,lupa.uol.com.br,2018-10-05 00:00:00,False,original
"Bolsonaro erra ao dizer que general, capitão e sargento ‘ganham basicamente a mesma coisa","Audiência de custódia: você sabe que o policial prende o marginal em flagrante e, em menos de 24 horas, metade deles são postos em liberdade",Jair Bolsonaro,https://lupa.uol.com.br/jornalismo/2018/05/28/bolsonaro-salario-militares,0,Lupa - UOL,lupa.uol.com.br,2018-05-28 00:00:00,False,original
"Em entrevistas, Salles cita dados incorretos sobre desmatamento e queimadas na Amazônia","[Emissão de carbono]...3%, nós não somos os vilões da emissão do gás estufa no mundo","Ministro do Meio Ambiente, Ricardo Salles",https://lupa.uol.com.br/jornalismo/2020/09/30/entrevistas-salles-dados-amazonia,0,Lupa - UOL,lupa.uol.com.br,2020-09-30 00:00:00,False,original
Alckmin erra sobre investimento em SP e saída de Aécio da presidência do PSDB,"Para governador, na última eleição, dos 645 municípios [de São Paulo], eu ganhei 644. Ganhei no primeiro turno com 56% dos votos",Geraldo Alckmin,https://lupa.uol.com.br/jornalismo/2018/08/03/geraldo-alckmin-globonews,0,Lupa - UOL,lupa.uol.com.br,2018-08-03 00:00:00,False,original
É falso que CDC constatou 21 mil casos de miocardite causados pela vacina,Nós temos 21 mil casos de miocardites nos EUA que o CDC constatou,Instagram,https://lupa.uol.com.br/jornalismo/2022/02/01/cdc-casos-miocardite-vacina,0,Lupa - UOL,lupa.uol.com.br,2022-02-01 00:00:00,False,original
Padre Marcelo Rossi não gravou áudio com apologia a golpe militar,"A grande preocupação agora são essas eleições. Se sobe um partido como eles [partidos de esquerda], a crise que nós estamos vivendo vai ser tão séria que a gente termine até em uma revolução. Porque vai ser muito fácil as pessoas do centro-oeste, sul e sudeste não aceitarem este governo. Vai ser muito fácil nós começarmos a ver manifestações políticas sérias, vai ser muito fácil a população começar a exigir uma intervenção militar",Mensagem no WhatsApp,https://lupa.uol.com.br/jornalismo/2021/04/16/verificamos-padre-marcelo-rossi-audio-golpe-militar,0,Lupa - UOL,lupa.uol.com.br,2021-04-16 00:00:00,False,original
"Governo RJ: Checamos, em tempo real, debate entre Paes e Witzel na Globo","Mais de 1,3 milhão de cidadãos sem condição de trabalhar",Wilson Witzel,https://lupa.uol.com.br/jornalismo/2018/10/25/debate-witzel-paes-globo,0,Lupa - UOL,lupa.uol.com.br,2018-10-26 00:00:00,False,original
Aracaju: Delegada Danielle erra dados em sua proposta de governo,[...] a cidade [Aracaju] apresenta 95 aglomerados subnormais,Delegada Danielle (Cidadania),https://lupa.uol.com.br/jornalismo/2020/11/03/aracaju-delegada-danielle-proposta-governo,0,Lupa - UOL,lupa.uol.com.br,2020-11-03 00:00:00,False,original
Doria exagera ao dizer que chefes não comandam mais principal facção paulista de dentro de presídios de SP,Nenhuma rebelião [no Complexo Penitenciário de Ribeirão das Neves],João Doria,https://lupa.uol.com.br/jornalismo/2019/07/27/doria-pcc-faccao-presidios,0,Lupa - UOL,lupa.uol.com.br,2019-07-27 00:00:00,False,original
Mensagem de Temer ao Congresso contém dados truncados sobre o Brasil | Agência Lupa,"Atendeu em dezembro de 2016 cerca de 13,6 milhões de famílias, com benefício médio da ordem de R$ 181,15",,https://piaui.folha.uol.com.br/lupa/2017/02/03/mensagem-de-temer-ao-congresso-contem-dados-truncados-sobre-o-brasil/,0,Revista Piauí,piaui.folha.uol.com.br,2017-02-03 00:00:00,False,original
Bolsonaro no Roda Viva: erros e acertos do candidato do PSL à Presidência,"O [então deputado federal] Ulysses Guimarães votou, no dia 11 de abril de 1964, em Castelo Branco para presidente",Jair Bolsonaro,https://lupa.uol.com.br/jornalismo/2018/07/31/bolsonaro-roda-viva,0,Lupa - UOL,lupa.uol.com.br,2018-07-31 00:00:00,False,original
"Recife: Candidatos erram ao falar de saúde, habitação e mobilidade em sabatinas Folha/UOL","Foram prometidos cinco [Centro Comunitário da Paz], mas só tem três",Patrícia Domingos (Podemos),https://lupa.uol.com.br/jornalismo/2020/10/17/recife-saude-habitacao-mobilidade,0,Lupa - UOL,lupa.uol.com.br,2020-10-17 00:00:00,False,original
Debate entre presidenciáveis na TV Aparecida: checamos em tempo real | Agência Lupa,Eduardo Jorge aprovou a lei dos genéricos,Marina Silva,https://piaui.folha.uol.com.br/lupa/2018/09/20/debate-tv-aparecida/,0,Revista Piauí,piaui.folha.uol.com.br,2018-09-20 19:30:43,False,original
Amoêdo: Banco Mundial disse que Brasil economizaria 7% do PIB só cortando privilégios?,"A última coisa que ele [Bolsonaro] fez foi votar contra o cadastro positivo (...) se aliando nesse voto ao PT, ao PSOL e ao PCdoB",João Amoêdo (Novo),https://lupa.uol.com.br/jornalismo/2018/06/20/amoedo-economia-pib,0,Lupa - UOL,lupa.uol.com.br,2018-06-20 00:00:00,False,original
"No Roda Viva, Bruno Covas exagera média das aposentadorias pagas pelo INSS",Aqui na cidade de São Paulo um professor se aposenta recebendo em média R$ 10 mil,Bruno Covas,https://lupa.uol.com.br/jornalismo/2019/01/31/bruno-covas-aposentadorias,0,Lupa - UOL,lupa.uol.com.br,2019-01-31 00:00:00,False,original
"Em entrevistas a rádios locais, Ciro erra dados sobre reforma agrária, desemprego e concentração bancária",[O Brasil teve] quatro vezes a média de morte do mundo [por Covid-19],Ciro Gomes,https://lupa.uol.com.br/jornalismo/2022/03/09/ciro-gomes-entrevistas-radios-locais,0,Lupa - UOL,lupa.uol.com.br,2022-03-09 00:00:00,False,original
"No Roda Viva, Bruno Covas exagera média das aposentadorias pagas pelo INSS",Nós tínhamos 65 mil crianças aguardando vagas em creches e agora nós temos 20 mil crianças,Bruno Covas,https://lupa.uol.com.br/jornalismo/2019/01/31/bruno-covas-aposentadorias,0,Lupa - UOL,lupa.uol.com.br,2019-01-31 00:00:00,False,original
"Em pronunciamento, Bolsonaro distorce dados de vacinação no país e erra sobre BR-163",Ontem assinamos acordo de transferência de tecnologia para produção de vacinas no Brasil entre a AstraZeneca e a FioCruz (...),"Jair Bolsonaro (sem partido), presidente da República",https://lupa.uol.com.br/jornalismo/2021/06/02/bolsonaro-pronunciamento-covid-19,0,Lupa - UOL,lupa.uol.com.br,2021-06-03 00:00:00,False,original
"Comércio exterior, eleições, Bolsonaro e PT: imprecisões de Ciro Gomes após a posse do novo governo","Esse é o resultado das eleições no segundo turno em São Paulo, a terra do [Fernando] Haddad: ele tirou 32% dos votos válidos, e o Bolsonaro tirou 68%. O Bolsonaro ganhou no Rio de Janeiro com 70% [dos votos válidos]",Ciro Gomes,https://lupa.uol.com.br/jornalismo/2019/01/10/ciro-gomes-pos-eleicao,0,Lupa - UOL,lupa.uol.com.br,2019-01-10 00:00:00,False,original
"Ao se filiar ao Podemos, Sergio Moro erra sobre atuação na Lava Jato e desemprego",Mais de R$ 4 bilhões foram recuperados dos criminosos,Sergio Moro,https://lupa.uol.com.br/jornalismo/2021/11/11/moro-erra-lava-jato-desemprego,0,Lupa - UOL,lupa.uol.com.br,2021-11-11 00:00:00,False,original
Crivella descumpriu 4 de cada 5 promessas feitas na campanha de 2016,"13. Criar, no primeiro ano de governo e em parceria com universidades e organizações do terceiro setor, um novo programa de qualificação e avaliação de todos os professores municipais - com foco na progressão de sua formação e cursos de pós-graduação",Promessa do prefeito Marcelo Crivella,https://lupa.uol.com.br/jornalismo/2020/10/17/crivella-promessas-campanha-2016,0,Lupa - UOL,lupa.uol.com.br,2020-10-17 00:00:00,False,original
#DebateBand: checamos em tempo real o 1º debate presidencial de 2018,"A renda do cidadão do estado de São Paulo caiu ano a ano, inclusive no seu governo [Alckmin]",Henrique Meirelles,https://lupa.uol.com.br/jornalismo/2018/08/09/debate-band-tempo-real-2018,0,Lupa - UOL,lupa.uol.com.br,2018-08-10 00:00:00,False,original
A batalha entre Alexandre de Moraes e os senadores,O senhor (Alexandre de Moraes) advogou para Eduardo Cunha,Lindbergh Farias,https://lupa.uol.com.br/jornalismo/2017/02/22/sabatina-moraes,0,Lupa - UOL,lupa.uol.com.br,2017-02-22 00:00:00,False,original
"No Roda Viva, Boulos diz que Temer aumentou o déficit do Brasil. Será?",Mais de 30% dessa população carcerária [do Brasil] é de presos provisórios,Guilherme Boulos,https://lupa.uol.com.br/jornalismo/2018/05/09/roda-viva-boulos,0,Lupa - UOL,lupa.uol.com.br,2018-05-09 00:00:00,False,original
Bolsonaro no Roda Viva: erros e acertos do candidato do PSL à Presidência,O pessoal do Rio de Janeiro tem direito a gastar até R$ 400 mil [de Cotão],Jair Bolsonaro,https://lupa.uol.com.br/jornalismo/2018/07/31/bolsonaro-roda-viva,0,Lupa - UOL,lupa.uol.com.br,2018-07-31 00:00:00,False,original
Ministro da Infraestrutura erra sobre acidentes em rodovia e subestima gastos com dívida,75% das indenizações pagas em DPVAT é em acidente de moto,Tarcísio Gomes de Freitas,https://lupa.uol.com.br/jornalismo/2019/08/02/tarcisio-infraestrutura-central-globonews,0,Lupa - UOL,lupa.uol.com.br,2019-08-02 00:00:00,False,original
Texto mistura informações falsas e verdadeiras sobre saída de três empresas da Argentina,MWM (...) [anunciou] o fechamento [de sua fábrica] na Argentina,Facebook,https://lupa.uol.com.br/jornalismo/2019/11/07/verificamos-empresas-argentina,0,Lupa - UOL,lupa.uol.com.br,2019-11-07 00:00:00,False,original
Erros e acertos de Guilherme Boulos ao falar sobre moradia e segurança pública,[O Brasil ] é um dos países com maior violência contra as mulheres no mundo,Guilherme Boulos,https://lupa.uol.com.br/jornalismo/2018/07/04/boulos-metropoles-istoe-rede-tv,0,Lupa - UOL,lupa.uol.com.br,2018-07-04 00:00:00,False,original
Salvador: Bruno Reis erra ao falar em gestão fiscal e iluminação,Temos o orgulho de Salvador hoje ser a capital em 1º lugar em gestão fiscal do Brasil,Bruno Reis (DEM),https://lupa.uol.com.br/jornalismo/2020/11/13/salvador-bruno-reis-gestao-fiscal-iluminacao,0,Lupa - UOL,lupa.uol.com.br,2020-11-13 00:00:00,False,original
O que é verdade e mentira sobre o surto de febre amarela? Tire suas dúvidas,A febre amarela urbana é transmitida pelo mosquito Aedes aegypti,,https://lupa.uol.com.br/jornalismo/2017/01/23/o-que-e-verdade-e-mentira-sobre-a-febre-amarela,0,Lupa - UOL,lupa.uol.com.br,2017-01-23 00:00:00,False,original
Rossieli erra ao falar sobre políticas educacionais adotadas por outros países na pandemia,A média mundial de paralisação das aulas foi de 22 semanas no mundo. Nós estamos em 43 no Brasil,Rossieli Soares,https://lupa.uol.com.br/jornalismo/2021/02/10/rossieli-roda-viva,0,Lupa - UOL,lupa.uol.com.br,2021-02-10 00:00:00,False,original
"Em sabatina Folha/UOL, Renata Souza erra comparações com outras candidaturas",A gente tem aqui R$ 50 bilhões de dívidas [a receber] no Rio de Janeiro,Renata Souza,https://lupa.uol.com.br/jornalismo/2020/10/28/sabatina-rio-renata-2020,0,Lupa - UOL,lupa.uol.com.br,2020-10-28 00:00:00,False,original
Maia erra sobre salários de parlamentares e aumento na carga tributária,"Na Suécia, que não fez o isolamento (...) foi uma taxa de mais de 500 pessoas por milhão mortas",Rodrigo Maia,https://lupa.uol.com.br/jornalismo/2020/08/05/rodrigo-maia-roda-viva,0,Lupa - UOL,lupa.uol.com.br,2020-08-05 00:00:00,False,original
Rio de Janeiro: Martha Rocha erra ao explicar aumento nos registros de estupro,Nós aumentamos o número de apreensões,Delegada Martha Rocha (PDT),https://lupa.uol.com.br/jornalismo/2020/11/12/rio-de-janeiro-martha-rocha-registros-de-estupro,0,Lupa - UOL,lupa.uol.com.br,2020-11-12 00:00:00,False,original
"Em entrevistas para rádios estaduais, Lula repete erros, exageros e acertos sobre emprego, gasolina e pesquisas",Nós hoje exportamos pra China três vezes mais (...) do que exportamos para os Estados Unidos,Luiz Inácio Lula da Silva,https://lupa.uol.com.br/jornalismo/2022/02/07/lula-radios-estaduais,0,Lupa - UOL,lupa.uol.com.br,2022-02-07 00:00:00,False,original
Falas de Bolsonaro e segurança: acertos e erros do presidente da OAB no Roda Viva,"Ele [Bolsonaro] antes, alguns anos, tinha dito que meu pai tinha saído para beber [e desaparecido]",Felipe Santa Cruz,https://lupa.uol.com.br/jornalismo/2019/08/08/oab-presidente-bolsonaro,0,Lupa - UOL,lupa.uol.com.br,2019-08-08 00:00:00,False,original
Porto Alegre: Marchezan não cumpre promessas para terceira idade e transporte,"Promover a atenção domiciliar, reduzindo internações por cuidados paliativos (...)",Nelson Marchezan Júnior (plano de governo),https://lupa.uol.com.br/jornalismo/2020/10/13/porto-alegre-marchezan-promessas,0,Lupa - UOL,lupa.uol.com.br,2020-10-13 00:00:00,False,original
"Na GloboNews, Moro erra orçamento do Fundo Nacional de Segurança Pública",Nós mudamos o regime de visitas dos presídios federais,Sérgio Moro,https://lupa.uol.com.br/jornalismo/2019/05/20/moro-entrevista-seguranca,0,Lupa - UOL,lupa.uol.com.br,2019-05-20 00:00:00,False,original
Verdades e mentiras de Trump e Hillary no último debate presidencial dos EUA,"O presidente Obama tem deportado milhões de pessoas. Nada sabe sobre isto e nada fala sobre isto. Mas, durante a administração de Obama, milhões de pessoas foram deportadas",Donald Trump,https://lupa.uol.com.br/jornalismo/2016/10/19/lupa-checa-ao-vivo-3o-debate-entre-trump-e-hillary,0,Lupa - UOL,lupa.uol.com.br,2016-10-20 00:00:00,False,original
"Doria, Skaf, França e Marinho: onde erram os quatro grandes de SP","Se você olhar o Ideb de quando assumi [a prefeitura de São Bernardo do Campo], em 2008, era de 5,4. Deixei com 6,8",Luiz Marinho,https://lupa.uol.com.br/jornalismo/2018/07/24/doria-franca-skaf-marinho-sp,0,Lupa - UOL,lupa.uol.com.br,2018-07-24 00:00:00,False,original
É falso que Rodrigo Maia não pode presidir a Câmara porque nasceu no Chile,Rodrigo Maia não nasceu no Brasil (...),Facebook,https://lupa.uol.com.br/jornalismo/2019/03/25/verificamos-maia-chile-brasileiro,0,Lupa - UOL,lupa.uol.com.br,2019-03-25 00:00:00,False,original
Aracaju: Rodrigo Valadares exagera sobre educação e transporte público,Metade da nossa população [de Aracaju] não tem rede de esgoto,Rodrigo Valadares (PTB),https://lupa.uol.com.br/jornalismo/2020/10/29/aracaju-rodrigo-valadares-educacao-transporte,0,Lupa - UOL,lupa.uol.com.br,2020-10-29 00:00:00,False,original
Curitiba: Francischini erra ao falar sobre a sua taxa de rejeição em pesquisas,(...) a inflação foi 13% no período [gestão de Greca]. Então ele aumentou acima da inflação (...),Fernando Francischini (PSL),https://lupa.uol.com.br/jornalismo/2020/11/11/curitiba-francischini-pesquisas,0,Lupa - UOL,lupa.uol.com.br,2020-11-11 00:00:00,False,original
Cuiabá: Gisela Simona exagera dados sobre déficit de vagas em creches,"Nós temos um orçamento, hoje, na casa dos R$ 3,2 bilhões",Gisela Simona (PROS),https://lupa.uol.com.br/jornalismo/2020/10/28/cuiaba-gisela-simona-creches,0,Lupa - UOL,lupa.uol.com.br,2020-10-28 00:00:00,False,original
"Em live, Crivella erra ao falar sobre metodologia de pesquisas e apoio do PSL","O PSL aqui nos ataca muito. Inimigo jurado do meu governo, fazem críticas enormes (...)",Marcelo Crivella,https://lupa.uol.com.br/jornalismo/2020/11/06/live-crivella-eleicoes-2020,0,Lupa - UOL,lupa.uol.com.br,2020-11-06 00:00:00,False,original
Belo Horizonte: Alexandre Kalil exagera dados em crítica a auxílio para atingidos por chuvas,"Ela [a nota da rede municipal no Ideb] flutuou de 6,3 para 6",Alexandre Kalil (PSD),https://lupa.uol.com.br/jornalismo/2020/11/04/belo-horizonte-alexandre-kalil-obitos-covid,0,Lupa - UOL,lupa.uol.com.br,2020-11-04 00:00:00,False,original
"Na ONU, Bolsonaro cita dados falsos sobre pandemia e meio ambiente",[Nosso governo] concedeu auxílio emergencial (...) para 65 milhões de pessoas,Jair Bolsonaro,https://lupa.uol.com.br/jornalismo/2020/09/22/bolsonaro-onu-2020,0,Lupa - UOL,lupa.uol.com.br,2020-09-22 00:00:00,False,original
Salvador: candidatos citam dados falsos sobre saúde e gestão em sabatinas Folha/UOL,800 mil [turistas] ficam [no Carnaval de Salvador],Pastor Sargento Isidório (Avante),https://lupa.uol.com.br/jornalismo/2020/10/19/salvador-sabatina-eleicoes,0,Lupa - UOL,lupa.uol.com.br,2020-10-19 00:00:00,False,original
Tatto exagera sobre filiados do PT e vale-alimentação escolar na pandemia em sabatina Folha/UOL,São Paulo hoje deve estar com 6 mortes [no trânsito] por 100 mil habitantes,Jilmar Tatto (PT),https://lupa.uol.com.br/jornalismo/2020/10/30/tatto-sabatina-folha-uol,0,Lupa - UOL,lupa.uol.com.br,2020-10-30 00:00:00,False,original
Debate entre candidatos ao governo de SP na TV Globo: checamos em tempo real,"Da estação de tratamento até a sua casa, vaza um terço da água",Paulo Skaf,https://lupa.uol.com.br/jornalismo/2018/10/02/debate-sp-tv-globo,0,Lupa - UOL,lupa.uol.com.br,2018-10-02 00:00:00,False,original
Rio Branco: Minoru Kinpara exagera dados com cargos comissionados,Nós temos aqui em Rio Branco aproximadamente 114 km de ciclovias,Minoru Kinpara (PSDB),https://lupa.uol.com.br/jornalismo/2020/11/06/rio-branco-minoru-kinpara-cargos-comissionados,0,Lupa - UOL,lupa.uol.com.br,2020-11-06 00:00:00,False,original
Verdades e mentiras de Trump e Hillary no último debate presidencial dos EUA,"Donald usou trabalhadores sem documentação para construir o edifício Trump Tower. Pagou menos para os trabalhadores sem documentação e, quando eles se queixaram, basicamente disse o que dizem muitos patrões: se reclamar, será deportado",Hillary Clinton,https://lupa.uol.com.br/jornalismo/2016/10/19/lupa-checa-ao-vivo-3o-debate-entre-trump-e-hillary,0,Lupa - UOL,lupa.uol.com.br,2016-10-20 00:00:00,False,original
Prefeitura SP: checamos o que os candidatos disseram no primeiro debate de 2020,"Fui ministro do Lula e, em oito anos de mandato, teve 10 milhões de empregos criados",Orlando Silva,https://lupa.uol.com.br/jornalismo/2020/10/02/debate-candidatos-sao-paulo-band,0,Lupa - UOL,lupa.uol.com.br,2020-10-02 00:00:00,False,original
"Exportação agropecuária, efeito estufa e Mariana: erros do ministro do Meio Ambiente","O Ibama, por exemplo, já no dia seguinte [ao rompimento da barragem de Brumadinho], aplicou uma multa de R$ 250 milhões [à Vale]",Ricardo Salles,https://lupa.uol.com.br/jornalismo/2019/02/11/ricardo-salles-meio-ambiente,0,Lupa - UOL,lupa.uol.com.br,2019-02-11 00:00:00,False,original
"Vacina, contaminação e surto em SP: veja mitos e verdades sobre sarampo",São Paulo já teve mais de 300 casos registrados de sarampo neste ano,,https://lupa.uol.com.br/jornalismo/2019/07/24/vacina-contaminacao-sarampo,0,Lupa - UOL,lupa.uol.com.br,2019-07-24 00:00:00,False,original
Contas de prefeitura do PSOL e crise do Museu Nacional: erros de Tarcísio Motta no RJTV,[A polícia do RJ] mata 4 pessoas por dia (...) Morre 1 policial a cada 2 ou 3 dias no RJ,Tarcísio Motta,https://lupa.uol.com.br/jornalismo/2018/09/11/tarcisiomotta-rjtv,0,Lupa - UOL,lupa.uol.com.br,2018-09-11 00:00:00,False,original
Recife: Mendonça Filho erra dado sobre arrecadação com multas de trânsito,"Em 2019, a prefeitura do Recife gastou cerca de R$ 20 milhões em locação de automóveis e R$ 27 milhões com consultorias",Mendonça Filho (DEM),https://lupa.uol.com.br/jornalismo/2020/11/03/recife-mendonca-filho-multas-de-transito,0,Lupa - UOL,lupa.uol.com.br,2020-11-03 00:00:00,False,original
"Ao justificar cortes no MEC, Onyx Lorenzoni erra dados sobre universidades em Sergipe","[A Universidade Tiradentes tem] Quatro cursos com nota 5 de mestrado, quatro cursos com nota 5 de doutorado",Onyx Lorenzoni,https://lupa.uol.com.br/jornalismo/2019/05/07/onyx-lorenzoni-globonews,0,Lupa - UOL,lupa.uol.com.br,2019-05-07 00:00:00,False,original
Paulo Guedes exagera ao comparar Chile e Suíça e falar sobre negócios no Brasil,Mais pessoas morrem por ano aqui [no Brasil] do que os soldados americanos no Vietnã,Paulo Guedes,https://lupa.uol.com.br/jornalismo/2019/02/12/paulo-guedes-financial-times,0,Lupa - UOL,lupa.uol.com.br,2019-02-12 00:00:00,False,original
"Em entrevista na GloboNews, Rodrigo Maia confunde etapas de ensino ao falar de educação infantil","No final do voto, ele [relator do caso Wilson Santiago na Câmara] diz: ‘mas o mérito é muito grave e a Mesa Diretora precisa encaminhar uma representação do deputado Wilson Santiago ao Conselho de Ética’. E isso foi aprovado em conjunto e a Mesa já começa a trabalhar",Rodrigo Maia,https://lupa.uol.com.br/jornalismo/2020/02/08/rodrigo-maia-central-globonews,0,Lupa - UOL,lupa.uol.com.br,2020-02-08 00:00:00,False,original
Candidatos de Curitiba exageram sobre gestão da pandemia em sabatinas Folha/UOL,"(...) E abriu (...) em julho, quando tínhamos 15 mortos, 14 mortos por dia","Fernando Francischini (PSL), candidato a prefeito de Curitiba",https://lupa.uol.com.br/jornalismo/2020/10/22/eleicoes-sabatina-folha-curitiba,0,Lupa - UOL,lupa.uol.com.br,2020-10-22 00:00:00,False,original
Governo Bolsonaro conclui menos da metade das metas dos 100 primeiros dias,"As propostas são o decreto de regulamentação de posse de armas, que já está em execução (...)",Governo Jair Bolsonaro,https://lupa.uol.com.br/jornalismo/2019/04/10/metas-dias-bolsonaro,0,Lupa - UOL,lupa.uol.com.br,2019-04-10 00:00:00,False,original
#CaiuNaRede: É verdadeiro que aplicativo ajuda a treinar a fala de crianças com síndrome de Down,"Eu gostaria de pedir um imenso favor a vocês, caso conheçam famílias ou pessoas com síndrome de Down (T21). Já está disponível para uso gratuito o aplicativo SofiaFala (Software Inteligente de Apoio à Fala), financiado pelo CNPQ (Conselho Nacional de Desenvolvimento Científico e Tecnológico) e desenvolvido no laboratório da USP de Ribeirão Preto. Faz uso de inteligência artificial para capturar sons e imagens da face da criança pra auxiliar no desenvolvimento da fala.",Mensagem no WhatsApp,https://lupa.uol.com.br/jornalismo/2020/11/25/caiu-na-rede-aplicativo-sindrome-de-down,0,Lupa - UOL,lupa.uol.com.br,2020-11-25 00:00:00,False,original
Governo do RJ: dois erros e três acertos sobre segurança pública no 1º debate na TV,ISP mostra que a violência doméstica está disparando,Eduardo Paes,https://lupa.uol.com.br/jornalismo/2018/08/21/seguranca-rj-debate-igarape,0,Lupa - UOL,lupa.uol.com.br,2018-08-21 00:00:00,False,original
"Recife: Candidatos erram ao falar de saúde, habitação e mobilidade em sabatinas Folha/UOL",Aqui em Recife foram construídos sete hospitais de campanha em 45 dias,João Campos (PSB),https://lupa.uol.com.br/jornalismo/2020/10/17/recife-saude-habitacao-mobilidade,0,Lupa - UOL,lupa.uol.com.br,2020-10-17 00:00:00,False,original
Confira o gabarito o quiz ‘Adivinhe a etiqueta – Presidenciáveis,Hoje o Brasil tem 63 milhões de pessoas com nome sujo,Ciro Gomes,https://lupa.uol.com.br/jornalismo/2018/10/06/gabarito-quiz-etiqueta-presidenciaveis,0,Lupa - UOL,lupa.uol.com.br,2018-10-06 00:00:00,False,original
Câncer de pele mata? Só ocorre por exposição ao sol? Veja mitos e verdades sobre a doença,A quantidade de filtro solar influencia na prevenção do câncer de pele,,https://lupa.uol.com.br/jornalismo/2020/03/05/cancer-pele-mitos-verdades,0,Lupa - UOL,lupa.uol.com.br,2020-03-05 00:00:00,False,original
Erros e acertos de sete pré-candidatos ao governo do DF em debate,Temos o cadastro de nascidos vivos do SUS. O governo não tem que esperar quatro anos para saber que vai ter que construir uma creche,Eliana Pedrosa,https://lupa.uol.com.br/jornalismo/2018/07/11/erros-acertos-debate-df,0,Lupa - UOL,lupa.uol.com.br,2018-07-11 00:00:00,False,original
Prefeitura SP: checamos o que os candidatos disseram no primeiro debate de 2020,Quase R$ 100 milhões no [projeto de reforma do viaduto do] Anhangabaú,Andrea Matarazzo,https://lupa.uol.com.br/jornalismo/2020/10/02/debate-candidatos-sao-paulo-band,0,Lupa - UOL,lupa.uol.com.br,2020-10-02 00:00:00,False,original
"FactCheckLab: Prefeito de João Pessoa não cumpre promessas para saúde, mobilidade e meio ambiente","Executar o projeto Conexão Escolar, com vistas à distribuição de tablets para os alunos das escolas municipais",Luciano Cartaxo (PV),https://lupa.uol.com.br/jornalismo/2020/11/27/fact-check-lab-nordeste-joao-pessoa-promessas,0,Lupa - UOL,lupa.uol.com.br,2020-11-27 00:00:00,False,original
Lista de ‘conselhos dos hospitais’ contra Covid-19 traz recomendações falsas,Como saber que está infectado com o Covid-19: 1. Comichão na garganta 2. Garganta seca 3. Tosse seca 4. Alta temperatura 5. Falta de ar 6. Perda do olfato…,Imagem no WhatsApp,https://lupa.uol.com.br/jornalismo/2020/11/24/verificamos-conselhos-hospitais-covid-19,0,Lupa - UOL,lupa.uol.com.br,2020-11-24 00:00:00,False,original
"Na CPI da Covid, Queiroga distorce dados sobre vacinação e testagem; veja checagem","Nunca, em tão pouco tempo, tivemos vacinas eficazes para combater uma doença viral como a Covid","Marcelo Queiroga, ministro da Saúde",https://lupa.uol.com.br/jornalismo/2021/05/21/cpi-da-covid-queiroga-vacina,0,Lupa - UOL,lupa.uol.com.br,2021-05-21 00:00:00,False,original
Ministro-chefe da Casa Civil erra dados sobre armas ao defender decreto que flexibiliza posse,"É para valer para o país inteiro [o decreto] (...). Havia uma preocupação de que algum estado brasileiro - São Paulo, principalmente, Santa Catarina - (...) pudessem estar abaixo desse critério [de mais de 10 homicídios a cada 100 mil habitantes]",Onyx Lorenzoni,https://lupa.uol.com.br/jornalismo/2019/01/16/onyx-posse-armas-decreto,0,Lupa - UOL,lupa.uol.com.br,2019-01-16 00:00:00,False,original
"Podemos, PSDB, PT e Rede: imprecisões nos discursos nas convenções","Nós temos no Brasil, 100 milhões de brasileiros sem acesso a esgoto sanitário (...), 4 milhões de brasileiros [nem] sequer têm banheiro em casa, 35 milhões de brasileiros não têm acesso à água tratada",Alvaro Dias,https://lupa.uol.com.br/jornalismo/2018/08/08/convencoes-partidarias,0,Lupa - UOL,lupa.uol.com.br,2018-08-08 00:00:00,False,original
Debate entre presidenciáveis na TV Aparecida: checamos em tempo real | Agência Lupa,Agricultura familiar responde por 80% da comida na nossa mesa,Ciro Gomes,https://piaui.folha.uol.com.br/lupa/2018/09/20/debate-tv-aparecida/,0,Revista Piauí,piaui.folha.uol.com.br,2018-09-20 19:30:43,False,original
"Nas redes sociais, candidatos de SP erram sobre saúde e desemprego","Hoje é o Dia Mundial dos Animais e visitei o Cãotinho, da Praça O Bom Samaritano em Aricanduva, que inauguramos no ano passado. Foram mais de cinquenta espaços como esse que nós fizemos por toda cidade. Sem falar no Hospital Veterinário da Zona Sul",Bruno Covas (PSDB),https://lupa.uol.com.br/jornalismo/2020/11/13/redes-sociais-candidatos-de-sp,0,Lupa - UOL,lupa.uol.com.br,2020-11-13 00:00:00,False,original
Debate entre presidenciáveis na TV Globo: checamos em tempo real,[O novo presidente] Assumirá com déficit de quase R$ 139 milhões,Geraldo Alckmin,https://lupa.uol.com.br/jornalismo/2018/10/04/debate-globo,0,Lupa - UOL,lupa.uol.com.br,2018-10-04 00:00:00,False,original
Erros e acertos de Marina Silva no Jornal Nacional e no Jornal das 10,"Agora mesmo, a Capes [Coordenação de Aperfeiçoamento de Pessoal em Nível Superior] teve um corte enorme para pesquisa",Marina Silva,https://lupa.uol.com.br/jornalismo/2018/08/30/marina-silva-tv-globo,0,Lupa - UOL,lupa.uol.com.br,2018-08-31 00:00:00,False,original
Os mitos e as verdades no combate ao Aedes Aegypti,Um único mosquito pode picar mais de 100 pessoas,,https://lupa.uol.com.br/jornalismo/2017/01/09/aedes-aegypti-mitos-e-verdades,0,Lupa - UOL,lupa.uol.com.br,2017-01-09 00:00:00,False,original
Salvador: candidatos citam dados falsos sobre saúde e gestão em sabatinas Folha/UOL,"[Major Denice é] Uma pessoa que está chegando agora na política, filiada para ser candidata",Olívia Santana (PCdoB),https://lupa.uol.com.br/jornalismo/2020/10/19/salvador-sabatina-eleicoes,0,Lupa - UOL,lupa.uol.com.br,2020-10-19 00:00:00,False,original
#NoTobacco: ‘O Brasil é o maior produtor mundial de folha de tabaco?,O consumo de tabaco está relacionado a mais de 7 milhões de mortes por ano,,https://lupa.uol.com.br/jornalismo/2017/05/31/dia-mundial-sem-tabaco,0,Lupa - UOL,lupa.uol.com.br,2017-05-31 00:00:00,False,original
"SobreElas: No Acre, governador não cumpre nove das 15 promessas feitas para mulheres","Na Assistência Social, garantir financiamento estadual para o desenvolvimento das ações [focadas em mulheres]",Promessa feita por Gladson Cameli,https://lupa.uol.com.br/jornalismo/2022/03/29/sobreelas-acre-promessas,0,Lupa - UOL,lupa.uol.com.br,2022-03-29 00:00:00,False,original
Vereadora de Porto Alegre usa informações falsas para criticar vacina em vídeo viral,E a sua biografia na Wikipédia foi reescrita para começar dizendo que ele era um desinformante,Fernanda Barth,https://lupa.uol.com.br/jornalismo/2022/01/14/vereadora-falso-vacina,0,Lupa - UOL,lupa.uol.com.br,2022-01-14 00:00:00,False,original
Erros e acertos dos candidatos ao governo de São Paulo no SPTV,Eu fui prefeito [de São Vicente] e fui reeleito com 93% dos votos,Márcio França,https://lupa.uol.com.br/jornalismo/2018/09/18/candidatos-sao-paulo-sptv,0,Lupa - UOL,lupa.uol.com.br,2018-09-18 00:00:00,False,original
"Chuva no RJ: Crivella diz que ‘às 19h, lançamos SMS avisando que haveria tempestade.’ Será?",Estamos fazendo uma operação de limpa bueiros há três meses,Marcelo Crivella,https://lupa.uol.com.br/jornalismo/2019/02/07/chuva-rj,0,Lupa - UOL,lupa.uol.com.br,2019-02-07 00:00:00,False,original
Mensagem de Temer ao Congresso contém dados truncados sobre o Brasil | Agência Lupa,"Já contratou mais de 4,5 milhões de unidades habitacionais (...) tendo entregue, até 31 de dezembro de 2016, mais de 3,2 milhões de unidades",,https://piaui.folha.uol.com.br/lupa/2017/02/03/mensagem-de-temer-ao-congresso-contem-dados-truncados-sobre-o-brasil/,0,Revista Piauí,piaui.folha.uol.com.br,2017-02-03 00:00:00,False,original
"Eleições 2022: erros e acertos de Ciro, Mandetta e Vieira em debate da terceira via na GloboNews","O Brasil entre 30 e 80 cresceu 6,7% ao ano, entre 80 e 2010 o Brasil despenca para crescer 2,5% ao ano",Ciro Gomes (PDT),https://lupa.uol.com.br/jornalismo/2021/09/28/eleicoes-2022-ciro-mandetta-vieira-debate-terceira-via-globonews,0,Lupa - UOL,lupa.uol.com.br,2021-09-28 00:00:00,False,original
Russomanno erra sobre gastos de campanha e posicionamentos sobre pandemia na sabatina Folha/UOL,Ele [Jair Bolsonaro] tem dois filhos no meu partido,Celso Russomanno (Republicanos),https://lupa.uol.com.br/jornalismo/2020/11/06/russomanno-sabatina-folha-uol,0,Lupa - UOL,lupa.uol.com.br,2020-11-06 00:00:00,False,original
"Publicação lista 31 ações de Bolsonaro em três meses, mas só sete são verdadeiras",Cortou 21 mil cargos comissionados,Facebook,https://lupa.uol.com.br/jornalismo/2019/04/17/verificamos-lista-bolsonaro,0,Lupa - UOL,lupa.uol.com.br,2019-04-17 00:00:00,False,original
Salvador: candidatos citam dados falsos sobre saúde e gestão em sabatinas Folha/UOL,"(...) essa cidade que tem quase 80% de sua população de homens, mulheres, crianças, jovens negros",Major Denice (PT),https://lupa.uol.com.br/jornalismo/2020/10/19/salvador-sabatina-eleicoes,0,Lupa - UOL,lupa.uol.com.br,2020-10-19 00:00:00,False,original
Teich cita dado incorreto sobre OMS e cloroquina na CPI da Covid,"Naquela semana, teve uma fala do presidente ali na saída do Alvorada. Ele fala que o ministro tem que estar afinado. Ele cita o meu nome especificamente.","Nelson Teich, ex-ministro da Saúde",https://lupa.uol.com.br/jornalismo/2021/05/06/teich-cloroquina-cpi-da-covid,0,Lupa - UOL,lupa.uol.com.br,2021-05-06 00:00:00,False,original
#loveislove: É verdade que ‘um LGBT é assassinado no Brasil a cada 25 horas’?,Manaus foi a capital com mais assassinatos da população LGBT em 2016,,https://lupa.uol.com.br/jornalismo/2017/05/17/dia-internacional-combate-homofobia-transfobia-gay,0,Lupa - UOL,lupa.uol.com.br,2017-05-17 00:00:00,False,original
"Para além da série de direitos de respostas, os erros do debate da Globo no RJ","Temos hoje 51 mil presos, quando a capacidade seria 28 mil presos",Pedro Fernandes,https://lupa.uol.com.br/jornalismo/2018/10/03/debate-globo-rj,0,Lupa - UOL,lupa.uol.com.br,2018-10-06 00:00:00,False,original
"Entre acusações, erros e acertos de Doria e França no debate da Band em SP","Você [França], no governo Lula, votou a favor da CPMF",João Doria,https://lupa.uol.com.br/jornalismo/2018/10/19/doria-franca-debate-band-sp,0,Lupa - UOL,lupa.uol.com.br,2018-10-19 00:00:00,False,original
Verdades e mentiras de Trump e Hillary no último debate presidencial dos EUA,(Nos EUA) Temos 33 mil pessoas que morrem por armas a cada ano,Hillary Clinton,https://lupa.uol.com.br/jornalismo/2016/10/19/lupa-checa-ao-vivo-3o-debate-entre-trump-e-hillary,0,Lupa - UOL,lupa.uol.com.br,2016-10-20 00:00:00,False,original
"Michel Temer, reforma trabalhista e terceirização","Uma empresa prestadora de serviço me contrata com carteira profissional assinada. Se ela não pagar os meus direitos, eu posso ir àquela para quem foi terceirizado os serviços [e cobrar",Michel Temer,https://lupa.uol.com.br/jornalismo/2017/04/25/temer-reforma-trabalhista-terceirizacao,0,Lupa - UOL,lupa.uol.com.br,2017-04-25 00:00:00,False,original
Outubro Rosa: usuários do Twitter publicam mitos e verdades sobre câncer de mama,Entre as vantagens do aleitamento materno para as mulheres está a diminuição do risco de câncer de mama,,https://lupa.uol.com.br/jornalismo/2019/10/18/outubro-rosa-twitter-mitos,0,Lupa - UOL,lupa.uol.com.br,2019-10-18 00:00:00,False,original
"FactCheckLab: Prefeito de João Pessoa não cumpre promessas para saúde, mobilidade e meio ambiente","Dessa forma, surge a necessidade da criação de projetos como o de urbanização da Avenida Beira Rio, que já está em fase de licitação, e que vai ligar a praia ao centro da cidade",Luciano Cartaxo (PV),https://lupa.uol.com.br/jornalismo/2020/11/27/fact-check-lab-nordeste-joao-pessoa-promessas,0,Lupa - UOL,lupa.uol.com.br,2020-11-27 00:00:00,False,original
É falso diálogo entre Pazuello e Randolfe no qual ex-ministro faz ofensa homofóbica,Randolfe para Pazuello: 'Por que o senhor não veio fardado?' Pazuello para Randolfe: 'Não estou aqui para satisfazer fetiche de gazela,Texto em imagem publicada no Facebook,https://lupa.uol.com.br/jornalismo/2021/05/21/verificamos-dialogo-pazuello-randolfe-ofensa-homofobica,0,Lupa - UOL,lupa.uol.com.br,2021-05-21 00:00:00,False,original
Prefeitura SP: checamos o que os candidatos disseram no primeiro debate de 2020,A prefeitura [de SP] tem um orçamento de R$ 69 bilhões,Arthur do Val,https://lupa.uol.com.br/jornalismo/2020/10/02/debate-candidatos-sao-paulo-band,0,Lupa - UOL,lupa.uol.com.br,2020-10-02 00:00:00,False,original
Rio: Checamos o primeiro debate entre Paes e Crivella no segundo turno de 2020,O Tribunal de Contas do Município em 2018 atestou que a gente deixou recursos em caixa,Eduardo Paes,https://lupa.uol.com.br/jornalismo/2020/11/20/debate-band-segundo-turno-2020-rj,0,Lupa - UOL,lupa.uol.com.br,2020-11-20 00:00:00,False,original
"Freixo erra ao falar de arrecadação, educação e manifestações","Do 1º ao 5º ano, é de 13%",Marcelo Freixo,https://lupa.uol.com.br/jornalismo/2016/10/26/freixo-sabatina-o-globo,0,Lupa - UOL,lupa.uol.com.br,2016-10-26 00:00:00,False,original
Lula usa dados falsos sobre voto de Fachin e erra sobre variante de Manaus,"Esse país, que no tempo em que o PT governava, chegou a ser a sexta maior economia do mundo","Luiz Inácio Lula da Silva (PT), ex-presidente da República",https://lupa.uol.com.br/jornalismo/2021/03/11/lula-coletiva-stf-folha,0,Lupa - UOL,lupa.uol.com.br,2021-03-11 00:00:00,False,original
Joice Hasselmann se contradiz sobre apoio a teorias da conspiração e pautas bolsonaristas,"O IPTU significa no bolo de arrecadação da prefeitura, de R$ 10 a 12 bi",Joice Hasselmann (PSL),https://lupa.uol.com.br/jornalismo/2020/10/28/joice-hasselmann-sabatina-folha-uol,0,Lupa - UOL,lupa.uol.com.br,2020-10-28 00:00:00,False,original
Mudanças nas leis de trânsito: erros e acertos em um dos temas centrais da gestão Bolsonaro,"Além disso, os acidentes no trânsito [...] representam um custo de R$ 2,9 bilhões para o Sistema Único de Saúde",Rogério Carvalho,https://lupa.uol.com.br/jornalismo/2019/06/19/transito-temas-bolsonaro,0,Lupa - UOL,lupa.uol.com.br,2019-06-19 00:00:00,False,original
#DebateBand: checamos em tempo real o 1º debate presidencial de 2018,Hoje o Brasil tem 63 milhões de pessoas com nome sujo,Ciro Gomes,https://lupa.uol.com.br/jornalismo/2018/08/09/debate-band-tempo-real-2018,0,Lupa - UOL,lupa.uol.com.br,2018-08-10 00:00:00,False,original
"No Congresso, Paulo Guedes erra dados sobre mercado de trabalho e carga tributária",Nós conseguimos reduzir o déficit (...) para R$ 90 bilhões,Paulo Guedes,https://lupa.uol.com.br/jornalismo/2020/09/03/congresso-paulo-guedes-mercado-de-trabalho,0,Lupa - UOL,lupa.uol.com.br,2020-09-03 00:00:00,False,original
Boa Vista: Shéridan exagera dados sobre mortalidade materna,"A cada R$ 10 que a prefeitura gasta, R$ 8 vêm do governo federal",Shéridan (PSDB),https://lupa.uol.com.br/jornalismo/2020/11/06/boa-vista-sheridan-mortalidade-materna,0,Lupa - UOL,lupa.uol.com.br,2020-11-07 00:00:00,False,original
Debate entre candidatos ao governo de SP na TV Globo: checamos em tempo real,"[Doria] Prometeu [ficar na prefeitura] e não cumpriu, ao sair da prefeitura de São Paulo",Marcelo Cândido,https://lupa.uol.com.br/jornalismo/2018/10/02/debate-sp-tv-globo,0,Lupa - UOL,lupa.uol.com.br,2018-10-02 00:00:00,False,original
Quatro mentiras e uma verdade sobre (os presentes no) Dia dos Namorados,"No Dia dos Namorados, roupa é o principal presente",,https://lupa.uol.com.br/jornalismo/2017/06/12/quatro-mentiras-e-uma-verdade-sobre-os-presentes-no-dia-dos-namorados,0,Lupa - UOL,lupa.uol.com.br,2017-06-12 00:00:00,False,original
"Em entrevistas para rádios estaduais, Lula repete erros, exageros e acertos sobre emprego, gasolina e pesquisas",O Rio de Janeiro tem a gasolina mais cara do Brasil,Luiz Inácio Lula da Silva,https://lupa.uol.com.br/jornalismo/2022/02/07/lula-radios-estaduais,0,Lupa - UOL,lupa.uol.com.br,2022-02-07 00:00:00,False,original
Prefeitura SP: checamos o que os candidatos disseram no primeiro debate de 2020,Zeramos essa fila [de pré-escola] aqui na cidade no nosso primeiro ano de gestão,Bruno Covas,https://lupa.uol.com.br/jornalismo/2020/10/02/debate-candidatos-sao-paulo-band,0,Lupa - UOL,lupa.uol.com.br,2020-10-02 00:00:00,False,original
Governo Bolsonaro conclui menos da metade das metas dos 100 primeiros dias,"Reestruturação da Empresa Brasileira de Comunicação. A estrutura se tornará mais racional, com valorização da qualidade do conteúdo",Governo Jair Bolsonaro,https://lupa.uol.com.br/jornalismo/2019/04/10/metas-dias-bolsonaro,0,Lupa - UOL,lupa.uol.com.br,2019-04-10 00:00:00,False,original
Doria se contradiz sobre armas e erra ao dizer que polícia paulista é a melhor do país,Nós estamos reduzindo impostos,João Doria,https://lupa.uol.com.br/jornalismo/2019/04/18/doria-armas-ideb-policia,0,Lupa - UOL,lupa.uol.com.br,2019-04-18 00:00:00,False,original
Curitiba: Goura exagera déficit de empregos formais na pandemia,O atual prefeito aumentou (...) a arrecadação por parte dos contribuintes,Goura Nataraj (PDT),https://lupa.uol.com.br/jornalismo/2020/11/11/curitiba-goura-empregos-pandemia,0,Lupa - UOL,lupa.uol.com.br,2020-11-11 00:00:00,False,original
SobreElas: Ratinho Júnior cumpriu 5 das 14 promessas feitas para eleitoras em 2018 no Paraná,Serão desenvolvidos programas para financiamento de negócios com tarifas diferenciadas para estímulo ao empreendedorismo feminino. [...] Criar linha de crédito da Fomento Paraná para atender as mulheres na consolidação e criação de pequenos empreendimentos,Promessa feita por Ratinho Júnior,https://lupa.uol.com.br/jornalismo/2022/03/20/verificamos-sobreelas-2022-parana,0,Lupa - UOL,lupa.uol.com.br,2022-03-20 00:00:00,False,original
João Goulart Filho erra sobre pobreza e exagera dados de prisão por drogas,População carcerária [no Brasil é] de 750 mil pessoas,João Goulart Filho,https://lupa.uol.com.br/jornalismo/2018/09/24/joao-goulart-filho,0,Lupa - UOL,lupa.uol.com.br,2018-09-24 00:00:00,False,original
Vídeo viral de diretor do Sírio-Libanês mostra informações corretas sobre funcionamento das vacinas em teste no Brasil,"As vacinas da AstraZeneca, feita pela [Universidade de] Oxford e com a Fiocruz; e a vacina da Janssen (...) usam outra estratégia. Eles pegaram um vírus que normalmente infecta a gente, que se chama adenovírus. Esse adenovírus foi manipulado dentro do laboratório e um pedacinho do material genético do vírus que causa a Covid-19 veio para dentro desse adenovírus. Então a vacina injeta dentro do nosso corpo um vírus que foi manipulado num laboratório, e esse vírus leva um pedacinho do coronavírus. Em resposta à vacina, a gente também produz anticorpo e [resposta das] células",Post no Facebook,https://lupa.uol.com.br/jornalismo/2020/12/18/verificamos-video-medico-vacinas,0,Lupa - UOL,lupa.uol.com.br,2020-12-18 00:00:00,False,original
São Paulo: Márcio França erra ao falar sobre aumento no número de alunos na Univesp,"O atual governo prometeu uma quantidade de quilômetros a mais de corredores de ônibus e cumpriu menos de 5%, acho que 6% do que ele tinha prometido, e depois fizeram uma redução [na meta]",Márcio França (PSB),https://lupa.uol.com.br/jornalismo/2020/10/27/sao-paulo-marcio-franca-univesp,0,Lupa - UOL,lupa.uol.com.br,2020-10-27 00:00:00,False,original
"Em balanço de gestão, Doria erra ao falar sobre indicadores econômicos de São Paulo","Em 16 anos de governo, foram feitas 364 escolas de tempo integral (...) [Atualmente] São 2.050 escolas de tempo integral em São Paulo",João Doria,https://lupa.uol.com.br/jornalismo/2022/04/04/joao-doria-pronunciamento-cargo,0,Lupa - UOL,lupa.uol.com.br,2022-04-04 00:00:00,False,original
Governo do RJ: dois erros e três acertos sobre segurança pública no 1º debate na TV,Seu plano estratégico [da intervenção] foi divulgado três meses depois [do início dela],Tarcísio Motta,https://lupa.uol.com.br/jornalismo/2018/08/21/seguranca-rj-debate-igarape,0,Lupa - UOL,lupa.uol.com.br,2018-08-21 00:00:00,False,original
"Sob intervenção federal na segurança, Rio de Janeiro vê tiroteios crescerem 56%",Redução dos índices relacionados a (…) roubo de veículos,,https://lupa.uol.com.br/jornalismo/2018/12/21/intervencao-tiroteios-rj,0,Lupa - UOL,lupa.uol.com.br,2018-12-21 00:00:00,False,original
"Ciro Gomes erra dados sobre PIB, déficit da Previdência e educação pública",Nós estamos com o nível de produção [PIB] anterior a 2014,Ciro Gomes (PDT),https://lupa.uol.com.br/jornalismo/2019/11/27/ciro-gomes-canal-livre,0,Lupa - UOL,lupa.uol.com.br,2019-11-27 00:00:00,False,original
Rio Branco: Socorro Neri exagera dados de cobertura da atenção básica em Saúde,"A educação em Rio Branco é considerada a segunda melhor entre as capitais brasileiras, segundo o Ideb [Índice de Desenvolvimento da Educação Básica]",Socorro Neri (PSB),https://lupa.uol.com.br/jornalismo/2020/11/04/rio-branco-socorro-neri-atencao-basica-saude,0,Lupa - UOL,lupa.uol.com.br,2020-11-04 00:00:00,False,original
Outubro Rosa: usuários do Twitter publicam mitos e verdades sobre câncer de mama,Minha mãe tem câncer de mama e todo o tratamento dela está sendo pelo SUS,,https://lupa.uol.com.br/jornalismo/2019/10/18/outubro-rosa-twitter-mitos,0,Lupa - UOL,lupa.uol.com.br,2019-10-18 00:00:00,False,original
Porto Velho: Vinicius Miguel subestima dados de abastecimento de água potável,95% da cidade de Porto Velho segundo os dados mais atuais não tem saneamento básico,Vinicius Miguel (Cidadania),https://lupa.uol.com.br/jornalismo/2020/11/12/porto-velho-vinicius-miguel-agua-potavel,0,Lupa - UOL,lupa.uol.com.br,2020-11-12 00:00:00,False,original
"De saída da Saúde, Pazuello exagera total de vacinados contra Covid-19",Já distribuímos mais de 20 milhões de doses até agora,"Eduardo Pazuello, ministro da Saúde",https://lupa.uol.com.br/jornalismo/2021/03/16/saude-pazuello-exagera-vacinados-covid-19,0,Lupa - UOL,lupa.uol.com.br,2021-03-16 00:00:00,False,original
"Hospitais, educação integral e vigilância nos presídios: quais promessas Alckmin cumpriu durante seu mandato?","Ampliar o acesso ao ensino superior à distância, semipresencial, por meio da Universidade Virtual do Estado de São Paulo – Univesp",Geraldo Alckmin,https://lupa.uol.com.br/jornalismo/2018/12/15/promessas-alckmin-tse-sp,0,Lupa - UOL,lupa.uol.com.br,2018-12-15 00:00:00,False,original
É falso que Bolívia não pagou por refinarias da Petrobras que foram nacionalizadas,Evo Morales invadiu as instalações da Petrobrás na Bolívia,Post no Facebook,https://lupa.uol.com.br/jornalismo/2021/02/17/verificamos-bolivia-refinarias-petrobras,0,Lupa - UOL,lupa.uol.com.br,2021-02-17 00:00:00,False,original
Erros e acertos de sete pré-candidatos ao governo do DF em debate,Eu votei contra o fundo [eleitoral],Izalci Lucas,https://lupa.uol.com.br/jornalismo/2018/07/11/erros-acertos-debate-df,0,Lupa - UOL,lupa.uol.com.br,2018-07-11 00:00:00,False,original
Salvador: candidatos citam dados falsos sobre saúde e gestão em sabatinas Folha/UOL,O governador Rui Costa é um dos governadores melhor avaliados no Brasil atualmente”.,Major Denice (PT),https://lupa.uol.com.br/jornalismo/2020/10/19/salvador-sabatina-eleicoes,0,Lupa - UOL,lupa.uol.com.br,2020-10-19 00:00:00,False,original
Erros e acertos de sete pré-candidatos ao governo do DF em debate,"A gente tem que pensar na expansão do metrô, que foi prometida [pelo atual governador Rodrigo Rollemberg]",Alexandre Guerra,https://lupa.uol.com.br/jornalismo/2018/07/11/erros-acertos-debate-df,0,Lupa - UOL,lupa.uol.com.br,2018-07-11 00:00:00,False,original
"Comitê da ONU e Lula: imprecisões e verdades, no mar de opiniões ‘inchecáveis",Brasil [foi] condenado pela Corte Interamericana de Direitos Humanos da OEA por não prevenir a prática de trabalho escravo moderno e de tráfico de pessoas...,Márcio Pochmann,https://lupa.uol.com.br/jornalismo/2018/08/23/lula-onu-comite,0,Lupa - UOL,lupa.uol.com.br,2018-08-23 00:00:00,False,original
Saneamento básico: Amoêdo e Freixo debatem tema com erros e acertos em rede social,50% da população não tem acesso a saneamento [no Brasil],João Amoêdo,https://lupa.uol.com.br/jornalismo/2019/06/04/saneamento-basico-rede,0,Lupa - UOL,lupa.uol.com.br,2019-06-04 00:00:00,False,original
Transparência Internacional revela uso de offshores no setor imobiliário de São Paulo,Offshores contribuem com a corrupção,,https://lupa.uol.com.br/jornalismo/2017/04/10/transparencia-internacional-revela-uso-de-offshores-em-setor-imobiliario-de-sp,0,Lupa - UOL,lupa.uol.com.br,2017-04-10 00:00:00,False,original
"Ao justificar cortes no MEC, Onyx Lorenzoni erra dados sobre universidades em Sergipe",[A] Universidade Federal de Sergipe [tem]: 30 mil alunos,Onyx Lorenzoni,https://lupa.uol.com.br/jornalismo/2019/05/07/onyx-lorenzoni-globonews,0,Lupa - UOL,lupa.uol.com.br,2019-05-07 00:00:00,False,original
Marina Silva exagera ao dizer que países usam plebiscitos para legalizar aborto,"Até nos estados onde tinha uma melhora [nos índices de segurança], no caso de Pernambuco, com Eduardo Campos, acabou tudo",Marina Silva,https://lupa.uol.com.br/jornalismo/2018/08/01/marina-silva-globonews,0,Lupa - UOL,lupa.uol.com.br,2018-08-01 00:00:00,False,original
Erros e acertos de sete pré-candidatos ao governo do DF em debate,[O DF tem] o maior número de pesquisador por habitante [do país],Izalci Lucas,https://lupa.uol.com.br/jornalismo/2018/07/11/erros-acertos-debate-df,0,Lupa - UOL,lupa.uol.com.br,2018-07-11 00:00:00,False,original
Macapá: Capiberibe erra dados de educação e transporte coletivo,Macapá é a maior produtora de soja do estado,Capi (PSB),https://lupa.uol.com.br/jornalismo/2020/11/10/macapa-capiberibe-educacao-transporte,0,Lupa - UOL,lupa.uol.com.br,2020-11-10 00:00:00,False,original
"Governo RJ: Checamos, em tempo real, debate entre Paes e Witzel na Globo",O filho do Pastor Everaldo era o subsecretário de saúde do Pezão até muito pouco tempo atrás,Eduardo Paes,https://lupa.uol.com.br/jornalismo/2018/10/25/debate-witzel-paes-globo,0,Lupa - UOL,lupa.uol.com.br,2018-10-26 00:00:00,False,original
Temer: ‘problemas em carnes exportadas foram só em embalagens’. Será?,Na época (da minha aposentadoria) a expectativa de vida era muito menor. A expectativa de vida aumentou muito,Michel Temer,https://lupa.uol.com.br/jornalismo/2017/03/24/temer-carnes,0,Lupa - UOL,lupa.uol.com.br,2017-03-24 00:00:00,False,original
Michel Temer usa dados corretos para defender o projeto da reforma da Previdência?,A diminuição da fecundidade altera a proporção de ativos e inativos no mercado de trabalho,Michel Temer,https://lupa.uol.com.br/jornalismo/2016/12/06/temer-dados-reforma-previdencia,0,Lupa - UOL,lupa.uol.com.br,2016-12-06 00:00:00,False,original
Porto Alegre: Sebastião Melo exagera sobre fechamento do Mercado Público,"Não faço parte do governo [Eduardo] Leite. No entanto, votei pelas privatizações da CEEE, da CRM, da Sulgás, do código ambiental para facilitar os licenciamentos",Sebastião Melo (MDB),https://lupa.uol.com.br/jornalismo/2020/10/28/porto-alegre-sebastiao-melo-mercado-publico,0,Lupa - UOL,lupa.uol.com.br,2020-10-29 00:00:00,False,original
"Em estreia de canal no YouTube, Haddad erra sobre orçamento do Ministério da Educação",Hoje é R$ 30 bilhões [o orçamento do Bolsa Família] (...),Fernando Haddad,https://lupa.uol.com.br/jornalismo/2019/04/04/haddad-esquerda-youtube,0,Lupa - UOL,lupa.uol.com.br,2019-04-04 00:00:00,False,original
#DebateBand: checamos em tempo real o 1º debate presidencial de 2018,"[Meirelles] Saiu da JBS, do Joesley, para o ministério",Guilherme Boulos,https://lupa.uol.com.br/jornalismo/2018/08/09/debate-band-tempo-real-2018,0,Lupa - UOL,lupa.uol.com.br,2018-08-10 00:00:00,False,original
"Governo RJ: Checamos, em tempo real, debate entre Paes e Witzel na Globo","Esse cara [o advogado Luiz Carlos Azenha], em uma troca de WhatsApp, disse a você [Witzel] que ele o representa",Eduardo Paes,https://lupa.uol.com.br/jornalismo/2018/10/25/debate-witzel-paes-globo,0,Lupa - UOL,lupa.uol.com.br,2018-10-26 00:00:00,False,original
Deputado relator da reforma da previdência exagera economia prevista com a medida,"[Na] Previdência, é R$ 295 bilhões o déficit",Samuel Moreira,https://lupa.uol.com.br/jornalismo/2019/05/23/relator-previdencia-samuel-moreira,0,Lupa - UOL,lupa.uol.com.br,2019-05-23 00:00:00,False,original
#DebateBand: checamos em tempo real o 1º debate presidencial de 2018,"Em dezembro, ela [Walderice Santos da Conceição, servidora do gabinete de Bolsonaro] estava de férias",Jair Bolsonaro,https://lupa.uol.com.br/jornalismo/2018/08/09/debate-band-tempo-real-2018,0,Lupa - UOL,lupa.uol.com.br,2018-08-10 00:00:00,False,original
Textos e imagens sobre a crise migratória em Roraima misturam dados certos e errados,Venezuelanos mataram um homem a pauladas para roubar os tênis dele,,https://lupa.uol.com.br/jornalismo/2018/08/27/verificamos-roraima,0,Lupa - UOL,lupa.uol.com.br,2018-08-27 00:00:00,False,original
Imagem usa dados econômicos errados ao comparar 2016 com 2019,Em 2019 tá tudo maravilhoso: Desemprego R$ 12%,Post no Facebook,https://lupa.uol.com.br/jornalismo/2019/11/25/verificamos-dados-economicos,0,Lupa - UOL,lupa.uol.com.br,2019-11-25 00:00:00,False,original
Debate entre presidenciáveis na TV Globo: checamos em tempo real,Mais de 52 milhões de brasileiros [estão] abaixo da linha da pobreza,Alvaro Dias,https://lupa.uol.com.br/jornalismo/2018/10/04/debate-globo,0,Lupa - UOL,lupa.uol.com.br,2018-10-04 00:00:00,False,original
Prefeitura SP: checamos o que candidatos disseram no debate Folha/UOL,Quem prometeu acabar com a fila e zerar a fila da creche foi você [Covas] e o Doria,Celso Russomanno,https://lupa.uol.com.br/jornalismo/2020/11/11/prefeitura-sp-debate-folha-uol,0,Lupa - UOL,lupa.uol.com.br,2020-11-11 00:00:00,False,original
Que ministros têm processos na Comissão de Ética da Presidência?,Palocci já foi condenado pela comissão,,https://lupa.uol.com.br/jornalismo/2017/07/06/como-a-comissao-de-etica-da-presidencia-pune-autoridades-geddel-kassab-e-palocci-tem-outros-processos,0,Lupa - UOL,lupa.uol.com.br,2017-07-06 00:00:00,False,original
SP: erros e acertos de Covas e Boulos durante o horário eleitoral no segundo turno,A gente ter conseguido viabilizar 25 mil unidades habitacionais,Bruno Covas,https://lupa.uol.com.br/jornalismo/2020/11/27/horario-eleitoral-sp-segundo-turno-2020,0,Lupa - UOL,lupa.uol.com.br,2020-11-27 00:00:00,False,original
"Em discurso, Lula erra dados ao atacar Bolsonaro e falar de emprego no país","Em 12 anos, geramos 22 milhões de empregos com carteira profissional assinada",Luiz Inácio Lula da Silva,https://lupa.uol.com.br/jornalismo/2019/11/09/lula-discurso-ataca-bolsonaro,0,Lupa - UOL,lupa.uol.com.br,2019-11-09 00:00:00,False,original
"Governo RJ: Checamos, em tempo real, debate entre Paes e Witzel na Globo",Ele [Eduardo Paes] deu um soco na cara de uma pessoa,Wilson Witzel,https://lupa.uol.com.br/jornalismo/2018/10/25/debate-witzel-paes-globo,0,Lupa - UOL,lupa.uol.com.br,2018-10-26 00:00:00,False,original
Armamento e segurança: erros e acertos em um dos temas centrais da gestão Bolsonaro,"As ações da Taurus, que vende armas aqui e é uma empresa conhecida mundialmente, estão lá nas alturas [no dia 7 de maio]",David Miranda,https://lupa.uol.com.br/jornalismo/2019/06/18/armamento-tema-bolsonaro,0,Lupa - UOL,lupa.uol.com.br,2019-06-18 00:00:00,False,original
Governo Bolsonaro conclui menos da metade das metas dos 100 primeiros dias,Vinculação da autorização de concursos públicos à adoção de medidas de eficiência administrativa,Governo Jair Bolsonaro,https://lupa.uol.com.br/jornalismo/2019/04/10/metas-dias-bolsonaro,0,Lupa - UOL,lupa.uol.com.br,2019-04-10 00:00:00,False,original
PT acerta: salário mínimo obteve forte valorização,"No governo do PT, o salário mínimo valorizou ano a ano (77% de aumento real)",,https://lupa.uol.com.br/jornalismo/2016/02/23/946,0,Lupa - UOL,lupa.uol.com.br,2016-02-23 00:00:00,False,original
Crise no Ceará: governador erra ao falar sobre segurança pública no estado,O estado que mais fez investimento público no Brasil nos últimos quatro anos é o Ceará,Camilo Santana,https://lupa.uol.com.br/jornalismo/2019/01/21/camilo-santana-ceara,0,Lupa - UOL,lupa.uol.com.br,2019-01-21 00:00:00,False,original
É verdade que Bolsonaro quis impedir familiares de médicos estrangeiros de trabalhar no Brasil,"Os dependentes legais do médico intercambista estrangeiro não poderão exercer atividades remuneradas, com emissão de Carteira de Trabalho e Previdência Social pelo Ministério do Trabalho e Emprego",,https://lupa.uol.com.br/jornalismo/2018/11/19/verificamos-bolsonaro-emenda-medicos,0,Lupa - UOL,lupa.uol.com.br,2018-11-19 00:00:00,False,original
"Ciro Gomes erra dados sobre PIB, déficit da Previdência e educação pública","Um terço da riqueza do Brasil era tirado da indústria em 1980. Hoje, é menos de 11%",Ciro Gomes (PDT),https://lupa.uol.com.br/jornalismo/2019/11/27/ciro-gomes-canal-livre,0,Lupa - UOL,lupa.uol.com.br,2019-11-27 00:00:00,False,original
"Em entrevistas para rádios estaduais, Lula repete erros, exageros e acertos sobre emprego, gasolina e pesquisas","No Rio de Janeiro, já tá oito reais o litro da gasolina",Luiz Inácio Lula da Silva,https://lupa.uol.com.br/jornalismo/2022/02/07/lula-radios-estaduais,0,Lupa - UOL,lupa.uol.com.br,2022-02-07 00:00:00,False,original
"Damares erra sobre militância contra aborto, ataques de Bolsonaro a jornalista e orçamento do ministério",Mas ela [gravidez precoce] não tem diminuído abaixo de 14 [anos],Damares Alves,https://lupa.uol.com.br/jornalismo/2020/03/11/damares-poder-em-foco,0,Lupa - UOL,lupa.uol.com.br,2020-03-11 00:00:00,False,original
De olho nas verdades e mentiras que rondam o carnaval,Pisar na poça d'água pode dar leptospirose,,https://lupa.uol.com.br/jornalismo/2017/02/25/mitos-do-carnaval-sirio-libanes,0,Lupa - UOL,lupa.uol.com.br,2017-02-25 00:00:00,False,original
#DebateBand: checamos em tempo real o 1º debate presidencial de 2018,Os bancos lucraram R$ 17 bilhões,Guilherme Boulos,https://lupa.uol.com.br/jornalismo/2018/08/09/debate-band-tempo-real-2018,0,Lupa - UOL,lupa.uol.com.br,2018-08-10 00:00:00,False,original
"No Roda Viva, Moro erra ao dizer que Bolsonaro não tentou ‘cercear o trabalho da imprensa","Até setembro de 2018, nós tivemos quase 37 mil assassinatos. Até setembro deste ano [2019], nós tivemos 29 mil",Sérgio Moro,https://lupa.uol.com.br/jornalismo/2020/01/21/sergio-moro-roda-viva,0,Lupa - UOL,lupa.uol.com.br,2020-01-21 00:00:00,False,original
Criminalização da homofobia: seis verdades ditas no debate sobre o tema no STF,Estamos pelo menos desde 2001 debatendo a homofobia (...) no Congresso Nacional,Paulo Roberto Iotti Vecchiatti,https://lupa.uol.com.br/jornalismo/2019/02/19/stf-homofobia-crime,0,Lupa - UOL,lupa.uol.com.br,2019-02-19 00:00:00,False,original
Secretário de Educação de SP erra sobre a pasta e sobre universidades no estado,"São Paulo avançou [na avaliação do Ideb] ao longo do tempo, sim, especialmente no 1º ao 5º ano teve um crescimento consistente",Rossieli Soares da Silva,https://lupa.uol.com.br/jornalismo/2019/05/16/rossieli-educacao-sao-paulo,0,Lupa - UOL,lupa.uol.com.br,2019-05-16 00:00:00,False,original
"Ministro da Defesa, general Azevedo e Silva exagera sobre venezuelanos no Brasil","No contexto (...) sul-americano, nós somos a sexta ou a sétima [nação em percentual do PIB destinado às Forças Armadas]",Fernando Azevedo e Silva,https://lupa.uol.com.br/jornalismo/2019/02/13/ministro-defesa-venezuelanos,0,Lupa - UOL,lupa.uol.com.br,2019-02-13 00:00:00,False,original
Meirelles: reforma da Previdência beneficia quem se aposenta por idade. Será?,Quem se aposenta com idade baixa e com valores elevados são aqueles que têm salários maiores,Henrique Meirelles,https://lupa.uol.com.br/jornalismo/2018/06/13/meirelles-roda-viva,0,Lupa - UOL,lupa.uol.com.br,2018-06-13 00:00:00,False,original
Quanto o ex-prefeito Fernando Haddad deixou em caixa na prefeitura de SP?,"Em São Paulo, [a perda de votos do PT foi de] 40%",Fernando Haddad,https://lupa.uol.com.br/jornalismo/2017/07/21/quanto-fernando-haddad-deixou-em-caixa,0,Lupa - UOL,lupa.uol.com.br,2017-07-21 00:00:00,False,original
Lupa checou ao vivo debate da Folha/UOL/SBT com candidatos de SP,"Marta, você prometeu (fazer) um CEU da Saúde (em 2004)",Fernando Haddad,https://lupa.uol.com.br/jornalismo/2016/09/23/debate-folha-sbt-uol,0,Lupa - UOL,lupa.uol.com.br,2016-09-23 00:00:00,False,original
Palmas: Cinthia Ribeiro erra ao falar sobre participação em debates eleitorais,"Nós trouxemos um modelo, para nosso plano de governo, de um hospital municipal escola",Cinthia Ribeiro (PSDB),https://lupa.uol.com.br/jornalismo/2020/11/13/palmas-cinthia-ribeiro-debates-eleitorais,0,Lupa - UOL,lupa.uol.com.br,2020-11-14 00:00:00,False,original
"Déficit, valor de benefícios e suicídios no Chile: mitos e verdades ditos por apoiadores e críticos da reforma da Previdência","Os acidentados receberão 60% do salário, caso o acidente não seja no trabalho",Paulo Teixeira,https://lupa.uol.com.br/jornalismo/2019/02/27/reforma-previdencia-apoiadores-criticos,0,Lupa - UOL,lupa.uol.com.br,2019-02-27 00:00:00,False,original
"No que acertam e no que erram Amoêdo e Rabello, dois novatos em eleições","[Além do Lula] Eu sou, hoje, dos pré-candidatos, o que recebeu a maior quantidade de recursos [por crowdfunding]",João Amoêdo,https://lupa.uol.com.br/jornalismo/2018/07/27/amoedo-rabello-novatos-metropoles,0,Lupa - UOL,lupa.uol.com.br,2018-07-27 00:00:00,False,original
Armamento e segurança: erros e acertos em um dos temas centrais da gestão Bolsonaro,"Entre 2007 e 2016, cerca de 553 mil pessoas morreram de forma violenta no país",Marcos do Val,https://lupa.uol.com.br/jornalismo/2019/06/18/armamento-tema-bolsonaro,0,Lupa - UOL,lupa.uol.com.br,2019-06-18 00:00:00,False,original
"Em fim de campanha, Bolsonaro e Haddad ainda erram sobre adversários, segurança e economia","Ontem [21 de outubro], ele [Bolsonaro] fez um vídeo muito grave (…) dizendo que [os adversários] não terão lugar no Brasil, ou a cadeia ou o exílio",Fernando Haddad,https://lupa.uol.com.br/jornalismo/2018/10/25/fim-campanha-bolsonaro-haddad,0,Lupa - UOL,lupa.uol.com.br,2018-10-25 00:00:00,False,original
"Michel Temer, reforma trabalhista e terceirização",É interessante que [os sindicatos patronais] recebem contribuição sindical,Michel Temer,https://lupa.uol.com.br/jornalismo/2017/04/25/temer-reforma-trabalhista-terceirizacao,0,Lupa - UOL,lupa.uol.com.br,2017-04-25 00:00:00,False,original
Erros e acertos dos candidatos ao governo de São Paulo em debate na Record,"Seu vice [do candidato à Presidência Jair Bolsonaro] se pronunciou contra uma das cláusulas pétreas da nossa constituição, que é o 13º [salário]",Professora Lisete,https://lupa.uol.com.br/jornalismo/2018/09/29/debate-record-sp-1-turno,0,Lupa - UOL,lupa.uol.com.br,2018-09-29 00:00:00,False,original
"Na TV, Bolsonaro erra sobre combustíveis, reserva indígena e referendo de 2005","[O BNDES] Emprestou dinheiro para vários países, entre eles Cuba e Venezuela, que estão inadimplentes",Jair Bolsonaro,https://lupa.uol.com.br/jornalismo/2019/05/03/bolsonaro-combustiveis-indigena,0,Lupa - UOL,lupa.uol.com.br,2019-05-03 00:00:00,False,original
Vídeo de desfile com Mourão que ‘deixou a Globo aflita’ é celebração de colégio no RS,É de ARREPIAR Brasilia ontem á noite..porq (sic) a globo nao (sic) mostrou? Já foi até retirado do YouTube. Repassem sem dó. Os diretores e o pessoal da Globo estão aflitos com a circulação desse vídeo. Faça-o circular,Post no Facebook,https://lupa.uol.com.br/jornalismo/2020/04/02/verificamos-mourao-globo-aflita,0,Lupa - UOL,lupa.uol.com.br,2020-04-02 00:00:00,False,original
Bolsonaro não votou contra lei que regulamenta profissão de intérprete de Libras,Alguém avisa a Michele Bolsonaro que a lei que regulamenta a profissão de tradutor e intérprete da Língua Brasileira de Sinais (Libras) é da Maria do Rosário,,https://lupa.uol.com.br/jornalismo/2019/01/02/verificamos-bolsonaro-libras,0,Lupa - UOL,lupa.uol.com.br,2019-01-02 00:00:00,False,original
"Na sabatina Folha/UOL, Bandeira de Mello erra ao falar sobre incêndio em CT do Flamengo","Você sabe que (...) a nossa principal fonte de receitas é exatamente o ISS, que é o Imposto sobre Serviços",Bandeira de Mello,https://lupa.uol.com.br/jornalismo/2020/11/03/sabatina-bandeira-rio-2020,0,Lupa - UOL,lupa.uol.com.br,2020-11-03 00:00:00,False,original
Que promessas Rollemberg de fato cumpriu nos 4 anos em que governou o DF?,Desenvolver um sistema de transporte intermodal (...) com implantação do Bilhete Único,Rodrigo Rollemberg,https://lupa.uol.com.br/jornalismo/2018/12/14/promessas-rollemberg-df-tse,0,Lupa - UOL,lupa.uol.com.br,2018-12-14 00:00:00,False,original
Fortaleza: Capitão Wagner erra em dados sobre a saúde,"Essas escolas [cívico-militares] são as que têm os melhores resultados, tanto no Enem quanto no Ideb",Capitão Wagner (PROS),https://lupa.uol.com.br/jornalismo/2020/11/05/fortaleza-capitao-wagner-saude,0,Lupa - UOL,lupa.uol.com.br,2020-11-05 00:00:00,False,original
"Em nova entrevista na prisão, Lula volta a errar dados sobre a história do Brasil","Se você procurar, entre 2003 e 2014, você vai perceber que houve um crescente nos investimentos públicos",Luiz Inácio Lula da Silva,https://lupa.uol.com.br/jornalismo/2019/09/07/entrevista-lula-historia-brasil,0,Lupa - UOL,lupa.uol.com.br,2019-09-07 00:00:00,False,original
Marina Silva exagera ao dizer que países usam plebiscitos para legalizar aborto,"Um jovem chega ao 9º ano, termina o ensino básico, e não sabe interpretar um texto. Só 30% sabem. Só 14% sabem fazer operações matemáticas",Marina Silva,https://lupa.uol.com.br/jornalismo/2018/08/01/marina-silva-globonews,0,Lupa - UOL,lupa.uol.com.br,2018-08-01 00:00:00,False,original
"No Roda Viva, Bruno Covas exagera média das aposentadorias pagas pelo INSS",A cidade de São Paulo recicla menos de 10% do seu lixo,Bruno Covas,https://lupa.uol.com.br/jornalismo/2019/01/31/bruno-covas-aposentadorias,0,Lupa - UOL,lupa.uol.com.br,2019-01-31 00:00:00,False,original
"Educação: em sabatina de ONG, erros e acertos de Ciro, Marina, Alckmin e Haddad","Mas se você aborda (...) a população para que ela elenque os principais problemas do país, a educação vai surgir lá pelo quinto lugar",Ciro Gomes,https://lupa.uol.com.br/jornalismo/2018/08/23/educacao-presidenciaveis-ong,0,Lupa - UOL,lupa.uol.com.br,2018-08-23 00:00:00,False,original
"Sob intervenção federal na segurança, Rio de Janeiro vê tiroteios crescerem 56%",Redução dos índices relacionados a letalidade violenta,,https://lupa.uol.com.br/jornalismo/2018/12/21/intervencao-tiroteios-rj,0,Lupa - UOL,lupa.uol.com.br,2018-12-21 00:00:00,False,original
Fotos virais de bicicletas amarelas abandonadas não têm relação com os Correios,"Privatiza já, isso é uma pouca vergonha, desperdício de dinheiro Público, descaso dos responsáveis pela administração dos Correios, é por isso que tem que privatizar este antro, de corrupção e de parasitas!!!",Post falso,https://lupa.uol.com.br/jornalismo/2020/08/21/verificamos-bicicletas-amarelas-correios,0,Lupa - UOL,lupa.uol.com.br,2020-08-21 00:00:00,False,original
#loveislove: É verdade que ‘um LGBT é assassinado no Brasil a cada 25 horas’?,A maioria dos LGBT assassinados no ano passado era branca,,https://lupa.uol.com.br/jornalismo/2017/05/17/dia-internacional-combate-homofobia-transfobia-gay,0,Lupa - UOL,lupa.uol.com.br,2017-05-17 00:00:00,False,original
"Na sabatina Folha/UOL, Bandeira de Mello erra ao falar sobre incêndio em CT do Flamengo",63% do eleitorado sequer sabem que eu sou candidato,Bandeira de Mello,https://lupa.uol.com.br/jornalismo/2020/11/03/sabatina-bandeira-rio-2020,0,Lupa - UOL,lupa.uol.com.br,2020-11-03 00:00:00,False,original
Temer nomeou para os Correios após ‘paralisar’ escolhas políticas,"Na primeira convenção, tivemos quase 90% (de aprovação para a aliança com o PT). Na segunda, tivemos 59%",Michel Temer,https://lupa.uol.com.br/jornalismo/2016/06/22/temer-nomeou-presidente-dos-correios-apos-paralisar-escolhas-politicas,0,Lupa - UOL,lupa.uol.com.br,2016-06-22 00:00:00,False,original
Lula erra ao falar de seus governos e da eleição de 2018,"O país [Peru] cresceu 5% ao ano na mão do [ex-presidente Alejandro] Toledo, do [ex-presidente] Alan Garcia (...)",Luiz Inácio Lula da Silva,https://lupa.uol.com.br/jornalismo/2019/04/30/lula-folha-entrevista-preso,0,Lupa - UOL,lupa.uol.com.br,2019-04-30 00:00:00,False,original
Belém: Thiago Araújo erra ao usar dados desatualizados de desemprego,Fui vereador de Belém. Estou no meu segundo mandato como deputado estadual. No meu terceiro mandato político,Thiago Araújo (Cidadania),https://lupa.uol.com.br/jornalismo/2020/11/05/belem-thiago-araujo-desemprego,0,Lupa - UOL,lupa.uol.com.br,2020-11-05 00:00:00,False,original
"Eleições 2022: erros e acertos de Ciro, Mandetta e Vieira em debate da terceira via na GloboNews",[O número de partidos no Brasil] Já chegava a mais de trinta naquela época [em que o Congresso aprovou o fim das coligações partidárias nas eleições proporcionais],Luiz Henrique Mandetta (DEM),https://lupa.uol.com.br/jornalismo/2021/09/28/eleicoes-2022-ciro-mandetta-vieira-debate-terceira-via-globonews,0,Lupa - UOL,lupa.uol.com.br,2021-09-28 00:00:00,False,original
Governo Bolsonaro conclui menos da metade das metas dos 100 primeiros dias,Apresentar propostas ao Congresso de um projeto de lei anticrime,Governo Jair Bolsonaro,https://lupa.uol.com.br/jornalismo/2019/04/10/metas-dias-bolsonaro,0,Lupa - UOL,lupa.uol.com.br,2019-04-10 00:00:00,False,original
Joice Hasselmann se contradiz sobre apoio a teorias da conspiração e pautas bolsonaristas,"A tarifa [de ônibus do Rio de Janeiro] é mais barata [do que a de São Paulo] (...), e não tem subsídio",Joice Hasselmann (PSL),https://lupa.uol.com.br/jornalismo/2020/10/28/joice-hasselmann-sabatina-folha-uol,0,Lupa - UOL,lupa.uol.com.br,2020-10-28 00:00:00,False,original
É verdade que Bolsonaro elogiou cavalaria norte-americana por dizimar índios,"Bolsonaro: 'A cavalaria brasileira foi muito incompetente. Competente, sim, foi a cavalaria norte-americana, que dizimou seus índios no passado e hoje em dia não tem esse problema em seu país'(imagem)",,https://lupa.uol.com.br/jornalismo/2018/12/06/verificamos-bolsonaro-cavalaria,0,Lupa - UOL,lupa.uol.com.br,2018-12-06 00:00:00,False,original
Posso sacar todo FGTS? Tenho direito a ele mesmo depois de uma justa causa?,Posso sacar meu FGTS em qualquer lugar do Brasil,,https://lupa.uol.com.br/jornalismo/2017/02/15/verdades-mentiras-fgts-inativo,0,Lupa - UOL,lupa.uol.com.br,2017-02-15 00:00:00,False,original
#DebateBand: checamos em tempo real o 1º debate presidencial de 2018,Um editorial [publicado] no site do seu partido [PSDB] chamava o Bolsa Família de 'Bolsa Esmola,Henrique Meirelles,https://lupa.uol.com.br/jornalismo/2018/08/09/debate-band-tempo-real-2018,0,Lupa - UOL,lupa.uol.com.br,2018-08-10 00:00:00,False,original
Debate entre presidenciáveis na TV Globo: checamos em tempo real,O ITR (Imposto Territorial Rural) tem arrecadação minúscula. É menor do que a arrecadação de três meses do IPTU da cidade de São Paulo,Guilherme Boulos,https://lupa.uol.com.br/jornalismo/2018/10/04/debate-globo,0,Lupa - UOL,lupa.uol.com.br,2018-10-04 00:00:00,False,original
Criminalização da homofobia: seis verdades ditas no debate sobre o tema no STF,Hoje as práticas erótico-afetivas de LGBTIs são crimes em 72 países (...),Thiago Gomes Viana,https://lupa.uol.com.br/jornalismo/2019/02/19/stf-homofobia-crime,0,Lupa - UOL,lupa.uol.com.br,2019-02-19 00:00:00,False,original
#VerificamosENEM: Horário de fechamento dos portões varia com fuso-horário. Fique de olho!,O Documento Provisório de Registro Nacional Migratório pode ser usado como forma de identificação,,https://lupa.uol.com.br/jornalismo/2018/11/10/verificamosenem-fechamento-portoes,0,Lupa - UOL,lupa.uol.com.br,2018-11-10 00:00:00,False,original
Ações na cracolândia de São Paulo x projeto Redenção: as divergências,[O efetivo disponibilizado será de] Seis viaturas,,https://lupa.uol.com.br/jornalismo/2017/06/13/cracolandia-sp-redencao,0,Lupa - UOL,lupa.uol.com.br,2017-06-13 00:00:00,False,original
De olho nas verdades e mentiras que rondam o carnaval,Coca-Cola ajuda o bêbado a se sentir menos alcoolizado,,https://lupa.uol.com.br/jornalismo/2017/02/25/mitos-do-carnaval-sirio-libanes,0,Lupa - UOL,lupa.uol.com.br,2017-02-25 00:00:00,False,original
Beber água gelada não prejudica e tomar sol não previne contra novo coronavírus,Detergentes normais podem destruí-lo,,https://lupa.uol.com.br/jornalismo/2020/03/17/verificamos-recomendacoes-coronavirus,0,Lupa - UOL,lupa.uol.com.br,2020-03-17 00:00:00,False,original
Há mesmo um surto de pessoas com mal da vaca louca em Niterói (RJ)?,(O mal da vaca louca) Não tem cura. A probabilidade de morte é altíssima,,https://lupa.uol.com.br/jornalismo/2017/03/11/vaca-louca-em-niteroi,0,Lupa - UOL,lupa.uol.com.br,2017-03-11 00:00:00,False,original
Laços com Cabral e prisão de Fernandinho Beira-Mar: os erros de Garotinho no RJTV,Foi mostrado o Facebook do relator [de processo contra Garotinho] fazendo campanha para outro candidato a governador,Anthony Garotinho,https://lupa.uol.com.br/jornalismo/2018/09/10/garotinho-rjtv,0,Lupa - UOL,lupa.uol.com.br,2018-09-10 00:00:00,False,original
Prefeitura SP: Checamos o que candidatos falaram no último debate antes do 1º turno,"Eu sou morador da periferia, sou o único que mora na periferia",Guilherme Boulos (PSOL),https://lupa.uol.com.br/jornalismo/2020/11/13/debate-tv-cultura-12-11,0,Lupa - UOL,lupa.uol.com.br,2020-11-13 00:00:00,False,original
Rio de Janeiro: Martha Rocha erra ao explicar aumento nos registros de estupro,Nós aumentamos o número de prisões,Delegada Martha Rocha (PDT),https://lupa.uol.com.br/jornalismo/2020/11/12/rio-de-janeiro-martha-rocha-registros-de-estupro,0,Lupa - UOL,lupa.uol.com.br,2020-11-12 00:00:00,False,original
"Hospitais, educação integral e vigilância nos presídios: quais promessas Alckmin cumpriu durante seu mandato?",Implantar sistema de vigilância interna e externa dos presídios com utilização de Drones,Geraldo Alckmin,https://lupa.uol.com.br/jornalismo/2018/12/15/promessas-alckmin-tse-sp,0,Lupa - UOL,lupa.uol.com.br,2018-12-15 00:00:00,False,original
Governo do RJ erra em propostas para mudar ICMS do etanol e salário de servidores,"Vale ressaltar, ainda, que outros Estados da Federação adotam alíquotas ainda menores que esta proposta (...)",Poder Executivo do Rio de Janeiro,https://lupa.uol.com.br/jornalismo/2019/07/18/propostas-justificativa-alerj-rj,0,Lupa - UOL,lupa.uol.com.br,2019-07-18 00:00:00,False,original
É falso que Joelma disse em entrevista que seu sangue coagulou após ter recebido vacina contra a Covid-19,"Também conta que depois da 2a Dose ela teve muitas reações, febre, falta de ar.",Post no Instagram,https://lupa.uol.com.br/jornalismo/2021/12/01/verificamos-joelma-sangue-vacina,0,Lupa - UOL,lupa.uol.com.br,2021-12-01 00:00:00,False,original
É falso que OMS deixou de recomendar uso de máscara para pessoas saudáveis durante pandemia,FOMOS ENGANADOS?! Organização Mundial da Saúde alerta sobre máscara ser desnecessária para pessoas saudáveis. Por que estamos sendo obrigados a usar?,Post no Facebook,https://lupa.uol.com.br/jornalismo/2020/07/06/verificamos-oms-mascaras-coronavirus,0,Lupa - UOL,lupa.uol.com.br,2020-07-06 00:00:00,False,original
Prefeitura SP: Checamos o que candidatos falaram no último debate antes do 1º turno,"Os dados da própria prefeitura mostraram que, em 2019, temos quase 24 mil pessoas em situação de rua",Marina Helou (Rede),https://lupa.uol.com.br/jornalismo/2020/11/13/debate-tv-cultura-12-11,0,Lupa - UOL,lupa.uol.com.br,2020-11-13 00:00:00,False,original
Imagem usa dados econômicos errados ao comparar 2016 com 2019,"Em 2019 tá tudo maravilhoso: Dólar R$ 4,20",Post no Facebook,https://lupa.uol.com.br/jornalismo/2019/11/25/verificamos-dados-economicos,0,Lupa - UOL,lupa.uol.com.br,2019-11-25 00:00:00,False,original
Erros e acertos de Alckmin no Jornal Nacional e no Jornal das 10,"Se nós crescermos 50 pontos no Pisa (...), nós vamos crescer 1% no PIB em caráter permanente, pelos ganhos de produtividade",Geraldo Alckmin,https://lupa.uol.com.br/jornalismo/2018/08/29/geraldo-alckmin-tv-globo,0,Lupa - UOL,lupa.uol.com.br,2018-08-30 00:00:00,False,original
Vitória: João Coser cita proposta que não está em seu programa de governo,"A rede [escolar pública] é grande, são 100 unidades",João Coser (PT),https://lupa.uol.com.br/jornalismo/2020/11/06/vitoria-joao-coser-programa-governo,0,Lupa - UOL,lupa.uol.com.br,2020-11-06 00:00:00,False,original
#DebateBand: checamos em tempo real o 1º debate presidencial de 2018,"[Foram] 8% de estupros a mais neste ano, em relação ao ano passado",Alvaro Dias,https://lupa.uol.com.br/jornalismo/2018/08/09/debate-band-tempo-real-2018,0,Lupa - UOL,lupa.uol.com.br,2018-08-10 00:00:00,False,original
João Goulart Filho erra sobre pobreza e exagera dados de prisão por drogas,"60% [das pessoas que morrem no Brasil] são jovens, negros, favelados",João Goulart Filho,https://lupa.uol.com.br/jornalismo/2018/09/24/joao-goulart-filho,0,Lupa - UOL,lupa.uol.com.br,2018-09-24 00:00:00,False,original
Cobrança por bagagem despachada em voos começa nesta quinta-feira?,"A informação não pode estar escondida, em letras pequenas",,https://lupa.uol.com.br/jornalismo/2017/05/17/mitos-e-verdades-sobre-a-cobranca-de-bagagens-nos-voos,0,Lupa - UOL,lupa.uol.com.br,2017-05-17 00:00:00,False,original
É falso que STF afastou Bolsonaro do controle de ações estratégicas contra pandemia de Covid-19,Só para lembrar: STF afastou Bolsonaro do controle da Covid dando esse poder para Governadores e Prefeitos. Não cobrem do Presidente,Post no Facebook,https://lupa.uol.com.br/jornalismo/2020/07/01/verificamos-stf-bolsonaro-covid,0,Lupa - UOL,lupa.uol.com.br,2020-07-01 00:00:00,False,original
Rio: Checamos o primeiro debate entre Paes e Crivella no segundo turno de 2020,Você [Eduardo Paes] tinha municipalizado dois hospitais,Marcelo Crivella,https://lupa.uol.com.br/jornalismo/2020/11/20/debate-band-segundo-turno-2020-rj,0,Lupa - UOL,lupa.uol.com.br,2020-11-20 00:00:00,False,original
Lista de ‘conselhos dos hospitais’ contra Covid-19 traz recomendações falsas,"E o limão com água morna elimina o vírus no início, antes de atingir os pulmões",Imagem no WhatsApp,https://lupa.uol.com.br/jornalismo/2020/11/24/verificamos-conselhos-hospitais-covid-19,0,Lupa - UOL,lupa.uol.com.br,2020-11-24 00:00:00,False,original
Verdades e mentiras sobre o julgamento da chapa Dilma-Temer no TSE,Ao menos um dos ministros do TSE aparece na delação da JBS,,https://lupa.uol.com.br/jornalismo/2017/06/06/verdades-e-mentiras-sobre-o-julgamento-de-dilma-e-temer-no-tse,0,Lupa - UOL,lupa.uol.com.br,2017-06-06 00:00:00,False,original
"Debate Folha, UOL e SBT entre presidenciáveis: checamos em tempo real",Todas as pesquisas mostram que eu ganho do Haddad e ganho do Bolsonaro no segundo turno,Ciro Gomes,https://lupa.uol.com.br/jornalismo/2018/09/26/debate-folha-uol-sbt,0,Lupa - UOL,lupa.uol.com.br,2018-09-26 00:00:00,False,original
"Em sabatina Folha/UOL, Benedita erra dados sobre pobreza e desemprego durante governos petistas",Nunca fui para outro partido (somente PT),Benedita da Silva,https://lupa.uol.com.br/jornalismo/2020/11/04/sabatina-benedita-petista,0,Lupa - UOL,lupa.uol.com.br,2020-11-04 00:00:00,False,original
Prefeitura SP: Checamos o que candidatos falaram no último debate antes do 1º turno,(...) [São Paulo] é uma cidade com quase 1 milhão de desempregados,Guilherme Boulos (PSOL),https://lupa.uol.com.br/jornalismo/2020/11/13/debate-tv-cultura-12-11,0,Lupa - UOL,lupa.uol.com.br,2020-11-13 00:00:00,False,original
Imagem usa dados econômicos errados ao comparar 2016 com 2019,Em 2019 tá tudo maravilhoso: PIB: menos de 1%,Post no Facebook,https://lupa.uol.com.br/jornalismo/2019/11/25/verificamos-dados-economicos,0,Lupa - UOL,lupa.uol.com.br,2019-11-25 00:00:00,False,original
Teresina: Fábio Abreu erra número de homicídios de quando assumiu Segurança,"Nós, enquanto teresinense, não temos a melhor educação do Piauí. Temos alguns municípios que superam esses números do Ideb",Fábio Abreu (PL),https://lupa.uol.com.br/jornalismo/2020/11/09/teresina-fabio-abreu-seguranca,0,Lupa - UOL,lupa.uol.com.br,2020-11-09 00:00:00,False,original
Toffoli acerta: mulheres só ocupam cerca de 10% do Congresso,"Na vida econômica, no mercado de trabalho, a mulher já está inserida praticamente na metade da força de trabalho brasileira, dizem os estudos na área econômica. Mas na política, (a mulher) ainda representa pouco mais de 10% dos mandatos na Câmara e no Senado",Dias Toffoli,https://lupa.uol.com.br/jornalismo/2016/03/09/toffoli-acerta-mulheres-ocupam-so-10-das-cadeiras-do-congresso,0,Lupa - UOL,lupa.uol.com.br,2016-03-09 00:00:00,False,original
Rio: Checamos o primeiro debate entre Paes e Crivella no segundo turno de 2020,Tivemos o dobro do índice de letalidade de São Paulo,Eduardo Paes,https://lupa.uol.com.br/jornalismo/2020/11/20/debate-band-segundo-turno-2020-rj,0,Lupa - UOL,lupa.uol.com.br,2020-11-20 00:00:00,False,original
#loveislove: É verdade que ‘um LGBT é assassinado no Brasil a cada 25 horas’?,"A cada 25 horas, um LGBT é assassinado no Brasil",,https://lupa.uol.com.br/jornalismo/2017/05/17/dia-internacional-combate-homofobia-transfobia-gay,0,Lupa - UOL,lupa.uol.com.br,2017-05-17 00:00:00,False,original
"Índices de segurança, dívida e déficit prisional: erros de Wilson Witzel sobre o RJ","Em março deste ano, foram registradas 344 vítimas de homicídio doloso, uma redução de 32% em relação a março de 2018",Wilson Witzel,https://lupa.uol.com.br/jornalismo/2019/05/14/seguranca-divida-witzel-rj,0,Lupa - UOL,lupa.uol.com.br,2019-05-14 00:00:00,False,original
Salvador: candidatos citam dados falsos sobre saúde e gestão em sabatinas Folha/UOL,"Em Salvador, esta semana, as UTIs pediátricas chegaram a 70% da sua capacidade de ocupação com crianças que estão contaminadas com Covid-19","Olívia Santana (PCdoB),",https://lupa.uol.com.br/jornalismo/2020/10/19/salvador-sabatina-eleicoes,0,Lupa - UOL,lupa.uol.com.br,2020-10-19 00:00:00,False,original
Aracaju: Rodrigo Valadares exagera sobre educação e transporte público,O candidato [Rodrigo Valadares] que mais cresce na pesquisa Ibope,Rodrigo Valadares (PTB),https://lupa.uol.com.br/jornalismo/2020/10/29/aracaju-rodrigo-valadares-educacao-transporte,0,Lupa - UOL,lupa.uol.com.br,2020-10-29 00:00:00,False,original
Erros e acertos dos candidatos ao governo de São Paulo em debate na Record,O sistema carcerário de São Paulo é um dos que mais abrigam pessoas,Marcelo Cândido,https://lupa.uol.com.br/jornalismo/2018/09/29/debate-record-sp-1-turno,0,Lupa - UOL,lupa.uol.com.br,2018-09-29 00:00:00,False,original
"O discurso de Michel Temer, um ano depois","Os investidores acompanham, com grande interesse, as mudanças no nosso país. Havendo condições adequadas, (...) a resposta será rápida",Michel Temer,https://lupa.uol.com.br/jornalismo/2017/05/12/1-ano-de-temer,0,Lupa - UOL,lupa.uol.com.br,2017-05-12 00:00:00,False,original
É falso que presidente do Chile declarou ‘guerra a comunistas,Chile deu o exemplo. Agora é a nossa vez. A corda arrebentou. Militares em ação no Chile. Forças Armadas do Chile ficam ao lado do presidente. Sebastian Piñera comunica: estamos em guerra contra os socialistas comunistas.,,https://lupa.uol.com.br/jornalismo/2021/07/05/verificamos-chile-guerra-comunistas,0,Lupa - UOL,lupa.uol.com.br,2021-07-05 00:00:00,False,original
#CaiuNaRede: É verdadeiro que zona eleitoral no Conjunto de Favelas da Maré foi transferida,CIEP Hélio Smidt: Nossa escola não será polo de votação para as eleições municipais de 2020.,Mensagem no WhatsApp,https://lupa.uol.com.br/jornalismo/2020/11/26/caiu-na-rede-zona-eleitoral-mare,0,Lupa - UOL,lupa.uol.com.br,2020-11-26 00:00:00,False,original
"Representando Lula, Berzoini exagera ao falar de desemprego","O PT, hoje, tem 20% da preferência do eleitorado",Ricardo Berzoini,https://lupa.uol.com.br/jornalismo/2018/08/02/berzoini-metropoles-pt,0,Lupa - UOL,lupa.uol.com.br,2018-08-02 00:00:00,False,original
#CaiuNaRede: É verdadeiro vídeo de grande área com painéis de energia solar,"Real ou fake? Se isso for verdade, o que você acha?",Post no Instagram,https://lupa.uol.com.br/jornalismo/2020/11/19/caiu-na-rede-paineis-de-energia-solar,0,Lupa - UOL,lupa.uol.com.br,2020-11-19 00:00:00,False,original
#VerificamosENEM: É verdade que Av. Paulista só fecha às 13h por causa do Enem,Avenida Paulista será fechada mais tarde hoje por causa do Enem,,https://lupa.uol.com.br/jornalismo/2018/11/04/verificamos-enem-paulista-fecha-13h,0,Lupa - UOL,lupa.uol.com.br,2018-11-04 00:00:00,False,original
É falso que Michelle Bolsonaro já foi condenada por tráfico de drogas,"Minha mulher, há uns 20 e poucos anos, foi condenada por tráfico de drogas. Três anos de cadeia. Cumpriu. Agora, é justo levantar isso? E agora tá todo mundo sabendo na vizinhança que ela foi condenada no passado e cumpriu três anos de cadeia. Como você acha que está a cabeça dela nesse momento?",Mensagem no WhatsApp,https://lupa.uol.com.br/jornalismo/2021/12/14/verificamos-michelle-bolsonaro-trafico-drogas,0,Lupa - UOL,lupa.uol.com.br,2021-12-14 00:00:00,False,original
É falso que CDC constatou 21 mil casos de miocardite causados pela vacina,Os riscos das vacinas são maiores que os riscos da Covid-19,Instagram,https://lupa.uol.com.br/jornalismo/2022/02/01/cdc-casos-miocardite-vacina,0,Lupa - UOL,lupa.uol.com.br,2022-02-01 00:00:00,False,original
"Na sabatina Folha/UOL, Vera Lúcia erra sobre dívidas com a prefeitura de SP",Eu tava olhando o orçamento do ano que vem (...) mais de R$ 1 bilhão com a Câmara de Vereadores e (...) menos de R$ 1 bilhão para o saneamento básico,Vera Lúcia (PSTU),https://lupa.uol.com.br/jornalismo/2020/10/27/sabatina-folha-uol-vera-lucia,0,Lupa - UOL,lupa.uol.com.br,2020-10-27 00:00:00,False,original
"No fim do mandato, Temer erra e exagera dados sobre a economia em seu governo","Logo em dezembro [de 2016], o [crescimento do] PIB já era negativo em 3,6%",Michel Temer,https://lupa.uol.com.br/jornalismo/2018/12/24/temer-economia-governo,0,Lupa - UOL,lupa.uol.com.br,2018-12-24 00:00:00,False,original
Candidatos de Curitiba exageram sobre gestão da pandemia em sabatinas Folha/UOL,Não foi cumprido o plano de carreira dos professores,"João Arruda (MDB), candidato a prefeito de Curitiba",https://lupa.uol.com.br/jornalismo/2020/10/22/eleicoes-sabatina-folha-curitiba,0,Lupa - UOL,lupa.uol.com.br,2020-10-22 00:00:00,False,original
Boulos e Vera Lúcia: os discursos das 2 chapas puras de esquerda na eleição,O Brasil é o quinto país em violência contra a mulher no mundo,Guilherme Boulos,https://lupa.uol.com.br/jornalismo/2018/07/30/boulos-vera-esquerda-na-eleicao,0,Lupa - UOL,lupa.uol.com.br,2018-07-30 00:00:00,False,original
É falso que jovem brasileira foi internada com rosto desfigurado ‘após fumar maconha,URGENTE: Adolescente Brasileira de 14 anos da cidade de Cascavel-PR pega grave infecção após fumar maconha,Post no Facebook,https://lupa.uol.com.br/jornalismo/2019/12/16/verificamos-maconha-rosto-desfigurado,0,Lupa - UOL,lupa.uol.com.br,2019-12-16 00:00:00,False,original
Dino exagera sobre ensino integral no Maranhão e erra ao falar de reservas internacionais,"Hoje, nós temos US$ 380 bilhões em reservas internacionais, 20% do PIB (...)",Flávio Dino,https://lupa.uol.com.br/jornalismo/2019/09/30/flavio-dino-ensino-integral,0,Lupa - UOL,lupa.uol.com.br,2019-09-30 00:00:00,False,original
Debate entre presidenciáveis na TV Aparecida: checamos em tempo real | Agência Lupa,"São Paulo fez superávit primário de R$ 5,3 bilhões [em 2017]",Geraldo Alckmin,https://piaui.folha.uol.com.br/lupa/2018/09/20/debate-tv-aparecida/,0,Revista Piauí,piaui.folha.uol.com.br,2018-09-20 19:30:43,False,original
"Fortaleza: Em entrevistas, José Sarto cita dados incorretos sobre Ideb",Temos hoje 108 mil alunos na escola de tempo integral,José Sarto (PDT),https://lupa.uol.com.br/jornalismo/2020/10/29/fortaleza-jose-sarto-ideb,0,Lupa - UOL,lupa.uol.com.br,2020-10-29 00:00:00,False,original
Prefeitura SP: checamos o que os candidatos disseram no primeiro debate de 2020,"(...) mulheres negras, que são 20% da população de São Paulo",Marina Helou,https://lupa.uol.com.br/jornalismo/2020/10/02/debate-candidatos-sao-paulo-band,0,Lupa - UOL,lupa.uol.com.br,2020-10-02 00:00:00,False,original
Governo do RJ: dois erros e três acertos sobre segurança pública no 1º debate na TV,Uma mulher morre no Estado [do RJ] por dia,Marcia Tiburi,https://lupa.uol.com.br/jornalismo/2018/08/21/seguranca-rj-debate-igarape,0,Lupa - UOL,lupa.uol.com.br,2018-08-21 00:00:00,False,original
Os mitos e as verdades no combate ao Aedes Aegypti,Dengue pode ser contraída mais de uma vez,,https://lupa.uol.com.br/jornalismo/2017/01/09/aedes-aegypti-mitos-e-verdades,0,Lupa - UOL,lupa.uol.com.br,2017-01-09 00:00:00,False,original
"Doria, Skaf, França e Marinho: onde erram os quatro grandes de SP","Aqui em SP, (...) nós temos mais de 200 mil presos",Márcio França,https://lupa.uol.com.br/jornalismo/2018/07/24/doria-franca-skaf-marinho-sp,0,Lupa - UOL,lupa.uol.com.br,2018-07-24 00:00:00,False,original
É falso que Freixo recebe auxílio-moradia mesmo vivendo em imóvel funcional,"Deputado Marcelo Freixo, do PSOL, mora no imóvel funcional da Câmara e mesmo assim recebe a verba de auxílio moradia",Marcelo Freixo,https://lupa.uol.com.br/jornalismo/2019/06/06/verificamos-freixo-auxilio-imovel,0,Lupa - UOL,lupa.uol.com.br,2019-06-06 00:00:00,False,original
"Na COP26, ministro usa dado falso sobre meta climática do Brasil",Temos 16 milhões de hectares de florestas nativas em recuperação,Joaquim Leite,https://lupa.uol.com.br/jornalismo/2021/11/10/na-cop26-ministro-meta-climatica-brasil,0,Lupa - UOL,lupa.uol.com.br,2021-11-10 00:00:00,False,original
João Pessoa: Wallber Virgolino erra ao falar sobre criação de alas LGBT dentro de presídios,O deputado estadual tem R$ 40 mil para patrocinar o seu mandato,Wallber Virgolino (Patriota),https://lupa.uol.com.br/jornalismo/2020/11/05/joao-pessoa-wallber-virgolino-lgbt-presidios,0,Lupa - UOL,lupa.uol.com.br,2020-11-05 00:00:00,False,original
8 mitos e verdades sobre saques do FGTS que circulam pelas redes sociais,Quem optar por fazer esse saque [aniversário] não poderá sacar todo o dinheiro em caso de demissão,Facebook,https://lupa.uol.com.br/jornalismo/2019/08/06/mitos-verdades-fgts,0,Lupa - UOL,lupa.uol.com.br,2019-08-06 00:00:00,False,original
Lupa checou ao vivo o debate da TV Globo com candidatos a prefeito de São Paulo,O Ministério Público está movendo uma ação para impugnar a sua (de Doria) candidatura,Luiza Erundina,https://lupa.uol.com.br/jornalismo/2016/09/29/debate-tv-globo-sp,0,Lupa - UOL,lupa.uol.com.br,2016-09-29 00:00:00,False,original
SP: erros e acertos de Covas e Boulos durante o horário eleitoral no segundo turno,"Nessa gestão do Dória e do Bruno Covas, a fila de espera para exame e consulta quase dobrou",Guilherme Boulos,https://lupa.uol.com.br/jornalismo/2020/11/27/horario-eleitoral-sp-segundo-turno-2020,0,Lupa - UOL,lupa.uol.com.br,2020-11-27 00:00:00,False,original
#VerificamosENEM: Conceição Evaristo foi homenageada em provas no primeiro dia do Enem,Escritora mineira Conceição Evaristo é homenageada no Enem,,https://lupa.uol.com.br/jornalismo/2018/11/10/verificamosenem-conceicao-evaristo,0,Lupa - UOL,lupa.uol.com.br,2018-11-10 00:00:00,False,original
#DebateBand: checamos em tempo real o 1º debate presidencial de 2018,"A Constituição Federal, em seu artigo de número 6, prevê o direito ao trabalho",Cabo Daciolo,https://lupa.uol.com.br/jornalismo/2018/08/09/debate-band-tempo-real-2018,0,Lupa - UOL,lupa.uol.com.br,2018-08-10 00:00:00,False,original
Belém: Thiago Araújo erra ao usar dados desatualizados de desemprego,"Em Belém, cerca de 39% da nossa população sobrevive na nossa cidade em situação de vulnerabilidade social, tendo uma renda de menos de R$ 400 por mês",Thiago Araújo (Cidadania),https://lupa.uol.com.br/jornalismo/2020/11/05/belem-thiago-araujo-desemprego,0,Lupa - UOL,lupa.uol.com.br,2020-11-05 00:00:00,False,original
Curitiba: Goura exagera déficit de empregos formais na pandemia,A tarifa [de ônibus] continua uma das mais caras do Brasil,Goura Nataraj (PDT),https://lupa.uol.com.br/jornalismo/2020/11/11/curitiba-goura-empregos-pandemia,0,Lupa - UOL,lupa.uol.com.br,2020-11-11 00:00:00,False,original
"Para além da série de direitos de respostas, os erros do debate da Globo no RJ","[Temos] Mais de 1,3 milhão de desempregados no estado",Romário,https://lupa.uol.com.br/jornalismo/2018/10/03/debate-globo-rj,0,Lupa - UOL,lupa.uol.com.br,2018-10-03 00:00:00,False,original
Doria exagera ao dizer que chefes não comandam mais principal facção paulista de dentro de presídios de SP,Mais de 82 mil presos [pelas polícias paulistas] em seis meses,João Doria,https://lupa.uol.com.br/jornalismo/2019/07/27/doria-pcc-faccao-presidios,0,Lupa - UOL,lupa.uol.com.br,2019-07-27 00:00:00,False,original
Brasil não é exemplo de conservação do meio ambiente: erros de Ricardo Salles na GloboNews,A quantidade de quilômetros desmatados [na Amazônia] no ano passado foi de 8 mil quilômetros quadrados,Ricardo Salles,https://lupa.uol.com.br/jornalismo/2019/07/05/meio-ambiente-salles-globonews,0,Lupa - UOL,lupa.uol.com.br,2019-07-05 00:00:00,False,original
"Em sabatina Folha/UOL, Covas erra sobre aumento de casos de Covid-19 em SP","Quando a gente vê a quantidade [de mortes] por 100 mil habitantes, São Paulo é a 16ª entre as 27 capitais","Bruno Covas, candidato do PSDB à prefeitura de São Paulo",https://lupa.uol.com.br/jornalismo/2020/11/26/sabatina-folha-covas-segundo-turno,0,Lupa - UOL,lupa.uol.com.br,2020-11-26 00:00:00,False,original
Saneamento básico: Amoêdo e Freixo debatem tema com erros e acertos em rede social,"Cidades como (...) Buenos Aires, que privatizaram seus sistemas, estão reestatizando",Marcelo Freixo,https://lupa.uol.com.br/jornalismo/2019/06/04/saneamento-basico-rede,0,Lupa - UOL,lupa.uol.com.br,2019-06-04 00:00:00,False,original
Debate entre presidenciáveis na TV Aparecida: checamos em tempo real | Agência Lupa,"A nossa luta se inspira muito pela mensagem do papa Francisco e seus três Ts: teto, terra e trabalho",Guilherme Boulos,https://piaui.folha.uol.com.br/lupa/2018/09/20/debate-tv-aparecida/,0,Revista Piauí,piaui.folha.uol.com.br,2018-09-20 19:30:43,False,original
"Publicação lista 31 ações de Bolsonaro em três meses, mas só sete são verdadeiras",Exonerou seu próprio ministro,Facebook,https://lupa.uol.com.br/jornalismo/2019/04/17/verificamos-lista-bolsonaro,0,Lupa - UOL,lupa.uol.com.br,2019-04-17 00:00:00,False,original
Fotos antigas circulam na internet como se fossem do festival ‘Lula Livre,"UM MAR VERMELHO DE GENTE, NO FESTIVAL LULA LIVRE! VOLTEI RECIFE, FOI A SAÚDADE QUE ME TROUXE PELO BRAÇO!",Post no Facebook,https://lupa.uol.com.br/jornalismo/2019/11/18/verificamos-fotos-festival-lula,0,Lupa - UOL,lupa.uol.com.br,2019-11-18 00:00:00,False,original
Prefeitura SP: checamos o que candidatos disseram no debate Folha/UOL,[Temos] 25 mil pessoas morando nas ruas [da cidade de São Paulo],Guilherme Boulos (PSOL),https://lupa.uol.com.br/jornalismo/2020/11/11/prefeitura-sp-debate-folha-uol,0,Lupa - UOL,lupa.uol.com.br,2020-11-11 00:00:00,False,original
Vídeo viral de diretor do Sírio-Libanês mostra informações corretas sobre funcionamento das vacinas em teste no Brasil,"Em resposta ao vírus, para tentar combater a doença, a gente produz anticorpos e também uma resposta celular. Com a vacina (...), em vez de ser infectada pelo vírus, a gente tem uma vacina que joga para dentro algumas coisas que parecem com o vírus. A CoronaVac, que é a vacina do Butatan, tem exatamente o vírus da Covid-19, o SARS-Cov-2. Só que ele foi inativado, ele foi morto por calor e produtos químicos. Aí eu jogo para dentro do organismo [por meio da vacina] um vírus que está inativado, que não é capaz de causar a doença, e o organismo vai produzir anticorpo e resposta celular.",Post no Facebook,https://lupa.uol.com.br/jornalismo/2020/12/18/verificamos-video-medico-vacinas,0,Lupa - UOL,lupa.uol.com.br,2020-12-18 00:00:00,False,original
"Publicação lista 31 ações de Bolsonaro em três meses, mas só sete são verdadeiras",Fez parceria tecnológica com Israel,Facebook,https://lupa.uol.com.br/jornalismo/2019/04/17/verificamos-lista-bolsonaro,0,Lupa - UOL,lupa.uol.com.br,2019-04-17 00:00:00,False,original
Curitiba: Greca deixa promessas pendentes e aposta em 2º mandato,"Reduzir o número de Secretarias, contemplando uma administração pública mais veloz e leve",Rafael Greca (programa de governo),https://lupa.uol.com.br/jornalismo/2020/10/06/greca-programa-governo,0,Lupa - UOL,lupa.uol.com.br,2020-10-06 00:00:00,False,original
"SobreElas: No Acre, governador não cumpre nove das 15 promessas feitas para mulheres","Fortalecer a rede estadual de enfrentamento e atendimento a mulheres vítimas de violência através do acompanhamento das equipes multifuncionais (psicólogos, médicos, assistentes sociais, pedagogos e etc.)",Promessa feita por Gladson Cameli,https://lupa.uol.com.br/jornalismo/2022/03/29/sobreelas-acre-promessas,0,Lupa - UOL,lupa.uol.com.br,2022-03-29 00:00:00,False,original
É falso tuíte de Freixo no qual ele defende ‘aumentar o auxílio reclusão,"A violência em Porto Alegre é o reflexo da PM opressora contra os cidadãos sem oportunidade. Fim da PM já. #Lucianagenro50 Bandido bom, é bandido com seus direitos humanos respeitados e família assistida #Freixo50 Temos que aumentar o auxílio reclusão para que a família dos presos terem mais dignidade. #freixo50",Post no Facebook,https://lupa.uol.com.br/jornalismo/2022/03/25/verificamos-twitter-freixo,0,Lupa - UOL,lupa.uol.com.br,2022-03-25 00:00:00,False,original
"Belo Horizonte: Áurea Carolina acerta dados sobre Covid-19, violência contra a mulher e renda","Em BH hoje, 67 mil famílias ganham menos que o valor de uma cesta básica por mês",Áurea Carolina (PSOL),https://lupa.uol.com.br/jornalismo/2020/10/28/belo-horizonte-aurea-carolina-renda-familias,0,Lupa - UOL,lupa.uol.com.br,2020-10-28 00:00:00,False,original
Natal: Álvaro Dias exagera sobre isolamento social durante pandemia,Não houve aumento do IPTU. O que houve aqui em Natal é que a lei determina que a cobrança do IPTU deve ser feita em cima do valor venal do imóvel,Álvaro Dias (PSDB),https://lupa.uol.com.br/jornalismo/2020/11/04/natal-alvaro-dias-isolamento-pandemia,0,Lupa - UOL,lupa.uol.com.br,2020-11-04 00:00:00,False,original
"Votos do CE no impeachment, processo de Lupi: os erros de Ciro Gomes em sabatina","Na nossa legislatura [2007-2010], o Congresso votou a revogação da CPMF e tirou do orçamento da União R$ 70 bilhões",Ciro Gomes,https://lupa.uol.com.br/jornalismo/2018/08/02/ciro-gomes-globonews,0,Lupa - UOL,lupa.uol.com.br,2018-08-02 00:00:00,False,original
Quanto já foi gasto com a polêmica do grafite na cidade de São Paulo?,"Serão selecionados oito projetos e ações de pintura de rua que receberão investimento total inicial de R$ 200 mil, que virão de recursos de patrocinadores",,https://lupa.uol.com.br/jornalismo/2017/03/23/polemica-grafite-sao-paulo,0,Lupa - UOL,lupa.uol.com.br,2017-03-23 00:00:00,False,original
Manaus: Ricardo Nicolau exagera ao falar de escolas militares,"A Prefeitura, ano passado, gastou R$ 131 milhões com comunicação, [...] por outro lado, não gastou R$ 1 com o fundo de combate às drogas",Ricardo Nicolau (PSD),https://lupa.uol.com.br/jornalismo/2020/10/29/manaus-ricardo-nicolau-escolas-militares,0,Lupa - UOL,lupa.uol.com.br,2020-10-29 00:00:00,False,original
"Em entrevistas a rádios locais, Ciro erra dados sobre reforma agrária, desemprego e concentração bancária",70% do povo de São Paulo votou no Bolsonaro,Ciro Gomes,https://lupa.uol.com.br/jornalismo/2022/03/09/ciro-gomes-entrevistas-radios-locais,0,Lupa - UOL,lupa.uol.com.br,2022-03-09 00:00:00,False,original
Joice Hasselmann se contradiz sobre apoio a teorias da conspiração e pautas bolsonaristas,"O Haddad aumentou [o IPTU]. [...] Em vez de o Doria voltar atrás, manteve. O Bruno Covas, a mesma coisa",Joice Hasselmann (PSL),https://lupa.uol.com.br/jornalismo/2020/10/28/joice-hasselmann-sabatina-folha-uol,0,Lupa - UOL,lupa.uol.com.br,2020-10-28 00:00:00,False,original
É falso que Amapá tem uma das menores taxas de letalidade por Covid-19 do mundo,Amapá faz tratamento precoce (...),Post no Facebook,https://lupa.uol.com.br/jornalismo/2021/01/25/verificamos-amapa-taxa-letalidade-covid-19,0,Lupa - UOL,lupa.uol.com.br,2021-01-25 00:00:00,False,original
Debate entre candidatos ao governo de SP na TV Globo: checamos em tempo real,"De 2005 a 2012, houve um incremento de assassinatos [da população negra] de 18%",Marcelo Cândido,https://lupa.uol.com.br/jornalismo/2018/10/02/debate-sp-tv-globo,0,Lupa - UOL,lupa.uol.com.br,2018-10-02 00:00:00,False,original
Alckmin erra sobre investimento em SP e saída de Aécio da presidência do PSDB,"O ex-presidente, do PT [Lula], dizia que queria exterminar os Democratas",Geraldo Alckmin,https://lupa.uol.com.br/jornalismo/2018/08/03/geraldo-alckmin-globonews,0,Lupa - UOL,lupa.uol.com.br,2018-08-03 00:00:00,False,original
"Meio ambiente, trabalho escravo e Odebrecht: erros de Kátia Abreu na Globonews",Eu votei contra a reforma trabalhista,Kátia Abreu,https://lupa.uol.com.br/jornalismo/2018/09/04/katia-abreu-globonews,0,Lupa - UOL,lupa.uol.com.br,2018-09-04 00:00:00,False,original
"Na sabatina Folha/UOL, Martha Rocha erra sobre PDT e eleição para o Tribunal de Contas","Eu trabalhei muito e quero registrar que no período que eu estive na [chefia da] Polícia Civil, nós fizemos 6 concursos públicos",Martha Rocha,https://lupa.uol.com.br/jornalismo/2020/10/30/sabatina-rio-martha-2020,0,Lupa - UOL,lupa.uol.com.br,2020-10-30 00:00:00,False,original
"Entre ONU e Lula e sistema bancário, dois erros e dois acertos de Haddad no Jornal da Globo","Cinco bancos, inclusive dois públicos, concentram mais de 80% do crédito",Fernando Haddad,https://lupa.uol.com.br/jornalismo/2018/09/20/fernando-haddad-jornal-da-globo,0,Lupa - UOL,lupa.uol.com.br,2018-09-20 00:00:00,False,original
Debate entre presidenciáveis na TV Aparecida: checamos em tempo real | Agência Lupa,Bispos católicos do Brasil se manifestaram textualmente contra reforma trabalhista,Fernando Haddad,https://piaui.folha.uol.com.br/lupa/2018/09/20/debate-tv-aparecida/,0,Revista Piauí,piaui.folha.uol.com.br,2018-09-20 19:30:43,False,original
Debate entre presidenciáveis na TV Globo: checamos em tempo real,"Reduzimos imposto de remédio. Todos os genéricos, de 18% para 12%",Geraldo Alckmin,https://lupa.uol.com.br/jornalismo/2018/10/04/debate-globo,0,Lupa - UOL,lupa.uol.com.br,2018-10-04 00:00:00,False,original
Erros e acertos dos candidatos a prefeito do Rio no primeiro debate,Falta transparência em quanto de dinheiro público foi parar nas Olimpíadas. Isso foi dito pelo Ministério Público,Alessandro Molon,https://lupa.uol.com.br/jornalismo/2016/08/25/ao-vivo-checagens-do-debate-da-band-no-rio-de-janeiro,0,Lupa - UOL,lupa.uol.com.br,2016-08-26 00:00:00,False,original
"É falso que swab, ‘cotonete’ usado em exames de Covid-19, atinge barreira de proteção do cérebro","Se, de alguma forma, a sua Barreira de Cérebro Sangue está comprometida, (...) o cérebro [torna-se] inflamado! Permite então que bactérias e outras toxinas entrem no seu cérebro e infectem o tecido cerebral que pode levar à inflamação e às vezes à morte",Post no Facebook,https://lupa.uol.com.br/jornalismo/2020/07/15/verificamos-swab-teste-cerebro,0,Lupa - UOL,lupa.uol.com.br,2020-07-15 00:00:00,False,original
"Weintraub erra sobre ranking de universidades, gastos do MEC e criação da aspirina",80% (...) das pessoas que fazem o ensino superior no Brasil estão em instituições privadas,Abraham Weintraub,https://lupa.uol.com.br/jornalismo/2019/08/03/weintraub-universidade-aspirina,0,Lupa - UOL,lupa.uol.com.br,2019-08-03 00:00:00,False,original
Jean Wyllys erra sobre postura de Bolsonaro após tragédias em Brumadinho e no CT do Flamengo,Eu nunca apresentei projeto de lei para obrigar adolescente a mudar de sexo. Apresentei uma lei de identidade de gênero baseada na lei argentina,Jean Wyllys,https://lupa.uol.com.br/jornalismo/2019/04/13/jean-wyllys-bial,0,Lupa - UOL,lupa.uol.com.br,2019-04-13 00:00:00,False,original
"Belém: Com 31 faltas, Priante afirma que não esteve ausente da Câmara",Belém é uma cidade com mais de 50% composta por mulheres (...),José Priante (MDB),https://lupa.uol.com.br/jornalismo/2020/11/11/belem-priante-faltas-camara,0,Lupa - UOL,lupa.uol.com.br,2020-11-11 00:00:00,False,original
É de 2018 post sobre pesquisa que indicaria vitória de Bolsonaro no primeiro turno,Pesquisa aponta: Bolsonaro pode vencer no primeiro turno,Post no Facebook,https://lupa.uol.com.br/jornalismo/2021/04/19/verificamos-pesquisa-vitoria-bolsonaro-primeiro-turno,0,Lupa - UOL,lupa.uol.com.br,2021-04-19 00:00:00,False,original
Imagem que mostra personagens se beijando não é de novo filme da Disney,"Essa imagem é de um filme novo da Disney para crianças, vamos ficar ligados. Se for possível enviar para mais grupo para alertar as famílias",Facebook,https://lupa.uol.com.br/jornalismo/2019/05/15/verificamos-disney-filme,0,Lupa - UOL,lupa.uol.com.br,2019-05-15 00:00:00,False,original
Transparência Internacional revela uso de offshores no setor imobiliário de São Paulo,O Brasil tem legislação que facilita a lavagem de dinheiro,,https://lupa.uol.com.br/jornalismo/2017/04/10/transparencia-internacional-revela-uso-de-offshores-em-setor-imobiliario-de-sp,0,Lupa - UOL,lupa.uol.com.br,2017-04-10 00:00:00,False,original
"Entre pesquisas e educação, dois erros e dois acertos de Geraldo Alckmin no Jornal da Globo",[Há] 440 mil crianças [com idade entre 4 e 5 anos] sem vaga [na educação infantil] no Brasil,Geraldo Alckmin,https://lupa.uol.com.br/jornalismo/2018/09/19/geraldo-alckmin-jornal-da-globo,0,Lupa - UOL,lupa.uol.com.br,2018-09-19 00:00:00,False,original
"Em sabatina, Alckmin muda de opinião sobre privatização da Petrobras","A uma semana da eleição [no Tocantins], quem estava em primeiro e segundo lugares não foi para o segundo turno. O terceiro e o quarto foram",Geraldo Alckmin,https://lupa.uol.com.br/jornalismo/2018/06/27/alckmin-sabatina-metropoles,0,Lupa - UOL,lupa.uol.com.br,2018-06-27 00:00:00,False,original
"Debate Folha, UOL e SBT entre presidenciáveis: checamos em tempo real","Você [Fernando Haddad] foi pedir benção para Renan Calheiros [MDB-AL], que também apoiou o impeachment",Marina Silva,https://lupa.uol.com.br/jornalismo/2018/09/26/debate-folha-uol-sbt,0,Lupa - UOL,lupa.uol.com.br,2018-09-26 00:00:00,False,original
"Teresina: Ex-secretário de Cultura, Fábio Novo exagera dados da pasta",Eu tenho mãos limpas. Eu não respondo a nenhum inquérito policial. Nenhum processo eu tenho,Fábio Novo (PT),https://lupa.uol.com.br/jornalismo/2020/11/06/teresina-fabio-novo-cultura,0,Lupa - UOL,lupa.uol.com.br,2020-11-06 00:00:00,False,original
Flávio Bolsonaro erra ao falar que MP não ‘deu oportunidade’ para esclarecimentos,Minha campanha é barata,Flávio Bolsonaro,https://lupa.uol.com.br/jornalismo/2019/01/23/flavio-bolsonaro-caso-queiroz,0,Lupa - UOL,lupa.uol.com.br,2019-01-23 00:00:00,False,original
"No Congresso, Paulo Guedes erra dados sobre mercado de trabalho e carga tributária","30 milhões de americanos foram demitidos num espaço de dois, três meses",Paulo Guedes,https://lupa.uol.com.br/jornalismo/2020/09/03/congresso-paulo-guedes-mercado-de-trabalho,0,Lupa - UOL,lupa.uol.com.br,2020-09-03 00:00:00,False,original
Palmas: Tiago Amastha Andrino e Vanda Monteiro criticam a atual gestão de Palmas,(...) ela [Cinthia Ribeiro] fechou aqui (...) com apenas um caso [de Covid-19],Tiago Amastha Andrino (PSB),https://lupa.uol.com.br/jornalismo/2020/11/02/palmas-tiago-amastha-andrino-vanda-monteiro,0,Lupa - UOL,lupa.uol.com.br,2020-11-02 00:00:00,False,original
O que dizem os quatro deputados federais mais votados de SP?,Apresentei 1.150 propostas e projetos de lei na Câmara dos Deputados,Celso Russomanno,https://lupa.uol.com.br/jornalismo/2018/11/23/quatro-deputados-federais-sp,0,Lupa - UOL,lupa.uol.com.br,2018-11-23 00:00:00,False,original
Bolsonaro na ONU: checamos o discurso do presidente na Assembleia Geral,"A França e a Alemanha, por exemplo, usam mais de 50% de seus territórios para a agricultura (...)",Jair Bolsonaro,https://lupa.uol.com.br/jornalismo/2019/09/24/bolsonaro-onu,0,Lupa - UOL,lupa.uol.com.br,2019-09-24 00:00:00,False,original
Prefeitura SP: Checamos o que candidatos falaram no último debate antes do 1º turno,"O desemprego [em São Paulo] alcança mais de 15%, 15,3% dos trabalhadores",Orlando Silva (PCdoB),https://lupa.uol.com.br/jornalismo/2020/11/13/debate-tv-cultura-12-11,0,Lupa - UOL,lupa.uol.com.br,2020-11-13 00:00:00,False,original
Erros e acertos de Bolsonaro e ministros no 1º mês de lives no Facebook,Tivemos missão de paz naquele país [Moçambique] na década de 90,General Otávio Rêgo Barros,https://lupa.uol.com.br/jornalismo/2019/03/30/bolsonaro-live-ministros,0,Lupa - UOL,lupa.uol.com.br,2019-03-30 00:00:00,False,original
"Em sabatina, Marina exagera ao falar de tributos sobre preço de combustíveis",Sou a favor do controle do gasto público. (...) Qual era a minha proposta [em 2010]? Gastar [até] metade do crescimento do PIB,Marina Silva,https://lupa.uol.com.br/jornalismo/2018/05/25/marina-sabatina-folha,0,Lupa - UOL,lupa.uol.com.br,2018-05-25 00:00:00,False,original
"Governo SP: checamos em tempo real o debate entre Doria e França em Folha, UOL e SBT",São Paulo tem mais de 100 hospitais,Márcio França,https://lupa.uol.com.br/jornalismo/2018/10/23/debate-sp-folha-2-turno,0,Lupa - UOL,lupa.uol.com.br,2018-10-23 00:00:00,False,original
"Publicação lista 31 ações de Bolsonaro em três meses, mas só sete são verdadeiras",211 mil vagas de emprego criadas em dois meses (...),Facebook,https://lupa.uol.com.br/jornalismo/2019/04/17/verificamos-lista-bolsonaro,0,Lupa - UOL,lupa.uol.com.br,2019-04-17 00:00:00,False,original
É falso que PSOL entrou com ação no STF para que escolas ensinem ‘ideologia de gênero,O PSOL está provocando o STF para votar a obrigatoriedade da ideologia de gênero [em escolas] no Brasil todo,Sikera Júnior,https://lupa.uol.com.br/jornalismo/2020/10/30/verificamos-psol-ideologia-de-genero,0,Lupa - UOL,lupa.uol.com.br,2020-10-30 00:00:00,False,original
Curitiba: Greca subestima número de transferências para a rede municipal de ensino na pandemia,"Desde 2017, tiramos 40 mil pessoas da fila de espera de especialidades médicas. Atendendo quem mais precisava de exames, cirurgias e consultas",Rafael Greca (DEM),https://lupa.uol.com.br/jornalismo/2020/11/13/curitiba-greca-ensino-pandemia,0,Lupa - UOL,lupa.uol.com.br,2020-11-13 00:00:00,False,original
Ligue 180: as mentiras e verdades do debate sobre a violência de gênero,Casos de agressão contra a mulher costumam acontecer dentro de casa,,https://lupa.uol.com.br/jornalismo/2017/03/09/ligue-180-mentiras-e-verdades-violencia-de-genero,0,Lupa - UOL,lupa.uol.com.br,2017-03-09 00:00:00,False,original
"Sabatina Folha, UOL e SBT: Alckmin erra ao falar sobre passado de adversários",A média [da aposentadoria] do Legislativo federal é R$ 27 mil,Geraldo Alckmin,https://lupa.uol.com.br/jornalismo/2018/09/11/alckmin-sabatina-folha-uol-sbt,0,Lupa - UOL,lupa.uol.com.br,2018-09-11 00:00:00,False,original
"Debate Folha, UOL e SBT entre presidenciáveis: checamos em tempo real",Meirelles [está] gastando R$ 43 milhões [na campanha]. Nós gastamos R$ 700,Cabo Daciolo,https://lupa.uol.com.br/jornalismo/2018/09/26/debate-folha-uol-sbt,0,Lupa - UOL,lupa.uol.com.br,2018-09-26 00:00:00,False,original
Bolsonaro erra ao afirmar que Centrão surgiu com apoio a Alckmin em eleições,"Eu estive há pouco no Texas, Estados Unidos. Aquele estado, se eu não me engano, se fosse sozinho, seria a décima economia do mundo",Jair Bolsonaro,https://lupa.uol.com.br/jornalismo/2019/05/27/bolsonaro-centrao-record,0,Lupa - UOL,lupa.uol.com.br,2019-05-27 00:00:00,False,original
João Pessoa: Cícero Lucena erra informações sobre saúde da mulher,João Pessoa hoje tem apenas 80% de cobertura de PSF,Cícero Lucena (PP),https://lupa.uol.com.br/jornalismo/2020/11/12/joao-pessoa-cicero-lucena-saude-mulher,0,Lupa - UOL,lupa.uol.com.br,2020-11-12 00:00:00,False,original
Debate entre presidenciáveis na TV Aparecida: checamos em tempo real | Agência Lupa,[As ideias de um Imposto sobre Valor Agregado] Estão defendidas em um livro que eu escrevi em 1996 com o professor Mangabeira [Unger],Ciro Gomes,https://piaui.folha.uol.com.br/lupa/2018/09/20/debate-tv-aparecida/,0,Revista Piauí,piaui.folha.uol.com.br,2018-09-20 19:30:43,False,original
Antônio Carlos (PCO) erra ao falar da esquerda e de seu próprio partido,Ciro Gomes se alia ao DEM [...] apoiando o candidato do Antônio Carlos Magalhães [Neto] na Bahia,Antônio Carlos Silva (PCO),https://lupa.uol.com.br/jornalismo/2020/10/19/antonio-carlos-pco-esquerda-partido,0,Lupa - UOL,lupa.uol.com.br,2020-10-19 00:00:00,False,original
Fortaleza: Heitor Férrer erra ao comentar dados sobre câncer de mama e Covid-19,O município de Fortaleza gasta cerca de 30% [do orçamento] em saúde pública.,Heitor Férrer (Solidariedade),https://lupa.uol.com.br/jornalismo/2020/10/27/fortaleza-heitor-ferrer-covid-19,0,Lupa - UOL,lupa.uol.com.br,2020-10-27 00:00:00,False,original
Boa Vista: Linoberg exagera dados sobre escolas municipais não avaliadas,[Os ônibus biarticulados] foram comprados com um empréstimo de R$ 65 milhões,Linoberg Almeida (Rede Sustentabilidade),https://lupa.uol.com.br/jornalismo/2020/11/04/boa-vista-linoberg-escolas-municipais,0,Lupa - UOL,lupa.uol.com.br,2020-11-04 00:00:00,False,original
"Wellington Dias fez do Piauí líder em energia eólica? Deu ao estado IDH de 0,7?",Wellington Dias é o responsável pelo ensino técnico em todos os municípios do Piauí,,https://lupa.uol.com.br/jornalismo/2018/08/28/wellington-dias-twitter,0,Lupa - UOL,lupa.uol.com.br,2018-08-28 00:00:00,False,original
Bolsonaro no Roda Viva: erros e acertos do candidato do PSL à Presidência,"Os transportadores arcam com prejuízo de R$ 1,5 bilhão por ano, fruto do roubo de cargas no Brasil",Jair Bolsonaro,https://lupa.uol.com.br/jornalismo/2018/07/31/bolsonaro-roda-viva,0,Lupa - UOL,lupa.uol.com.br,2018-07-31 00:00:00,False,original
"STF, imprensa, Covid-19: erros de Bolsonaro após vídeo de reunião ser divulgado",Deu 50 milhões de pessoas [recebendo auxílio da COVID-19],Jair Bolsonaro,https://lupa.uol.com.br/jornalismo/2020/05/22/stf-imprensa-covid-bolsonaro,0,Lupa - UOL,lupa.uol.com.br,2020-05-23 00:00:00,False,original
"No que acertam e no que erram Amoêdo e Rabello, dois novatos em eleições",[No Brasil] São 153 dias [trabalhados] por ano para pagar imposto,João Amoêdo,https://lupa.uol.com.br/jornalismo/2018/07/27/amoedo-rabello-novatos-metropoles,0,Lupa - UOL,lupa.uol.com.br,2018-07-27 00:00:00,False,original
Vacina contra HIV: conheça os mitos e as verdades sobre o imunizante em teste no Brasil,Mais de 32 milhões de pessoas morreram em decorrência do HIV. 38 milhões vivem com o vírus. Ainda não tem cura,Post no Twitter,https://lupa.uol.com.br/jornalismo/2021/02/22/vacina-hiv-brasil,0,Lupa - UOL,lupa.uol.com.br,2021-02-22 00:00:00,False,original
Secretário de Educação de SP erra sobre a pasta e sobre universidades no estado,"Temos 3,5 milhões de jovens estudando na rede estadual [de São Paulo]",Rossieli Soares da Silva,https://lupa.uol.com.br/jornalismo/2019/05/16/rossieli-educacao-sao-paulo,0,Lupa - UOL,lupa.uol.com.br,2019-05-16 00:00:00,False,original
"Entre acusações, erros e acertos de Doria e França no debate da Band em SP",Você colocou essa OS [a Organização Social Adesaf] para trabalhar para você [na prefeitura de São Paulo]. O PT contratou. Você manteve,Marcio França,https://lupa.uol.com.br/jornalismo/2018/10/19/doria-franca-debate-band-sp,0,Lupa - UOL,lupa.uol.com.br,2018-10-19 00:00:00,False,original
Novembro azul: mitos e verdades sobre câncer de próstata no Twitter,Zika inibe proliferação de células do câncer de próstata,Post no Twitter,https://lupa.uol.com.br/jornalismo/2019/11/15/novembro-azul-cancer,0,Lupa - UOL,lupa.uol.com.br,2019-11-15 00:00:00,False,original
Governo do RJ: Seis verdades ‘inconvenientes’ para Paes e Witzel,É você que financia os filhos [de Jorge Picciani]. Rafael Picciani foi seu secretário,Wilson Witzel,https://lupa.uol.com.br/jornalismo/2018/10/24/rj-seis-verdades-paes-witzel,0,Lupa - UOL,lupa.uol.com.br,2018-10-24 00:00:00,False,original
É falso que hospital de campanha em Santo André não tem pacientes,Médicos dos hospitais começam a postar fotos: Cadê os doentes do coronavirus,Facebook,https://lupa.uol.com.br/jornalismo/2020/04/28/verificamos-hospital-santo-andre,0,Lupa - UOL,lupa.uol.com.br,2020-04-28 00:00:00,False,original
"Debate da Band no RJ: Witzel se contradiz sobre Marielle, e Paes, sobre Lula","Acabamos de ouvir o candidato do Crivella (…), [Witzel] tem o apoio do Crivella",Eduardo Paes,https://lupa.uol.com.br/jornalismo/2018/10/19/debate-band-rj-witzel-paes,0,Lupa - UOL,lupa.uol.com.br,2018-10-19 00:00:00,False,original
Prefeitura SP: Checamos o que candidatos falaram no último debate antes do 1º turno,O próprio vice do prefeito é investigado (...) em relação à 'máfia das creches,Joice Hasselmann (PSL),https://lupa.uol.com.br/jornalismo/2020/11/13/debate-tv-cultura-12-11,0,Lupa - UOL,lupa.uol.com.br,2020-11-13 00:00:00,False,original
"Nas redes sociais, candidatos de SP erram sobre saúde e desemprego","Doria aumentou impostos sobre a Propriedade de Veículos Automotores e sobre Circulação de Mercadoria e Serviços. Isso prejudica a indústria, os empregos e a vida dos paulistas. Vc pode reagir a isso nas urnas, tirando o poste dele, Bruno Covas, da Prefeitura",Celso Russomanno (Republicanos),https://lupa.uol.com.br/jornalismo/2020/11/13/redes-sociais-candidatos-de-sp,0,Lupa - UOL,lupa.uol.com.br,2020-11-13 00:00:00,False,original
"Debate Folha, UOL e SBT entre presidenciáveis: checamos em tempo real",Aqueles que se aposentam mais cedo são aqueles que ganham mais,Henrique Meirelles,https://lupa.uol.com.br/jornalismo/2018/09/26/debate-folha-uol-sbt,0,Lupa - UOL,lupa.uol.com.br,2018-09-26 00:00:00,False,original
Do discurso às realizações do prefeito Fernando Haddad,Não há como levar em frente esse grande empreendimento que é a nossa cidade sem renegociar o contrato da dívida com o governo federal,Fernando Haddad,https://lupa.uol.com.br/jornalismo/2016/12/30/do-discurso-as-realizacoes-do-prefeito-fernando-haddad,0,Lupa - UOL,lupa.uol.com.br,2016-12-30 00:00:00,False,original
Confira o gabarito o quiz ‘Adivinhe a etiqueta – Presidenciáveis,"O Bolsonaro votou no Lula, declarou no Plenário [da Câmara]",Geraldo Alckmin,https://lupa.uol.com.br/jornalismo/2018/10/06/gabarito-quiz-etiqueta-presidenciaveis,0,Lupa - UOL,lupa.uol.com.br,2018-10-06 00:00:00,False,original
Barroso erra dados sobre criminalização do aborto e evasão no ensino médio,"A criminalização [do aborto], segundo pesquisa da Organização Mundial da Saúde, não diminui o número de abortos, apenas impede que ele seja feito em condições minimamente adequadas",Luís Roberto Barroso,https://lupa.uol.com.br/jornalismo/2019/06/01/barroso-aborto-evasao-ensino-medio,0,Lupa - UOL,lupa.uol.com.br,2019-06-01 00:00:00,False,original
Crivella descumpriu 4 de cada 5 promessas feitas na campanha de 2016,"19. Estabelecer parcerias com organizações culturais, esportivas e profissionalizantes do terceiro setor para complementar a carga horária dos anos finais do ensino fundamental (antigo ginásio) com atividades culturais, esportivas ou oficinas de formação profissional - objetivando acabar com os atuais níveis de evasão escolar",Promessa do prefeito Marcelo Crivella,https://lupa.uol.com.br/jornalismo/2020/10/17/crivella-promessas-campanha-2016,0,Lupa - UOL,lupa.uol.com.br,2020-10-17 00:00:00,False,original
Saneamento básico: Amoêdo e Freixo debatem tema com erros e acertos em rede social,"A Agência Federal da Concorrência Alemã condenou a empresa de água de Berlim a reduzir os seus preços em 18%, considerando abusivo o aumento de tarifas",Marcelo Freixo,https://lupa.uol.com.br/jornalismo/2019/06/04/saneamento-basico-rede,0,Lupa - UOL,lupa.uol.com.br,2019-06-04 00:00:00,False,original
Rio Branco: Minoru Kinpara exagera dados com cargos comissionados,"É inaceitável que 48% da população de Rio Branco não tenha acesso a água potável, o que é um direito básico",Minoru Kinpara (PSDB),https://lupa.uol.com.br/jornalismo/2020/11/06/rio-branco-minoru-kinpara-cargos-comissionados,0,Lupa - UOL,lupa.uol.com.br,2020-11-06 00:00:00,False,original
João Goulart Filho erra sobre pobreza e exagera dados de prisão por drogas,Está no nosso programa: (...) a educação básica tem que ser federalizada,João Goulart Filho,https://lupa.uol.com.br/jornalismo/2018/09/24/joao-goulart-filho,0,Lupa - UOL,lupa.uol.com.br,2018-09-24 00:00:00,False,original
"Debate Folha, UOL e SBT entre presidenciáveis: checamos em tempo real",O PMDB nunca ganhou uma eleição presidencial,Guilherme Boulos,https://lupa.uol.com.br/jornalismo/2018/09/26/debate-folha-uol-sbt,0,Lupa - UOL,lupa.uol.com.br,2018-09-26 00:00:00,False,original
"Ministro da Defesa anuncia fim da GLO em Brasília, mas erra ao defender ação","No governo anterior [de Dilma Rousseff], entre os dias 20 e 21 de outubro, foram empregadas Forças Armadas pela então presidente, no Rio de Janeiro, quando do leilão do poço de Libra, do pré-sal",Raul Jungmann,https://lupa.uol.com.br/jornalismo/2017/05/25/jungmann-glo-fim-brasilia,0,Lupa - UOL,lupa.uol.com.br,2017-05-25 00:00:00,False,original
Ernesto Araújo erra ao falar do crescimento do Brasil no século XX e da posição de Israel nos rankings de inovação,"[O Brasil] É um dos países que mais emitem turismo para lá [os EUA], que mais gastam e, portanto, deixam recursos na economia americana",Ernesto Araújo,https://lupa.uol.com.br/jornalismo/2019/03/21/ernesto-araujo-crescimento-inovacao,0,Lupa - UOL,lupa.uol.com.br,2019-03-21 00:00:00,False,original
As notícias falsas em torno do incêndio da Catedral de Notre Dame,Tinha um [manifestante] colete amarelo em uma das torres da Catedral Notre Dame,Twitter,https://lupa.uol.com.br/jornalismo/2019/04/16/noticias-falsas-incendio-notre-dame,0,Lupa - UOL,lupa.uol.com.br,2019-04-16 00:00:00,False,original
De olho nas verdades e mentiras que rondam o carnaval,"No dia seguinte da bebedeira, o melhor é água",,https://lupa.uol.com.br/jornalismo/2017/02/25/mitos-do-carnaval-sirio-libanes,0,Lupa - UOL,lupa.uol.com.br,2017-02-25 00:00:00,False,original
Lupa checou ao vivo debate da Folha/UOL/SBT com candidatos de SP,(Há um) Déficit de 100 mil vagas nas creches municipais,Luiza Erundina,https://lupa.uol.com.br/jornalismo/2016/09/23/debate-folha-sbt-uol,0,Lupa - UOL,lupa.uol.com.br,2016-09-23 00:00:00,False,original
Marina Silva exagera ao dizer que países usam plebiscitos para legalizar aborto,A reforma [da previdência] em relação aos militares não encarou os privilégios. Os privilégios continuam intactos,Marina Silva,https://lupa.uol.com.br/jornalismo/2018/08/01/marina-silva-globonews,0,Lupa - UOL,lupa.uol.com.br,2018-08-01 00:00:00,False,original
Debate entre candidatos ao governo de SP na TV Globo: checamos em tempo real,Você [Márcio França] fez parte do conselho político do governo Lula,João Doria,https://lupa.uol.com.br/jornalismo/2018/10/02/debate-sp-tv-globo,0,Lupa - UOL,lupa.uol.com.br,2018-10-24 00:00:00,False,original
"Senado, previdência, turismo e homofobia: erros e acertos de Alcolumbre e Maia","Aprovamos a criminalização da homofobia na Câmara, e o Senado rejeitou",Rodrigo Maia,https://lupa.uol.com.br/jornalismo/2019/03/25/erros-acertos-alcolumbre-maia,0,Lupa - UOL,lupa.uol.com.br,2019-03-25 00:00:00,False,original
"No que acertam e no que erram Amoêdo e Rabello, dois novatos em eleições","33 mil jovens, na faixa de 15 a 20 e poucos anos, (...) são assassinados por ano",Paulo Rabello de Castro,https://lupa.uol.com.br/jornalismo/2018/07/27/amoedo-rabello-novatos-metropoles,0,Lupa - UOL,lupa.uol.com.br,2018-07-27 00:00:00,False,original
"Debate da Band no RJ: Witzel se contradiz sobre Marielle, e Paes, sobre Lula",O secretário-geral de seu partido [PSC] era subsecretário da Secretaria Estadual de Saúde até abril deste ano,Eduardo Paes,https://lupa.uol.com.br/jornalismo/2018/10/19/debate-band-rj-witzel-paes,0,Lupa - UOL,lupa.uol.com.br,2018-10-19 00:00:00,False,original
"Governo RJ: Checamos, em tempo real, debate entre Paes e Witzel na Globo","Ele diz que, ameaçado, pediu para sair [da Vara de Execuções Criminais]",Eduardo Paes,https://lupa.uol.com.br/jornalismo/2018/10/25/debate-witzel-paes-globo,0,Lupa - UOL,lupa.uol.com.br,2018-10-26 00:00:00,False,original
Maceió: Cícero Almeida se contradiz ao falar sobre a infraestrutura da cidade,Esse grande ginásio [Arivaldo Maia] que foi um presente que nós demos à população do Jacintinho durante o período que eu fui prefeito,Cícero Almeida (DC),https://lupa.uol.com.br/jornalismo/2020/10/28/maceio-cicero-almeida-infraestrutura,0,Lupa - UOL,lupa.uol.com.br,2020-10-28 00:00:00,False,original
As notícias falsas em torno do incêndio da Catedral de Notre Dame,"Apesar de parecer falsa, foto que mostra Notre Dame em chamas e Torre Eiffel grande ao fundo é real",Facebook,https://lupa.uol.com.br/jornalismo/2019/04/16/noticias-falsas-incendio-notre-dame,0,Lupa - UOL,lupa.uol.com.br,2019-04-16 00:00:00,False,original
Maconha para uso medicinal: erros e acertos em propostas e falas no Congresso,"Consumo de cigarros e derivados causam um gasto médico de R$ 56 bilhões por ano no país [Brasil]. Em 2015, só R$ 12 bilhões foi a arrecadação [do governo com esses produtos]",Osmar Terra,https://lupa.uol.com.br/jornalismo/2019/07/23/maconha-uso-medicinal-osmar,0,Lupa - UOL,lupa.uol.com.br,2019-07-23 00:00:00,False,original
"No Congresso, Paulo Guedes erra dados sobre mercado de trabalho e carga tributária",Os impostos chegaram a 34% do PIB,Paulo Guedes,https://lupa.uol.com.br/jornalismo/2020/09/03/congresso-paulo-guedes-mercado-de-trabalho,0,Lupa - UOL,lupa.uol.com.br,2020-09-03 00:00:00,False,original
Maia erra sobre salários de parlamentares e aumento na carga tributária,"E na Dinamarca, [o número de mortes foi] perto de 100 [pessoas por milhão]",Rodrigo Maia,https://lupa.uol.com.br/jornalismo/2020/08/05/rodrigo-maia-roda-viva,0,Lupa - UOL,lupa.uol.com.br,2020-08-05 00:00:00,False,original
Mitos eleitorais: voto em branco e voto nulo SÃO a mesma coisa,Voto em branco e voto nulo são a mesma coisa,,https://lupa.uol.com.br/jornalismo/2018/10/06/mitos-eleitorais-voto-branco-nulo,0,Lupa - UOL,lupa.uol.com.br,2018-10-06 00:00:00,False,original
#DebateBand: checamos em tempo real o 1º debate presidencial de 2018,Não temos piso [salarial] da segurança pública,Cabo Daciolo,https://lupa.uol.com.br/jornalismo/2018/08/09/debate-band-tempo-real-2018,0,Lupa - UOL,lupa.uol.com.br,2018-08-10 00:00:00,False,original
Alckmin erra sobre investimento em SP e saída de Aécio da presidência do PSDB,"[São Paulo teve] Superávit primário de R$ 5,3 bilhões",Geraldo Alckmin,https://lupa.uol.com.br/jornalismo/2018/08/03/geraldo-alckmin-globonews,0,Lupa - UOL,lupa.uol.com.br,2018-08-03 00:00:00,False,original
"Museu no Rio de Janeiro cobriu nome de Lula em placa, como mostra vídeo",Museu Histórico Nacional coloca tarja cobrindo o nome do ex-presidente Lula,Redes sociais,https://politica.estadao.com.br/blogs/estadao-verifica/museu-tarja-nome-lula/,0,Estadão,politica.estadao.com.br,2022-08-22 16:00:26,False,original
Verdadeiro: agricultor escreveu o nome de Bolsonaro em plantações,Agricultou escreveu nome de Bolsonaro em plantação,Publicações nas redes sociais,https://politica.estadao.com.br/blogs/estadao-verifica/verdadeiro-agricultor-escreveu-o-nome-de-bolsonaro-em-plantacoes/,0,Estadão,politica.estadao.com.br,2018-08-14 17:05:18,False,original
É verdadeiro vídeo publicado por Bolsonaro e que mostra comboio levando alimentos para Araraquara,Comboio leva alimentos para Araraquara,Presidente Jair Bolsonaro,https://politica.estadao.com.br/blogs/estadao-verifica/e-verdadeiro-video-publicado-por-bolsonaro-e-que-mostra-comboio-levando-alimentos-para-araraquara/,0,Estadão,politica.estadao.com.br,2021-05-06 21:51:51,False,original
Máxima sobre televisão “a serviço da imbecilidade humana” é do Barão de Itararé,"Barão de Itararé disse que ""a televisão é a maior maravilha da ciência a serviço da imbecilidade humana",Posts nas redes sociais,https://politica.estadao.com.br/blogs/estadao-verifica/maxima-sobre-televisao-a-servico-da-imbecilidade-humana-e-do-barao-de-itarare/,0,Estadão,politica.estadao.com.br,2022-02-07 12:51:12,False,original
Comprovado: trecho da BR-163 foi asfaltado no governo Bolsonaro,"Trecho da BR-163 entre Novo Progresso e Moraes de Almeida, no Pará, foi asfaltado no governo de Jair Bolsonaro",Memes de redes sociais,https://politica.estadao.com.br/blogs/estadao-verifica/comprovado-trecho-da-br-163-foi-asfaltado-no-governo-bolsonaro/,0,Estadão,politica.estadao.com.br,2020-10-19 21:18:08,False,original
Foto viral mostra crianças tendo aulas pelo rádio por causa de epidemia de pólio em 1937,Foto mostra crianças tendo aula pelo rádio durante epidemia de pólio,Redes sociais,https://politica.estadao.com.br/blogs/estadao-verifica/foto-viral-mostra-criancas-tendo-aulas-pelo-radio-por-causa-de-epidemia-de-polio-em-1937/,0,Estadão,politica.estadao.com.br,2021-02-03 19:44:08,False,original
"Partidos vão receber R$ 1,7 bilhão do Fundo Eleitoral para as campanhas","Partidos vão receber R$ 1,7 bilhão do Fundo Eleitoral para as campanhas",Corrente de WhatsApp,https://politica.estadao.com.br/blogs/estadao-verifica/partidos-vao-receber-r-17-bilhao-do-fundo-eleitoral-para-as-campanhas/,0,Estadão,politica.estadao.com.br,2018-08-07 18:30:57,True,original
"É verdade que criança com suspeita de covid-19 foi colocada em caixão lacrado e, mais tarde, testou negativo","Uma criança com suspeita de covid-19 foi colocada, sem limpeza, dentro de caixão lacrado",Boato de YouTube,https://politica.estadao.com.br/blogs/estadao-verifica/e-verdade-que-crianca-com-suspeita-de-covid-19-foi-colocada-em-caixao-lacrado-e-mais-tarde-testou-negativo/,0,Estadão,politica.estadao.com.br,2020-06-18 20:35:11,False,original
Postagem afirma que PT votou ‘em peso’ pelo aumento da verba pública para campanhas: é verdade,PT votou em peso para aprovar fundão eleitoral,PT votou em peso para aprovar fundão eleitoral,https://politica.estadao.com.br/blogs/estadao-verifica/postagem-afirma-que-pt-votou-em-peso-pelo-aumento-da-verba-publica-para-campanhas-e-verdade/,0,Estadão,politica.estadao.com.br,2019-12-11 20:04:34,False,original
"Ponte integrou Acre à malha rodoviária brasileira em 2021, mas Estado já tinha estrada federal",Acre e parte de Rondônia foram ligados ao restante do Brasil por via terrestre apenas em 2021,Post no Facebook,https://politica.estadao.com.br/blogs/estadao-verifica/ponte-integrou-acre-a-malha-rodoviaria-brasileira-em-2021-mas-estado-ja-tinha-estrada-federal/,0,Estadão,politica.estadao.com.br,2021-12-10 16:33:32,False,original
Foto de incisão no abdome de Jair Bolsonaro é verdadeira,Foto de abdome de Jair Bolsonaro,Publicações nas redes sociais,https://politica.estadao.com.br/blogs/estadao-verifica/foto-de-incisao-no-abdome-de-jair-bolsonaro-e-verdadeira/,0,Estadão,politica.estadao.com.br,2018-09-12 21:24:16,False,original
São verdadeiros exemplos de países com protocolos para cloroquina e cannabis em tuíte de deputado,Mamãe falei x Bolsonaro: cannabis x cloroquina,boatos redes sociais,https://politica.estadao.com.br/blogs/estadao-verifica/sao-verdadeiros-exemplos-de-paises-com-protocolos-para-cloroquina-e-cannabis-em-tuite-de-deputado/,0,Estadão,politica.estadao.com.br,2021-06-01 15:58:40,False,original
Checamos a sabatina de Ciro Gomes — veja o resultado,"Há 32,2 milhões vivendo na informalidade, vivendo de bico.",Ciro Gomes,https://politica.estadao.com.br/blogs/estadao-verifica/checamos-a-sabatina-de-ciro-gomes-veja-o-resultado/,0,Estadão,politica.estadao.com.br,2018-09-04 21:24:18,False,original
Checamos a sabatina de João Amoêdo – veja o resultado,Maior parte da verba do Fundo Eleitoral foi distribuída entre os partidos mais investigados pela Lava Jato,João Amoêdo,https://politica.estadao.com.br/blogs/estadao-verifica/checamos-a-sabatina-de-joao-amoedo-veja-o-resultado/,0,Estadão,politica.estadao.com.br,2018-08-28 18:33:32,False,original
"Uma verdadeira, outra falsa: mensagens sobre imóveis de Edir Macedo circulam no WhatsApp",Edir Macedo tem imóvel na Flórida,Corrente de WhatsApp,https://politica.estadao.com.br/blogs/estadao-verifica/uma-verdadeira-outra-falsa-mensagens-sobre-imoveis-de-edir-macedo-circulam-no-whatsapp/,0,Estadão,politica.estadao.com.br,2018-07-19 13:47:14,False,original
Pontes na BR-158 foram construídas durante governo Bolsonaro,Pontes na BR-158/PA foram construídas durante o governo Bolsonaro,Redes sociais,https://politica.estadao.com.br/blogs/estadao-verifica/pontes-br-158-governo-bolsonaro/,0,Estadão,politica.estadao.com.br,2022-02-02 20:50:47,False,original
"Antes de ser preso, João de Deus compareceu à posse de Rosa Weber no TSE",João de Deus na plateia da posse de Rosa Weber na presidência do TSE,Estadão,https://politica.estadao.com.br/blogs/estadao-verifica/joao-deus-rosa-weber-tse/,0,Estadão,politica.estadao.com.br,2022-05-03 21:10:23,False,original
"Vídeo viral mostra ponte no Pará, na BR-158, construída durante governo Bolsonaro","Ponte de concreto na BR-158, no Pará, foi feita pelo governo Bolsonaro",Post no TikTok,https://politica.estadao.com.br/blogs/estadao-verifica/ponte-para-governo-bolsonaro/,0,Estadão,politica.estadao.com.br,2022-01-18 14:37:10,False,original
Vídeo que mostra ônibus de Salvador com adesivos do PT é verdadeiro,Ônibus circularam em Salvador com adesivos do PT?,Publicações nas redes sociais,https://politica.estadao.com.br/blogs/estadao-verifica/video-que-mostra-onibus-de-salvador-com-adesivos-do-pt-e-verdadeiro/,0,Estadão,politica.estadao.com.br,2018-10-25 21:58:09,False,original
É verdadeiro que Bolsonaro liberou auxílio a asilos proposto pelo Congresso,Bolsonaro sanciona auxílio de R$ 160 milhões a asilos,Boatos de redes sociais,https://politica.estadao.com.br/blogs/estadao-verifica/e-verdadeiro-que-bolsonaro-liberou-auxilio-a-asilos-proposto-pelo-congresso/,0,Estadão,politica.estadao.com.br,2020-07-06 21:11:27,False,original
Montagem de vídeo que lista condenações de Bolsonaro usa trechos verdadeiros,Vídeo lista condenações de Bolsonaro por danos morais,Corrente de WhatsApp,https://politica.estadao.com.br/blogs/estadao-verifica/montagem-de-video-que-lista-condenacoes-de-bolsonaro-usa-trechos-verdadeiros/,0,Estadão,politica.estadao.com.br,2018-08-22 20:11:41,False,original
Checamos a sabatina de Marina Silva – veja o resultado,"Na Alemanha, a primeira-ministra Angela Merkel ficou cinco meses tentando fazer um acordo de governo.",Marina Silva,https://politica.estadao.com.br/blogs/estadao-verifica/checamos-a-sabatina-de-marina-silva-veja-o-resultado/,0,Estadão,politica.estadao.com.br,2018-08-28 21:44:28,False,original
Bandeira do Brasil com número que remete a facção criminosa apareceu em vídeo de Alckmin,Número que remete ao PCC apareceu em vídeo de campanha de Alckmin,Publicações nas redes sociais,https://politica.estadao.com.br/blogs/estadao-verifica/bandeira-do-brasil-com-numero-que-remete-a-faccao-criminosa-apareceu-em-video-de-alckmin/,0,Estadão,politica.estadao.com.br,2018-09-04 20:48:54,False,original
Post viral tem fotos reais de obra do governo federal na BR-116 no Ceará,Foto da BR 116 no Ceará com obras do governo federal,Estadão,https://politica.estadao.com.br/blogs/estadao-verifica/governo-federal-obras-br-116-ceara/,0,Estadão,politica.estadao.com.br,2021-12-04 12:00:37,False,original
Checamos a sabatina de Henrique Meirelles — veja o resultado,Fiquei oito anos (no governo Lula) e criamos 10 milhões de empregos viabilizados pela estabilidade econômica do País naquele momento.,Henrique Meirelles,https://politica.estadao.com.br/blogs/estadao-verifica/checamos-a-sabatina-de-henrique-meirelles-veja-o-resultado/,0,Estadão,politica.estadao.com.br,2018-09-05 20:44:41,False,original
Medidas de proteção contra a covid-19 devem ser mantidas mesmo após recebimento das doses da vacina,uma única dose da vacina contra covid-19 não é suficiente para assegurar a exposição em atividades e locais com ampla circulação de pessoas e aglomerações em geral,Post no Instagram,https://politica.estadao.com.br/blogs/estadao-verifica/medidas-de-protecao-contra-a-covid-19-devem-ser-mantidas-mesmo-apos-recebimento-das-doses-da-vacina/,0,Estadão,politica.estadao.com.br,2021-02-17 20:08:12,False,original
TV alemã exibiu elefantes ao falar sobre queimadas na Amazônia,TV alemã exibiu elefantes ao falar sobre queimadas na Amazônia,@direitadaopressao,https://politica.estadao.com.br/blogs/estadao-verifica/tv-alema-exibiu-elefantes-ao-falar-sobre-queimadas-na-amazonia/,0,Estadão,politica.estadao.com.br,2020-09-17 15:32:20,True,original
"Dívida de Lula com a União é real, mas questionada na Justiça após anulação de processos da Lava Jato","Você sabia que Lula está com o nome inscrito na Dívida Ativa da União com débitos que somam 1,3 milhão de reais. O Instituto Lula deve mais 18 milhões de reais. Lula também responde a dois processos na Justiça, movidos pela Procuradoria-Geral da Fazenda Nacional?",Boatos de redes sociais,https://politica.estadao.com.br/blogs/estadao-verifica/lula-divida-uniao-18-milhoes/,0,Estadão,politica.estadao.com.br,2022-04-05 21:59:04,False,original
Checamos a sabatina de Geraldo Alckmin — veja o resultado,"Dívida pública foi para 77% do PIB, 5,2 trilhões.",Geraldo Alckmin,https://politica.estadao.com.br/blogs/estadao-verifica/checamos-a-sabatina-de-geraldo-alckmin-veja-o-resultado/,0,Estadão,politica.estadao.com.br,2018-09-06 21:17:57,False,original
Vídeo de ala vazia em hospital da Paraíba circula sem contexto nas redes sociais,Vídeo em que enfermeiras cantam Porque Ele Vive e comemoram leitos vazios em hospital,Boatos de redes sociais,https://politica.estadao.com.br/blogs/estadao-verifica/video-de-ala-vazia-em-hospital-da-paraiba-circula-sem-contexto-nas-redes-sociais/,0,Estadão,politica.estadao.com.br,2021-04-28 14:49:04,False,original
Vídeo que mostra apreensão de material de campanha de Gleisi Hoffmann é verdadeiro,Material de campanha de Gleisi Hoffmann foi apreendido,Vídeo no Youtube,https://politica.estadao.com.br/blogs/estadao-verifica/video-que-mostra-apreensao-de-material-de-campanha-de-gleisi-hoffmann-e-verdadeiro/,0,Estadão,politica.estadao.com.br,2018-09-29 08:00:15,False,original
"Recém-nomeados, médicos foram vacinados no primeiro dia de imunização em Manaus","Recém-nomeados, médicos filhos de político e de empresário foram vacinados no primeiro dia de imunização em Manaus",Dados oficiais,https://politica.estadao.com.br/blogs/estadao-verifica/recem-nomeados-medicos-foram-vacinados-no-primeiro-dia-de-imunizacao-em-manaus/,0,Estadão,politica.estadao.com.br,2021-01-25 19:34:30,False,original
"Se eleito, Lula pode mudar preços da Petrobras? UOL checou",Pretendo mudar a política de preço da Petrobras. A gente pode reduzir preço sim.,Luiz Inácio Lula da Silva,https://www.bol.uol.com.br/noticias/2022/07/27/se-eleito-lula-pode-mudar-precos-da-petrobras-uol-checou.htm,0,BOL - UOL,bol.uol.com.br,2022-07-27 00:00:00,False,original
Contagem manual de voto impresso foi apresentada em comissão da Câmara,Nunca se falou de contagem manual em discussão sobre voto impresso,Boato,https://noticias.uol.com.br/confere/ultimas-noticias/2022/06/27/contagem-manual-de-voto-impresso-foi-discutida-e-barrada-na-camara.htm,0,UOL Notícias,noticias.uol.com.br,2022-06-25 00:00:00,False,original
Evento de Fórmula 1 nos Países Baixos não permite entrada de carros. Pode optar por bicicleta ou transporte...,Evento de Fórmula 1 em Zandvoort não permite entrada de carros,,https://poligrafo.sapo.pt/fact-check/evento-de-formula-1-nos-paises-baixos-nao-permite-entrada-de-carros-pode-optar-por-bicicleta-ou-transportes-publicos,0,Polígrafo - SAPO,poligrafo.sapo.pt,2022-09-11 18:30:00,False,original
"Portugal teve a segunda pior campanha de cereais de Inverno dos últimos 105 anos"", lamenta-se no Facebook",Portugal teve a segunda pior campanha de cereais de Inverno dos últimos 105 anos.,,https://poligrafo.sapo.pt/fact-check/portugal-teve-a-segunda-pior-campanha-de-cereais-de-inverno-dos-ultimos-105-anos-lamenta-se-no-facebook,0,Polígrafo - SAPO,poligrafo.sapo.pt,2022-09-10 08:00:00,False,original
"Marinha mais antiga do mundo tem 705 anos e é portuguesa"", destaca-se nas redes sociais",Marinha mais antiga do mundo tem 705 anos e é portuguesa.,,https://poligrafo.sapo.pt/fact-check/marinha-mais-antiga-do-mundo-tem-705-anos-e-e-portuguesa-destaca-se-nas-redes-sociais,0,Polígrafo - SAPO,poligrafo.sapo.pt,2022-09-09 10:00:00,False,original
"É proibida a circulação de trotinetes por cima dos passeios, assegura-se nas redes sociais",É proibida a circulação de trotinetes por cima dos passeios.,,https://poligrafo.sapo.pt/fact-check/e-proibida-a-circulacao-de-trotinetes-por-cima-dos-passeios-assegura-se-nas-redes-sociais,0,Polígrafo - SAPO,poligrafo.sapo.pt,2022-09-09 18:30:00,False,original
Tem mais de 350 galinhas poedeiras? Terá que as declarar ainda este mês,Detentores de mais de 350 galinhas poedeiras são obrigados a declarar.,,https://poligrafo.sapo.pt/fact-check/tem-mais-de-350-galinhas-poedeiras-tera-que-as-declarar-ainda-este-mes,0,Polígrafo - SAPO,poligrafo.sapo.pt,2022-09-08 18:30:00,False,original
"João Ferreira: ""O salário mínimo nacional tem já uma perda de 50 euros desde o início do ano",O salário mínimo nacional tem já uma perda de 50 euros desde o início do ano.,,https://poligrafo.sapo.pt/fact-check/joao-ferreira-o-salario-minimo-nacional-tem-ja-uma-perda-de-50-euros-desde-o-inicio-do-ano,0,Polígrafo - SAPO,poligrafo.sapo.pt,2022-09-07 10:00:00,False,original
"Destaque no Facebook: ""Os 10% das famílias mais ricas detêm 51,2% da riqueza total"" em Portugal","Os 10% das famílias mais ricas detêm 51,2% da riqueza total em Portugal.",,https://poligrafo.sapo.pt/fact-check/destaque-no-facebook-os-10-das-familias-mais-ricas-detem-512-da-riqueza-total-em-portugal,0,Polígrafo - SAPO,poligrafo.sapo.pt,2022-09-07 14:00:00,False,original
"PLANO DE AJUDA. Mariana Mortágua sobre IVA da eletricidade: ""Só desce para 6% a parcela do IVA que estava a...",Só desce para 6% a parcela do IVA da eletricidade que estava a 13%,,https://poligrafo.sapo.pt/fact-check/plano-de-ajuda-mariana-mortagua-sobre-iva-da-eletricidade-so-desce-para-6-a-parcela-do-iva-que-estava-a-13,0,Polígrafo - SAPO,poligrafo.sapo.pt,2022-09-06 13:00:00,False,original
"PLANO DE AJUDA. Pensionistas ""ganham zero"" com esta proposta face ao que estava na lei? Sim, é verdade",Pensionistas ganham zero com esta proposta face ao que estava na lei,,https://poligrafo.sapo.pt/fact-check/plano-de-ajuda-pensionistas-ganham-zero-com-esta-proposta-face-ao-que-estava-na-lei-sim-e-verdade,0,Polígrafo - SAPO,poligrafo.sapo.pt,2022-09-06 08:00:00,False,original
"PLANO DE AJUDA. Leitão Amaro: este ano Governo pode arrecadar ""sete mil milhões de euros a mais"" em impostos","Governo pode arrecadar ""sete mil milhões de euros a mais"" na receita fiscal em 2022",,https://poligrafo.sapo.pt/fact-check/antonio-leitao-amaro-governo-pode-arrecadar-sete-mil-milhoes-de-euros-a-mais-com-receita-fiscal-em-2022,0,Polígrafo - SAPO,poligrafo.sapo.pt,2022-09-06 10:00:00,False,original
"PLANO DE AJUDA. Rodrigo Saraiva: Costa defendeu em abril que inflação era ""meramente conjuntural","Costa recusou aumentar salários porque dizia que inflação era ""temporária",,https://poligrafo.sapo.pt/fact-check/plano-de-ajuda-rodrigo-saraiva-costa-defendeu-em-abril-que-inflacao-era-meramente-conjuntural,0,Polígrafo - SAPO,poligrafo.sapo.pt,2022-09-06 15:30:00,False,original
"Número de mortes de bebés aumenta"" em 2022? Sim, é verdade","Número de mortes de bebés aumenta"" em 2022.",,https://poligrafo.sapo.pt/fact-check/numero-de-mortes-de-bebes-aumenta-em-2022-sim-e-verdade,0,Polígrafo - SAPO,poligrafo.sapo.pt,2022-09-05 10:00:00,False,original
"Rendimento Social de Inserção (RSI) representa apenas 1% da despesa da Segurança Social, diz-se no Facebook",Rendimento Social de Inserção (RSI) representa apenas 1% da despesa da Segurança Social.,,https://poligrafo.sapo.pt/fact-check/rendimento-social-de-insercao-rsi-representa-apenas-1-da-despesa-da-seguranca-social-diz-se-no-facebook,0,Polígrafo - SAPO,poligrafo.sapo.pt,2022-09-05 08:00:00,False,original
"Espanha, Alemanha e Países Baixos reduziram IVA do gás, ao contrário de Portugal que mantém taxa de 23%? Si...","Espanha, Alemanha e Países Baixos reduziram IVA do gás, ao contrário de Portugal que mantém taxa de 23%.",,https://poligrafo.sapo.pt/fact-check/espanha-alemanha-e-paises-baixos-reduziram-iva-do-gas-ao-contrario-de-portugal-que-mantem-taxa-de-23-sim-confirmado,0,Polígrafo - SAPO,poligrafo.sapo.pt,2022-09-04 08:00:00,False,original
"Comboio austríaco dispõe de ""zona familiar"" com filmes infantis e jogos de tabuleiro? É verdade","Comboio austríaco dispõe de ""zona familiar"" com filmes, jogos de tabuleiro e estacionamento para carrinhos de bebé.",,https://poligrafo.sapo.pt/fact-check/comboio-austriaco-dispoe-de-zona-familiar-com-filmes-infantis-e-jogos-de-tabuleiro-e-verdade,0,Polígrafo - SAPO,poligrafo.sapo.pt,2022-09-04 10:00:00,False,original
"Ricardo Baptista Leite: ""Governo apenas investiu 11,6% do prometido no SNS"" até julho de 2022","Governo apenas investiu 11,6% do prometido no SNS"" até julho de 2022.",,https://poligrafo.sapo.pt/fact-check/ricardo-baptista-leite-governo-apenas-investiu-116-do-prometido-no-sns-ate-julho-de-2022,0,Polígrafo - SAPO,poligrafo.sapo.pt,2022-09-03 10:00:00,False,original
"Portugal é um dos países da UE com ""mais baixo consumo de energia por habitante"", salienta-se no Facebook","Portugal é um dos países da União Europeia com ""mais baixo consumo de energia por habitante"".",,https://poligrafo.sapo.pt/fact-check/portugal-e-um-dos-paises-da-ue-com-mais-baixo-consumo-de-energia-por-habitante-salienta-se-no-facebook,0,Polígrafo - SAPO,poligrafo.sapo.pt,2022-09-01 10:00:00,False,original
"Receita fiscal aumentou €5,4 mil milhões em 2022 e carga fiscal em 2021 foi ""a mais elevada de sempre"", acu...","Receita fiscal aumentou 5,4 mil milhões de euros em 2022 depois de carga fiscal em 2021 ter sido ""a mais elevada de sempre"".",,https://poligrafo.sapo.pt/fact-check/receita-fiscal-aumentou-e54-mil-milhoes-em-2022-e-carga-fiscal-em-2021-foi-a-mais-elevada-de-sempre-acusa-se-no-facebook,0,Polígrafo - SAPO,poligrafo.sapo.pt,2022-08-31 14:00:00,False,original
"Esta imagem mostra um campo de extração de lítio no Chile? Sim, e os flamingos podem estar em risco",Esta imagem mostra um campo de extração de lítio no Chile.,,https://poligrafo.sapo.pt/fact-check/esta-imagem-mostra-um-campo-de-extracao-de-litio-no-chile-sim-e-os-flamingos-podem-estar-em-risco,0,Polígrafo - SAPO,poligrafo.sapo.pt,2022-08-30 14:00:00,False,original
"Portugal é o país da UE com maior percentagem de território ardido em 2022? Sim, tal como na média entre 20...",Portugal é o país da UE com maior percentagem de território ardido em 2022.,,https://poligrafo.sapo.pt/fact-check/portugal-e-o-pais-da-ue-com-maior-percentagem-de-territorio-ardido-em-2022-sim-tal-como-na-media-entre-2006-e-2021,0,Polígrafo - SAPO,poligrafo.sapo.pt,2022-08-30 10:00:00,False,original
"A partir de Faro, nem sequer dá para chegar ao Porto de comboio em cinco horas"", lamenta-se no Twitter","A partir de Faro, nem sequer dá para chegar ao Porto de comboio em cinco horas"".",,https://poligrafo.sapo.pt/fact-check/a-partir-de-faro-nem-sequer-da-para-chegar-ao-porto-de-comboio-em-cinco-horas-lamenta-se-no-twitter,0,Polígrafo - SAPO,poligrafo.sapo.pt,2022-08-29 08:00:00,False,original
"Estudantes de famílias ricas têm mais possibilidades de obter melhores resultados escolares, realça-se no F...",Estudantes de famílias ricas têm mais possibilidades de obter melhores resultados escolares.,,https://poligrafo.sapo.pt/fact-check/estudantes-de-familias-ricas-tem-mais-possibilidades-de-obter-melhores-resultados-escolares-realca-se-no-facebook,0,Polígrafo - SAPO,poligrafo.sapo.pt,2022-08-29 14:00:00,False,original
"Imagens que mostram placas de trânsito cobertas de vegetação no IP8 são genuínas? Sim, confirmado",Imagens mostram placas de trânsito cobertas de vegetação no IP8.,,https://poligrafo.sapo.pt/fact-check/imagens-que-mostram-placas-de-transito-cobertas-de-vegetacao-no-ip8-sao-genuinas-sim-confirmado,0,Polígrafo - SAPO,poligrafo.sapo.pt,2022-08-29 10:00:00,False,original
"Mais de um terço dos portugueses não têm dinheiro para uma semana de Férias"", realça-se no Facebook",Mais de um terço dos portugueses não têm dinheiro para uma semana de Férias.,,https://poligrafo.sapo.pt/fact-check/mais-de-um-terco-dos-portugueses-nao-tem-dinheiro-para-uma-semana-de-ferias-realca-se-no-facebook,0,Polígrafo - SAPO,poligrafo.sapo.pt,2022-08-28 08:00:00,False,original
"Grande parte do desperdício de água ocorre antes de chegar ao consumidor""? Sim, é verdade",Grande parte do desperdício de água ocorre antes de chegar ao consumidor.,,https://poligrafo.sapo.pt/fact-check/grande-parte-do-desperdicio-de-agua-ocorre-antes-de-chegar-ao-consumidor-sim-e-verdade,0,Polígrafo - SAPO,poligrafo.sapo.pt,2022-08-28 18:30:00,False,original
"Portugal é um dos 13 países da União Europeia com saldo natural negativo? Sim, confirma-se",Portugal é um dos poucos países da UE com saldo natural negativo,,https://poligrafo.sapo.pt/fact-check/portugal-e-um-dos-13-paises-da-uniao-europeia-com-saldo-natural-negativo-sim-confirma-se,0,Polígrafo - SAPO,poligrafo.sapo.pt,2022-08-27 07:45:00,False,original
"Multas por excesso de velocidade na Finlândia são proporcionais aos salários dos infratores, enaltece-se no...",Multas por excesso de velocidade na Finlândia são proporcionais aos salários do infratores.,,https://poligrafo.sapo.pt/fact-check/multas-por-excesso-de-velocidade-na-finlandia-sao-proporcionais-aos-salarios-dos-infratores-enaltece-se-no-facebook,0,Polígrafo - SAPO,poligrafo.sapo.pt,2022-08-27 13:20:00,False,original
"É proibida a circulação de duas ou mais pessoas na mesma trotinete, diz-se nas redes sociais",É proibida a circulação de duas ou mais pessoas na mesma trotinete.,,https://poligrafo.sapo.pt/fact-check/e-proibida-a-circulacao-de-duas-ou-mais-pessoas-na-mesma-trotinete-diz-se-nas-redes-sociais,0,Polígrafo - SAPO,poligrafo.sapo.pt,2022-08-27 18:30:00,False,original
"Bolsonaro recuperou lema de Salazar, ""Deus, Pátria e Família"", em discurso sobre coração de D. Pedro","Bolsonaro recuperou lema de Salazar, ""Deus, Pátria e Família"", em discurso sobre coração de D. Pedro",,https://poligrafo.sapo.pt/fact-check/bolsonaro-recuperou-lema-de-salazar-deus-patria-e-familia-em-discurso-sobre-coracao-de-d-pedro,0,Polígrafo - SAPO,poligrafo.sapo.pt,2022-08-26 13:59:00,True,original
"EUA testaram lançamento de míssil balístico intercontinental com capacidade nuclear, mostra vídeo no Instagram",EUA testaram lançamento de míssil balístico intercontinental com capacidade nuclear.,,https://poligrafo.sapo.pt/fact-check/eua-testaram-lancamento-de-missil-balistico-intercontinental-com-capacidade-nuclear-mostra-video-no-instagram,0,Polígrafo - SAPO,poligrafo.sapo.pt,2022-08-24 14:00:00,False,original
"Gasóleo já está mais caro do que a gasolina em muitos postos de combustível, destaca-se nas redes sociais",Gasóleo já está mais caro do que a gasolina em muitos postos de combustível.,,https://poligrafo.sapo.pt/fact-check/gasoleo-ja-esta-mais-caro-do-que-a-gasolina-em-muitos-postos-de-combustivel-destaca-se-nas-redes-sociais,0,Polígrafo - SAPO,poligrafo.sapo.pt,2022-08-24 10:00:00,False,original
"Em Portugal são cobradas 4.300 taxas e impostos pela Administração Central e Local"", alega-se nas redes so...",Em Portugal são cobradas pela Administração Central e Local 4.300 taxas e impostos.,,https://poligrafo.sapo.pt/fact-check/em-portugal-sao-cobradas-4-300-taxas-e-impostos-pela-administracao-central-e-local-alega-se-nas-redes-sociais,0,Polígrafo - SAPO,poligrafo.sapo.pt,2022-08-23 08:00:00,False,original
"Inflação resultou numa queda de 4,6% na média da remuneração total bruta dos portugueses? Sim, apurou o INE","Inflação resultou numa queda de 4,6% na média da remuneração total bruta dos portugueses.",,https://poligrafo.sapo.pt/fact-check/inflacao-resultou-numa-queda-de-46-na-media-da-remuneracao-total-bruta-dos-portugueses-sim-apurou-o-ine,0,Polígrafo - SAPO,poligrafo.sapo.pt,2022-08-22 08:00:00,False,original
"Nova burla! Simulam acidente de viação, culpam a vítima e exigem pagamento imediato de dinheiro"", alerta-s...","Nova burla em que simulam acidente de viação, culpam a vítima e exigem pagamento imediato de dinheiro.",,https://poligrafo.sapo.pt/fact-check/nova-burla-simulam-acidente-de-viacao-culpam-a-vitima-e-exigem-pagamento-imediato-de-dinheiro-alerta-se-no-facebook,0,Polígrafo - SAPO,poligrafo.sapo.pt,2022-08-19 14:00:00,False,original
"A petrolífera saudita Aramco obteve ""lucro recorde de 47 mil milhões de euros no 2.º trimestre deste ano"", ...","A petrolífera saudita Aramco obteve ""lucro recorde de 47 mil milhões de euros no segundo trimestre deste ano"".",,https://poligrafo.sapo.pt/fact-check/a-petrolifera-saudita-aramco-obteve-lucro-recorde-de-47-mil-milhoes-de-euros-no-2-o-trimestre-deste-ano-destaca-se-no-facebook,0,Polígrafo - SAPO,poligrafo.sapo.pt,2022-08-18 10:00:00,False,original
"Julho de 2022 foi o mais quente dos últimos 92 anos (desde 1931)"", alerta-se no Facebook",Julho de 2022 foi o mais quente dos últimos 92 anos (desde 1931).,,https://poligrafo.sapo.pt/fact-check/julho-de-2022-foi-o-mais-quente-dos-ultimos-92-anos-desde-1931-alerta-se-no-facebook,0,Polígrafo - SAPO,poligrafo.sapo.pt,2022-08-17 14:00:00,False,original
"Que as crianças mortas vos assombrem!"" Jornalista russa que invadiu telejornal ergueu novo cartaz com esta...","Jornalista russa que invadiu telejornal em março levantou novo cartaz com esta frase: ""Que as crianças mortas vos assombrem.",,https://poligrafo.sapo.pt/fact-check/que-as-criancas-mortas-vos-assombrem-jornalista-russa-que-invadiu-telejornal-ergueu-novo-cartaz-com-esta-frase,0,Polígrafo - SAPO,poligrafo.sapo.pt,2022-08-17 10:00:00,False,original
Incêndios rurais já consumiram mais de 58 mil hectares em 2022? Sim e ainda não inclui números da Serra da ...,Incêndios rurais já consumiram mais de 58 mil hectares em 2022.,,https://poligrafo.sapo.pt/fact-check/incendios-rurais-ja-consumiram-mais-de-58-mil-hectares-em-2022-sim-e-ainda-nao-inclui-numeros-da-serra-da-estrela,0,Polígrafo - SAPO,poligrafo.sapo.pt,2022-08-16 08:00:00,False,original
"Poder de compra dos jovens melhor qualificados ""desceu significativamente"", realça-se no Facebook","Poder de compra dos jovens melhor qualificados ""desceu significativamente"".",,https://poligrafo.sapo.pt/fact-check/poder-de-compra-dos-jovens-melhor-qualificados-desceu-significativamente-realca-se-no-facebook,0,Polígrafo - SAPO,poligrafo.sapo.pt,2022-08-16 10:00:00,False,original
"Luís Montenegro: ""O rendimento 'per capita' dos portugueses é o 21.º entre os 27 países da União Europeia","O rendimento ""per capita"" dos portugueses é o 21.º entre os 27 países da União Europeia.",,https://poligrafo.sapo.pt/fact-check/luis-montenegro-o-rendimento-per-capita-dos-portugueses-e-o-21-o-entre-os-27-paises-da-uniao-europeia,0,Polígrafo - SAPO,poligrafo.sapo.pt,2022-08-15 08:00:00,False,original
"Luís Montenegro: ""Nós temos em Portugal quase um milhão de pessoas que ganha o salário mínimo",Em Portugal há quase um milhão de pessoas que ganha o salário mínimo nacional.,,https://poligrafo.sapo.pt/fact-check/luis-montenegro-nos-temos-em-portugal-quase-um-milhao-de-pessoas-que-ganha-o-salario-minimo,0,Polígrafo - SAPO,poligrafo.sapo.pt,2022-08-15 14:00:00,False,original
"Portugal é o país da UE com maior ""peso dos fundos comunitários no investimento público""? Sim, ao nível de 88%","Portugal é o país da UE com maior ""peso dos fundos comunitários no investimento público"".",,https://poligrafo.sapo.pt/fact-check/portugal-e-o-pais-da-ue-com-maior-peso-dos-fundos-comunitarios-no-investimento-publico-sim-ao-nivel-de-88,0,Polígrafo - SAPO,poligrafo.sapo.pt,2022-08-15 10:00:00,False,original
"Luís Montenegro: ""Nós temos em Portugal 86% dos jovens cujo rendimento mensal não vai além de 1.158 euros","Em Portugal, 86% dos jovens tem rendimento mensal que não vai além de 1.158 euros.",,https://poligrafo.sapo.pt/fact-check/luis-montenegro-nos-temos-em-portugal-86-dos-jovens-cujo-rendimento-mensal-nao-vai-alem-de-1-158-euros,0,Polígrafo - SAPO,poligrafo.sapo.pt,2022-08-14 23:20:00,False,original
"Portugal regista um ""maior número de mortalidade de grávidas"", alerta-se no Facebook","Portugal regista um ""maior número de mortalidade de grávidas"".",,https://poligrafo.sapo.pt/fact-check/portugal-regista-um-maior-numero-de-mortalidade-de-gravidas-alerta-se-no-facebook,0,Polígrafo - SAPO,poligrafo.sapo.pt,2022-08-14 18:30:00,False,original
"Inflação em Portugal atingiu valor mais elevado ""dos últimos 30 anos"", destaca-se no Facebook","Inflação em Portugal atingiu valor mais elevado ""dos últimos 30 anos"".",,https://poligrafo.sapo.pt/fact-check/inflacao-em-portugal-atingiu-valor-mais-elevado-dos-ultimos-30-anos-destaca-se-no-facebook,0,Polígrafo - SAPO,poligrafo.sapo.pt,2022-08-14 08:00:00,False,original
"Cinco maiores bancos cobraram 1.222 milhões de euros em comissões no primeiro semestre, destaca-se no Facebook",Cinco maiores bancos cobraram 1.222 milhões de euros em comissões no primeiro semestre.,,https://poligrafo.sapo.pt/fact-check/cinco-maiores-bancos-cobraram-1-222-milhoes-de-euros-em-comissoes-no-primeiro-semestre-destaca-se-no-facebook,0,Polígrafo - SAPO,poligrafo.sapo.pt,2022-08-13 10:00:00,False,original
Medina atribuiu a Figueiredo funções duplicadas que já eram exercidas no Governo e na Administração Pública?,Medina atribuiu a Figueiredo funções duplicadas que já eram exercidas no Governo e na Administração Pública?,,https://poligrafo.sapo.pt/fact-check/medina-atribuiu-a-figueiredo-funcoes-duplicadas-que-ja-eram-exercidas-no-governo-e-na-administracao-publica,0,Polígrafo - SAPO,poligrafo.sapo.pt,2022-08-12 18:30:00,True,original
"Obras no Cais das Colunas estão a condicionar a passagem de peões e bicicletas, denuncia-se no Facebook",Obras no Cais das Colunas estão a condicionar a passagem de peões e bicicletas.,,https://poligrafo.sapo.pt/fact-check/obras-no-cais-das-colunas-estao-a-condicionar-a-passagem-de-peoes-e-bicicletas-denuncia-se-no-facebook,0,Polígrafo - SAPO,poligrafo.sapo.pt,2022-08-12 10:00:00,False,original
"Gastos públicos com o SNS encontram-se abaixo da média da OCDE""? Sim, menos 11,8 pontos percentuais",Gastos públicos com o SNS encontram-se abaixo da média da OCDE.,,https://poligrafo.sapo.pt/fact-check/gastos-publicos-com-o-sns-encontram-se-abaixo-da-media-da-ocde-sim-menos-118-pontos-percentuais,0,Polígrafo - SAPO,poligrafo.sapo.pt,2022-08-11 08:00:00,False,original
"Menor esperança de vida em 2012 (45 anos na Serra Leoa) supera a maior em 1800 (40 anos na Bélgica)"", real...",País com a menor esperança de vida em 2012 tinha uma maior esperança de vida que o melhor em 1800,,https://poligrafo.sapo.pt/fact-check/menor-esperanca-de-vida-em-2012-45-anos-na-serra-leoa-supera-a-maior-em-1800-40-anos-na-belgica-realca-se-no-facebook,0,Polígrafo - SAPO,poligrafo.sapo.pt,2022-08-10 10:00:00,False,original
Destaque no Facebook: Nova carrinha da polícia deteta condutores sem cinto de segurança e ao telemóvel no R...,Nova carrinha da polícia deteta condutores sem cinto de segurança e ao telemóvel no Reino Unido.,,https://poligrafo.sapo.pt/fact-check/destaque-no-facebook-nova-carrinha-da-policia-deteta-condutores-sem-cinto-de-seguranca-e-ao-telemovel-no-reino-unido,0,Polígrafo - SAPO,poligrafo.sapo.pt,2022-08-10 08:00:00,False,original
"Destaque no Facebook: ""A receita fiscal cresceu 28,1%, só o IVA subiu 26,9%","A receita fiscal cresceu 28,1%, só o IVA subiu 26,9%.",,https://poligrafo.sapo.pt/fact-check/destaque-no-facebook-a-receita-fiscal-cresceu-281-so-o-iva-subiu-269,0,Polígrafo - SAPO,poligrafo.sapo.pt,2022-08-09 10:00:00,False,original
"Fotografias mostram vacas bravas submersas no mar em praia da Lourinhã? Sim, é uma tradição na região",Fotografias mostram vacas bravas submersas no mar em praia da Lourinhã.,,https://poligrafo.sapo.pt/fact-check/fotografias-mostram-vacas-bravas-submersas-no-mar-em-praia-da-lourinha-sim-e-uma-tradicao-na-regiao,0,Polígrafo - SAPO,poligrafo.sapo.pt,2022-08-09 14:00:00,False,original
"Alerta no Facebook: ""A criminalidade rodoviária aumentou 12% em 2021",A criminalidade rodoviária aumentou 12% em 2021.,,https://poligrafo.sapo.pt/fact-check/alerta-no-facebook-a-criminalidade-rodoviaria-aumentou-12-em-2021,0,Polígrafo - SAPO,poligrafo.sapo.pt,2022-08-08 10:00:00,False,original
"Número de utentes sem médico de família aumentou para 1,5 milhões no final de julho, destaca-se nas redes s...","Número de utentes sem médico de família aumentou para 1,5 milhões no final de julho.",,https://poligrafo.sapo.pt/fact-check/numero-de-utentes-sem-medico-de-familia-aumentou-para-15-milhoes-no-final-de-julho-destaca-se-nas-redes-sociais,0,Polígrafo - SAPO,poligrafo.sapo.pt,2022-08-08 08:00:00,False,original
"Cerca de metade do valor orçamentado para investimento na Saúde não tem sido executado"", acusa-se nas rede...",Cerca de metade do valor orçamentado para investimento na Saúde não tem sido executado.,,https://poligrafo.sapo.pt/fact-check/cerca-de-metade-do-valor-orcamentado-para-investimento-na-saude-nao-tem-sido-executado-acusa-se-nas-redes-sociais,0,Polígrafo - SAPO,poligrafo.sapo.pt,2022-08-07 08:00:00,False,original
"Fotografia de mulher a ser multada por usar biquíni em praia italiana é autêntica? Sim, foi captada nos ano...",Fotografia que mostra mulher a ser multada por usar biquíni em praia italiana.,,https://poligrafo.sapo.pt/fact-check/fotografia-de-mulher-a-ser-multada-por-usar-biquini-em-praia-italiana-e-autentica-sim-foi-captada-nos-anos-50,0,Polígrafo - SAPO,poligrafo.sapo.pt,2022-08-07 10:00:00,False,original
Gráfico no Facebook: Euro está em queda face ao dólar mas rublo continua a valorizar apesar das sanções,Euro está em queda face ao dólar mas rublo continua a valorizar apesar das sanções.,,https://poligrafo.sapo.pt/fact-check/grafico-no-facebook-euro-esta-em-queda-face-ao-dolar-mas-rublo-continua-a-valorizar-apesar-das-sancoes,0,Polígrafo - SAPO,poligrafo.sapo.pt,2022-08-06 13:00:00,False,original
"As exportações portuguesas de bens cresceram 31,2% no 2.º trimestre deste ano""? Sim, e 35,1% em relação a ...","As exportações portuguesas de bens cresceram 31,2% no 2.º trimestre deste ano.",,https://poligrafo.sapo.pt/fact-check/as-exportacoes-portuguesas-de-bens-cresceram-312-no-2-o-trimestre-deste-ano-sim-e-351-em-relacao-a-2019,0,Polígrafo - SAPO,poligrafo.sapo.pt,2022-08-05 14:00:00,False,original
"População portuguesa tem o nível de escolaridade ""mais baixo da Europa""? Sim, apenas 59,5% completou Ensino...","População portuguesa tem o nível de escolaridade ""mais baixo da Europa"".",,https://poligrafo.sapo.pt/fact-check/populacao-portuguesa-tem-o-nivel-de-escolaridade-mais-baixo-da-europa-sim-apenas-595-completou-ensino-secundario,0,Polígrafo - SAPO,poligrafo.sapo.pt,2022-08-05 08:00:00,False,original
"Despesa pública em Portugal corresponde a quase metade do PIB, mas está abaixo da média da UE? Sim, confirmado","Despesa pública em Portugal corresponde a quase metade do PIB, mas está abaixo da média da UE",,https://poligrafo.sapo.pt/fact-check/despesa-publica-em-portugal-corresponde-a-quase-metade-do-pib-mas-esta-abaixo-da-media-da-ue-sim-confirmado,0,Polígrafo - SAPO,poligrafo.sapo.pt,2022-08-04 08:00:00,False,original
"Iniciativa Liberal foi o ""único partido que votou contra a Lei de Bases do Clima"", recorda-se no Facebook",Iniciativa Liberal foi o único partido que votou contra a Lei de Bases do Clima.,,https://poligrafo.sapo.pt/fact-check/iniciativa-liberal-foi-o-unico-partido-que-votou-contra-a-lei-de-bases-do-clima-recorda-se-no-facebook,0,Polígrafo - SAPO,poligrafo.sapo.pt,2022-08-03 08:00:00,False,original
Destaque no Facebook: Pelo menos cinco empresas obtiveram lucros de 42 a 155 milhões de euros no primeiro t...,Pelo menos cinco empresas obtiveram lucros de 42 a 155 milhões de euros no primeiro trimestre do ano.,,https://poligrafo.sapo.pt/fact-check/destaque-no-facebook-pelo-menos-cinco-empresas-obtiveram-lucros-de-42-a-155-milhoes-de-euros-no-primeiro-trimestre,0,Polígrafo - SAPO,poligrafo.sapo.pt,2022-08-03 10:00:00,False,original
"Há mais pediatras e obstetras do que em 2005, mas nasceram menos crianças em 2021? Sim, confirma-se","Há mais pediatras e obstetras do que em 2005, mas nasceram menos crianças em 2021.",,https://poligrafo.sapo.pt/fact-check/ha-mais-pediatras-e-obstetras-do-que-em-2005-mas-nasceram-menos-criancas-em-2021-sim-confirma-se,0,Polígrafo - SAPO,poligrafo.sapo.pt,2022-08-01 10:00:00,False,original
"Marques Mendes: ""Estamos a cobrar muitíssimo mais receita de impostos do que estava previsto",Estamos a cobrar muitíssimo mais receita de impostos do que estava previsto.,,https://poligrafo.sapo.pt/fact-check/marques-mendes-estamos-a-cobrar-muitissimo-mais-receita-de-impostos-do-que-estava-previsto,0,Polígrafo - SAPO,poligrafo.sapo.pt,2022-08-01 14:00:00,False,original
"Marques Mendes: ""O número de efetivos da PSP e da GNR baixou nestes últimos anos dos Governos de Costa",O número de efetivos da PSP e da GNR baixou nestes últimos anos dos Governos de António Costa.,,https://poligrafo.sapo.pt/fact-check/marques-mendes-o-numero-de-efetivos-da-psp-e-da-gnr-baixou-nestes-ultimos-anos-dos-governos-de-costa,0,Polígrafo - SAPO,poligrafo.sapo.pt,2022-08-01 08:00:00,False,original
"Jovens portugueses são os que ""deixam a casa dos pais"" mais tarde em toda a União Europeia? Sim, aos 33,6 a...","Jovens portugueses são os que ""deixam a casa dos pais"" mais tarde em toda a União Europeia.",,https://poligrafo.sapo.pt/fact-check/jovens-portugueses-sao-os-que-deixam-a-casa-dos-pais-mais-tarde-em-toda-a-uniao-europeia-sim-aos-336-anos-em-media,0,Polígrafo - SAPO,poligrafo.sapo.pt,2022-07-31 14:00:00,False,original
"Destaque no Facebook: ""Somos o 9.º país do mundo mais contaminado com varíola-dos-macacos",Portugal é o 9.º país do mundo mais contaminado com varíola dos macacos.,,https://poligrafo.sapo.pt/fact-check/destaque-no-facebook-somos-o-9-o-pais-do-mundo-mais-contaminado-com-variola-dos-macacos,0,Polígrafo - SAPO,poligrafo.sapo.pt,2022-07-28 10:00:00,False,original
"Joana Mortágua: ""Violação foi um dos crimes que mais subiu em 2021",Violação foi um dos crimes que mais subiu em 2021.,,https://poligrafo.sapo.pt/fact-check/joana-mortagua-violacao-foi-um-dos-crimes-que-mais-subiu-em-2021,0,Polígrafo - SAPO,poligrafo.sapo.pt,2022-07-28 14:15:00,False,original
"A Índia vai superar a China como ""nação mais populosa do mundo em 2023"", realça-se nas redes sociais","A Índia vai superar a China como ""nação mais populosa do mundo em 2023"".",,https://poligrafo.sapo.pt/fact-check/a-india-vai-superar-a-china-como-nacao-mais-populosa-do-mundo-em-2023-realca-se-nas-redes-sociais,0,Polígrafo - SAPO,poligrafo.sapo.pt,2022-07-24 14:00:00,False,original
"Sim, cidadãos roubaram lombas durante a madrugada em freguesia de Matosinhos",Cidadãos roubaram lombas durante a madrugada em freguesia de Matosinhos,,https://poligrafo.sapo.pt/fact-check/sim-cidadaos-roubaram-lombas-durante-a-madrugada-em-freguesia-de-matosinhos,0,Polígrafo - SAPO,poligrafo.sapo.pt,2022-07-23 08:00:00,False,original
"Sim, fotografia viral da detenção de alegado incendiário em Montemor-o-Novo é autêntica",Fotografia viral mostra a detenção de alegado incendiário em Montemor-o-Novo,,https://poligrafo.sapo.pt/fact-check/sim-fotografia-viral-da-detencao-de-alegado-incendiario-em-montemor-o-novo-e-autentica,0,Polígrafo - SAPO,poligrafo.sapo.pt,2022-07-22 10:00:00,False,original
"Luís Montenegro: ""Estado pode arrecadar entre 3,5 a 7 mil milhões de euros a mais do que aquilo que estava ...","Estado pode arrecadar entre 3,5 a 7 mil milhões de euros a mais do que aquilo que estava previsto",,https://poligrafo.sapo.pt/fact-check/luis-montenegro-estado-pode-arrecadar-entre-35-a-7-mil-milhoes-de-euros-a-mais-do-que-aquilo-que-estava-previsto,0,Polígrafo - SAPO,poligrafo.sapo.pt,2022-07-22 08:00:00,False,original
"Mesquita Nunes diz que ""60% das verbas já pagas"" do PRR ""foram para entidades públicas","Mesquita Nunes diz que ""60% das verbas já pagas"" do PRR ""foram para entidades públicas"".",,https://poligrafo.sapo.pt/fact-check/mesquita-nunes-diz-que-60-das-verbas-ja-pagas-do-prr-foram-para-entidades-publicas,0,Polígrafo - SAPO,poligrafo.sapo.pt,2022-07-21 18:30:00,False,original
"Luís Montenegro: ""Foi sob o comando deste primeiro-ministro que tivemos o maior episódio em dimensão de inc...",Foi sob o comando do primeiro-ministro António Costa que tivemos o maior episódio em dimensão de incêndios florestais.,,https://poligrafo.sapo.pt/fact-check/luis-montenegro-foi-sob-o-comando-deste-primeiro-ministro-que-tivemos-o-maior-episodio-em-dimensao-de-incendios-florestais,0,Polígrafo - SAPO,poligrafo.sapo.pt,2022-07-19 23:06:46,False,original
"Estado da Nação"". André Ventura: ""Portugal tem a maior área ardida da Europa desde 2015","André Ventura diz que ""Portugal tem a maior área ardida da Europa desde 2015"".",,https://poligrafo.sapo.pt/fact-check/estado-da-nacao-andre-ventura-portugal-tem-a-maior-area-ardida-da-europa-desde-2015,0,Polígrafo - SAPO,poligrafo.sapo.pt,2022-07-20 18:55:00,False,original
"Estado da Nação"". Miranda Sarmento: ""Portugal teve a quarta maior queda do PIB, em 2020, da Europa","Portugal teve a quarta maior queda do PIB, em 2020, da Europa.",,https://poligrafo.sapo.pt/fact-check/miranda-sarmento-portugal-teve-a-quarta-maior-queda-do-pib-em-2020-da-europa,0,Polígrafo - SAPO,poligrafo.sapo.pt,2022-07-20 15:24:00,False,original
Foi o Governo de José Sócrates que criou o regime aberto ao exterior para reclusos? É verdade,Foi o Governo de José Sócrates que criou o regime aberto ao exterior para reclusos,,https://poligrafo.sapo.pt/fact-check/foi-o-governo-de-jose-socrates-que-criou-o-regime-aberto-ao-exterior-para-reclusos-e-verdade,0,Polígrafo - SAPO,poligrafo.sapo.pt,2022-07-19 08:00:00,False,original
"Portugal só aplicou três das 15 recomendações do Conselho da Europa para combater a corrupção, salienta-se ...",Portugal só aplicou três das 15 recomendações do Conselho da Europa para combater a corrupção.,,https://poligrafo.sapo.pt/fact-check/portugal-so-aplicou-tres-das-15-recomendacoes-do-conselho-da-europa-para-combater-a-corrupcao-salienta-se-no-facebook,0,Polígrafo - SAPO,poligrafo.sapo.pt,2022-07-19 10:00:00,False,original
"Portugal foi o país com maior área ardida em toda a Europa desde 2015"", realça-se no Facebook",Portugal foi o país com maior área ardida em toda a Europa desde 2015.,,https://poligrafo.sapo.pt/fact-check/portugal-foi-o-pais-com-maior-area-ardida-em-toda-a-europa-desde-2015-realca-se-no-facebook,0,Polígrafo - SAPO,poligrafo.sapo.pt,2022-07-18 10:00:00,False,original
"PS rejeitou vale de Cultura para jovens no OE2022 e agora propõe vantagem idêntica na CML? Sim, mas há vári...",PS rejeitou vale de Cultura para jovens no OE2022 e propõe vantagem idêntica na CML,,https://poligrafo.sapo.pt/fact-check/ps-rejeitou-vale-de-cultura-para-jovens-no-oe2022-e-agora-propoe-vantagem-identica-na-cml-sim-mas-ha-varias-diferencas,0,Polígrafo - SAPO,poligrafo.sapo.pt,2022-07-16 14:00:00,False,original
"António Costa: ""Desde 2016, aumentámos em 40% o orçamento no SNS e em 20% os recursos humanos","António Costa: ""Desde 2016, aumentámos em 40% o orçamento no SNS e em 20% os recursos humanos"".",,https://poligrafo.sapo.pt/fact-check/antonio-costa-desde-2016-aumentamos-em-40-o-orcamento-no-sns-e-em-20-os-recursos-humanos,0,Polígrafo - SAPO,poligrafo.sapo.pt,2022-07-15 10:00:00,False,original
"Antes da guerra da Ucrânia, dólar valia 80 rublos e agora vale 52"", garante-se no Facebook","Antes da guerra da Ucrânia, dólar valia 80 rublos e agora vale 52",,https://poligrafo.sapo.pt/fact-check/antes-da-guerra-da-ucrania-dolar-valia-80-rublos-e-agora-vale-52-garante-se-no-facebook,0,Polígrafo - SAPO,poligrafo.sapo.pt,2022-07-15 18:28:00,False,original
"Bloco de Esquerda tem sede distrital no mesmo edifício de ""Centro Espírita""? Sim, a imagem é autêntica","Bloco de Esquerda tem sede distrital no mesmo edifício de um ""Centro Espírita"".",,https://poligrafo.sapo.pt/fact-check/bloco-de-esquerda-tem-sede-distrital-no-mesmo-edificio-de-centro-espirita-sim-a-imagem-e-autentica,0,Polígrafo - SAPO,poligrafo.sapo.pt,2022-07-15 14:00:00,False,original
"António Costa extinguiu Guarda Florestal em 2006 e helicópteros Kamov estão parados há anos, critica-se nas...",António Costa extinguiu Guarda Florestal em 2006 e helicópteros Kamov estão parados há anos.,,https://poligrafo.sapo.pt/fact-check/antonio-costa-extinguiu-guarda-florestal-em-2006-e-helicopteros-kamov-estao-parados-ha-anos-critica-se-nas-redes-sociais,0,Polígrafo - SAPO,poligrafo.sapo.pt,2022-07-14 07:30:00,False,original
"Marcelo distinguiu Berardo como ""figura do ano no meio empresarial""? Sim, em 2007, quando era comentador","Marcelo Rebelo de Sousa distinguiu Joe Berardo como ""figura do ano no meio empresarial"" em 2007.",,https://poligrafo.sapo.pt/fact-check/marcelo-distinguiu-berardo-como-figura-do-ano-no-meio-empresarial-sim-em-2007-quando-era-comentador,0,Polígrafo - SAPO,poligrafo.sapo.pt,2022-07-14 18:30:00,False,original
"É verdade: Costa disse em 2019 que SNS seria a ""jóia da coroa do investimento do PS"" na legislatura seguinte","Costa disse em 2019 que SNS seria a ""jóia da coroa do investimento do PS"" na legislatura seguinte",,https://poligrafo.sapo.pt/fact-check/e-verdade-costa-disse-em-2019-que-sns-seria-a-joia-da-coroa-do-investimento-do-ps-na-legislatura-seguinte,0,Polígrafo - SAPO,poligrafo.sapo.pt,2022-07-13 08:00:00,False,original
"Lido no Facebook: mês de julho é, até agora, o ""mais mortífero"" dos últimos anos","Mês de julho é, até agora, o ""mais mortífero"" dos últimos anos",,https://poligrafo.sapo.pt/fact-check/lido-no-facebook-mes-de-julho-e-ate-agora-o-mais-mortifero-dos-ultimos-anos,0,Polígrafo - SAPO,poligrafo.sapo.pt,2022-07-13 14:00:00,False,original
"Fotografias mostram cavalos obrigados a saltar fogueiras em festa religiosa? Sim, é uma tradição",Fotografias nas redes sociais mostram cavalos obrigados a saltar fogueiras em festa religiosa,,https://poligrafo.sapo.pt/fact-check/fotografias-mostram-cavalos-obrigados-a-saltar-fogueiras-em-festa-religiosa-sim-e-uma-tradicao,0,Polígrafo - SAPO,poligrafo.sapo.pt,2022-07-13 10:00:00,False,original
"Visto no Twitter: ""Cavalo foi lavado numa estação de serviço e químicos podem fazer mal ao animal",Cavalo foi lavado numa estação de serviço e químicos podem fazer mal ao animal,,https://poligrafo.sapo.pt/fact-check/visto-no-twitter-cavalo-foi-lavado-numa-estacao-de-servico-e-quimicos-podem-fazer-mal-ao-animal,0,Polígrafo - SAPO,poligrafo.sapo.pt,2022-07-13 18:30:00,False,original
É verdade: PSD votou contra resolução europeia que inclui aborto na Carta dos Direitos Fundamentais,PSD votou contra resolução europeia que inclui aborto na Carta dos Direitos Fundamentais,,https://poligrafo.sapo.pt/fact-check/e-verdade-psd-votou-contra-resolucao-europeia-que-inclui-aborto-na-carta-dos-direitos-fundamentais,0,Polígrafo - SAPO,poligrafo.sapo.pt,2022-07-12 16:00:00,False,original
"Um terço dos ventiladores adjudicados (e pagos) em 2020 não foram entregues""? Sim, apurou o Tribunal de Co...",Um terço dos ventiladores adjudicados (e pagos) em 2020 não foram entregues.,,https://poligrafo.sapo.pt/fact-check/um-terco-dos-ventiladores-adjudicados-e-pagos-em-2020-nao-foram-entregues-sim-apurou-o-tribunal-de-contas,0,Polígrafo - SAPO,poligrafo.sapo.pt,2022-07-11 10:00:00,False,original
"Imagens de crianças a brincar com metralhadoras e em carros blindados são autênticas? Sim, foram captadas e...",Imagens de crianças a brincar com metralhadoras e em carros blindados é autêntica,,https://poligrafo.sapo.pt/fact-check/imagens-de-criancas-a-brincar-com-metralhadoras-e-em-carros-blindados-sao-autenticas-sim-foram-captadas-em-borba,0,Polígrafo - SAPO,poligrafo.sapo.pt,2022-07-10 18:30:00,False,original
"Balança comercial da Alemanha pela primeira vez deficitária desde 1991"", destaca-se no Facebook",Balança comercial da Alemanha pela primeira vez deficitária desde 1991.,,https://poligrafo.sapo.pt/fact-check/balanca-comercial-da-alemanha-pela-primeira-vez-deficitaria-desde-1991-destaca-se-no-facebook,0,Polígrafo - SAPO,poligrafo.sapo.pt,2022-07-09 10:00:00,False,original
"Sim, vídeo que mostra migrantes a serem agredidos na fronteira entre Espanha e Marrocos é autêntico",Vídeo mostra migrantes a serem agredidos na fronteira entre Espanha e Marrocos,,https://poligrafo.sapo.pt/fact-check/sim-video-que-mostra-migrantes-a-serem-agredidos-na-fronteira-entre-espanha-e-marrocos-e-autentico,0,Polígrafo - SAPO,poligrafo.sapo.pt,2022-07-08 18:30:00,False,original
"Montenegro assinou declaração de voto em 2004 que ""associava homossexualidade e abuso sexual de menores"", r...",Montenegro assinou declaração de voto em 2004 que associava homossexualidade e abuso sexual de menores.,,https://poligrafo.sapo.pt/fact-check/montenegro-assinou-declaracao-de-voto-em-2004-que-associava-homossexualidade-e-abuso-sexual-de-menores-recorda-se-no-facebook,0,Polígrafo - SAPO,poligrafo.sapo.pt,2022-07-06 10:00:00,False,original
"António Costa: ""A carga fiscal sobre os combustíveis já baixou 18 pontos percentuais"" desde outubro de 2021...",A carga fiscal sobre os combustíveis já baixou 18 pontos percentuais desde outubro de 2021.,,https://poligrafo.sapo.pt/fact-check/antonio-costa-a-carga-fiscal-sobre-os-combustiveis-ja-baixou-18-pontos-percentuais-desde-outubro-de-2021,0,Polígrafo - SAPO,poligrafo.sapo.pt,2022-07-06 15:40:00,False,original
"Sim, Costa condicionou recuperação do tempo de serviço dos professores às obras do IP3 que ainda não foram ...",Costa disse em 2018 que para fazer obras do IP3 não podia recuperar tempo de serviço dos professores e quatro anos depois obras estão por concluir,,https://poligrafo.sapo.pt/fact-check/sim-costa-condicionou-recuperacao-do-tempo-de-servico-dos-professores-as-obras-do-ip3-mas-ainda-nao-foram-concluidas,0,Polígrafo - SAPO,poligrafo.sapo.pt,2022-07-04 10:00:00,False,original
"Luís Montenegro: ""Cada vez mais portugueses ganham o salário mínimo nacional",Cada vez mais portugueses ganham o salário mínimo nacional.,,https://poligrafo.sapo.pt/fact-check/luis-montenegro-cada-vez-mais-portugueses-ganham-o-salario-minimo-nacional,0,Polígrafo - SAPO,poligrafo.sapo.pt,2022-07-02 18:50:00,False,original
"Em Espanha é legal pisar o traço contínuo para ultrapassar uma bicicleta, mas em Portugal não? É verdade","Em Espanha é legal pisar o traço contínuo para ultrapassar uma bicicleta, mas em Portugal é proibido",,https://poligrafo.sapo.pt/fact-check/em-espanha-e-legal-pisar-o-traco-continuo-para-ultrapassar-uma-bicicleta-mas-em-portugal-nao-e-verdade,0,Polígrafo - SAPO,poligrafo.sapo.pt,2022-07-02 16:00:00,False,original
"Moedas prometeu criar ""um teatro em cada bairro"" e agora disse em reunião da CML que era ""uma metáfora""? Si...","Carlos Moedas disse que a promessa de ""um teatro em cada bairro"" era ""também uma metáfora",,https://poligrafo.sapo.pt/fact-check/moedas-prometeu-criar-um-teatro-em-cada-bairro-e-agora-disse-em-reuniao-da-cml-que-era-uma-metafora-sim-e-verdade,0,Polígrafo - SAPO,poligrafo.sapo.pt,2022-07-02 10:00:00,False,original
"Carlos Moedas: ""Em Lisboa já conseguimos devolver 3% do IRS e vamos aos 5%",Câmara Municipal de Lisboa devolve 3% do IRS e tem objetivo de chegar aos 5%.,,https://poligrafo.sapo.pt/fact-check/carlos-moedas-em-lisboa-ja-conseguimos-devolver-3-do-irs-e-vamos-aos-5,0,Polígrafo - SAPO,poligrafo.sapo.pt,2022-07-02 21:25:00,False,original
"Rui Rio apoiou no passado a construção de um novo aeroporto no Montijo, como pretendia Pedro Nuno Santos? C...","Rui Rio apoiou no passado a construção de um novo aeroporto no Montijo, como pretendia Pedro Nuno Santos",,https://poligrafo.sapo.pt/fact-check/rui-rio-apoiou-no-passado-a-construcao-de-um-novo-aeroporto-no-montijo-como-pretendia-pedro-nuno-santos-confirma-se,0,Polígrafo - SAPO,poligrafo.sapo.pt,2022-06-30 18:00:00,False,original
"Portugal debate há meio século a necessidade de um novo aeroporto? Sim, é verdade",Portugal debate há meio século a necessidade de um novo aeroporto,,https://poligrafo.sapo.pt/fact-check/portugal-debate-ha-meio-seculo-a-necessidade-de-um-novo-aeroporto-sim-e-verdade,0,Polígrafo - SAPO,poligrafo.sapo.pt,2022-06-30 14:00:00,False,original
"Ricardo Baptista Leite: ""Portugal teve em 2020 a pior taxa de mortalidade materna dos últimos 38 anos",Portugal teve em 2020 a pior taxa de mortalidade materna dos últimos 38 anos,,https://poligrafo.sapo.pt/fact-check/ricardo-batista-leite-portugal-teve-em-2020-a-pior-taxa-de-mortalidade-materna-dos-ultimos-38-anos,0,Polígrafo - SAPO,poligrafo.sapo.pt,2022-06-30 09:50:00,False,original
É verdade. Costa disse que “não havia plano B para o Montijo” e agora Pedro Nuno Santos apresentou uma solu...,Costa disse que “não havia plano B para o Montijo” e agora apresenta uma solução diferente,,https://poligrafo.sapo.pt/fact-check/e-verdade-costa-disse-que-nao-havia-plano-b-para-o-montijo-e-agora-apresenta-uma-solucao-diferente,0,Polígrafo - SAPO,poligrafo.sapo.pt,2022-06-30 08:00:00,False,original
"Esta imagem mostra pilar de viaduto do IP3 ""a descoberto""? É verdade, mas ""não representa um risco iminente","Imagem mostra pilar de viaduto do IP3, na zona de Penacova, ""a descoberto"".",,https://poligrafo.sapo.pt/fact-check/esta-imagem-mostra-pilar-de-viaduto-do-ip3-a-descoberto-e-verdade-mas-nao-representa-um-risco-iminente,0,Polígrafo - SAPO,poligrafo.sapo.pt,2022-06-29 08:00:00,False,original
"Rússia ultrapassou Arábia Saudita como primeiro exportador de petróleo com destino à China"", salienta-se n...",Rússia ultrapassou Arábia Saudita como primeiro exportador de petróleo com destino à China.,,https://poligrafo.sapo.pt/fact-check/russia-ultrapassou-arabia-saudita-como-primeiro-exportador-de-petroleo-com-destino-a-china-salienta-se-no-facebook,0,Polígrafo - SAPO,poligrafo.sapo.pt,2022-06-29 16:00:00,False,original
"TAP teve mais 121,6 milhões de prejuízo no primeiro trimestre de 2022"", destaca-se no Facebook",TAP registou mais 121 milhões de euros de prejuízo no primeiro trimestre do ano.,,https://poligrafo.sapo.pt/fact-check/tap-teve-mais-1216-milhoes-de-prejuizo-no-primeiro-trimestre-de-2022-destaca-se-no-facebook,0,Polígrafo - SAPO,poligrafo.sapo.pt,2022-06-28 10:00:00,False,original
"Paula Santos, do PCP: Distrito de Setúbal tem ""22,4% da população sem médico de família","Distrito de Setúbal tem 22,4% da população sem médico de família.",,https://poligrafo.sapo.pt/fact-check/paula-santos-do-pcp-distrito-de-setubal-tem-224-da-populacao-sem-medico-de-familia,0,Polígrafo - SAPO,poligrafo.sapo.pt,2022-06-28 14:00:00,False,original
"Despesa e número de profissionais do SNS aumentaram desde 2016, mas produtividade baixou? Sim, indica relat...","Despesa e número de profissionais do SNS aumentaram desde 2016, mas produtividade baixou.",,https://poligrafo.sapo.pt/fact-check/despesa-e-numero-de-profissionais-do-sns-aumentaram-desde-2016-mas-produtividade-baixou-sim-indica-relatorio-do-opss,0,Polígrafo - SAPO,poligrafo.sapo.pt,2022-06-27 14:00:00,False,original
"Pôr comida no lixo prejudica o ambiente? Sim, e emite gases com efeito de estufa",Pôr comida no lixo tem impactos ambientais,,https://poligrafo.sapo.pt/fact-check/por-comida-no-lixo-prejudica-o-ambiente-sim-e-emite-gases-com-efeito-de-estufa,0,Polígrafo - SAPO,poligrafo.sapo.pt,2022-06-26 14:00:00,False,original
"Sim, Governo criou comissão em 2017 para rever rede de cuidados materno-infantis mas o trabalho ficou incom...",Governo criou comissão em 2017 para rever rede de cuidados materno-infantis,,https://poligrafo.sapo.pt/fact-check/sim-governo-criou-comissao-em-2017-para-rever-rede-de-cuidados-materno-infantis-mas-trabalho-ficou-a-meio,0,Polígrafo - SAPO,poligrafo.sapo.pt,2022-06-25 13:34:00,False,original
"PCP vai demolir edifício histórico da sede de Aveiro para construir “projeto imobiliário”? Sim, é verdade",Autarquia de Aveiro autorizou PCP a demolir edifício histórico da sede para construir um novo prédio,,https://poligrafo.sapo.pt/fact-check/pcp-vai-demolir-edificio-historico-da-sede-de-aveiro-para-construir-projeto-imobiliario-sim-e-verdade,0,Polígrafo - SAPO,poligrafo.sapo.pt,2022-06-24 08:00:00,False,original
"Debate na AR. António Costa: ""O nosso peso dos salários no PIB é 45% e a meta é chegar aos 48% que é a médi...","António Costa: ""O nosso peso dos salários no PIB é 45% e a meta é chegar aos 48% que é a meta europeia",,https://poligrafo.sapo.pt/fact-check/debate-na-ar-antonio-costa-o-nosso-peso-dos-salarios-no-pib-e-45-e-a-meta-e-chegar-aos-48-que-e-a-meta-europeia,0,Polígrafo - SAPO,poligrafo.sapo.pt,2022-06-23 14:00:00,False,original
Debate na AR. André Ventura: “Temos a maior carga fiscal de sempre,André Ventura: “Temos a maior carga fiscal de sempre,,https://poligrafo.sapo.pt/fact-check/debate-na-ar-andre-ventura-temos-a-maior-carga-fiscal-de-sempre,0,Polígrafo - SAPO,poligrafo.sapo.pt,2022-06-23 08:00:00,False,original
"Sim, Laurinda Alves afirmou que dar bilhetes do Rock in Rio a sem-abrigo ""podia potenciar risco de consumos","A vereadora da CML disse que dar bilhetes de festival a pessoas sem-abrigo podia ""potenciar risco de consumos",,https://poligrafo.sapo.pt/fact-check/laurinda-alves-dar-bilhetes-de-festival-a-pessoas-em-situacao-de-sem-abrigo-podia-potenciar-risco-de-consumos,0,Polígrafo - SAPO,poligrafo.sapo.pt,2022-06-22 14:00:00,False,original
Superfície de cereais em Portugal passou de 900 mil para 200 mil hectares? É verdade,Superfície de cereais em Portugal passou de 900 mil para 200 mil hectares,,https://poligrafo.sapo.pt/fact-check/superficie-de-cereais-em-portugal-passou-de-900-mil-para-200-mil-hectares-e-verdade,0,Polígrafo - SAPO,poligrafo.sapo.pt,2022-06-20 08:00:00,False,original
"Post"" no Facebook: ""Inquérito à atribuição de nacionalidade portuguesa a Abramovich ainda não tem conclusões",Inquérito à atribuição de nacionalidade portuguesa a Abramovich ainda sem conclusões,,https://poligrafo.sapo.pt/fact-check/post-no-facebook-inquerito-a-atribuicao-de-nacionalidade-portuguesa-a-abramovich-ainda-nao-tem-conclusoes,0,Polígrafo - SAPO,poligrafo.sapo.pt,2022-06-17 10:00:00,False,original
"Leitor do Polígrafo pergunta: ""Foto viral de Marcelo a beijar barriga de grávida é manipulada?"" Não, aconte...",Foto viral de Marcelo a beijar barriga de grávida não é manipulada,,https://poligrafo.sapo.pt/fact-check/leitor-do-poligrafo-pergunta-foto-viral-de-marcelo-a-beijar-barriga-de-gravida-e-manipulada-nao-aconteceu-mesmo,0,Polígrafo - SAPO,poligrafo.sapo.pt,2022-06-17 14:00:00,False,original
"Indica-se no Facebook: ""Juros da dívida pública de Portugal a 10 anos já ultrapassam os 3%",Juros da dívida pública de Portugal a 10 anos já ultrapassam os 3%,,https://poligrafo.sapo.pt/fact-check/indica-se-no-facebook-juros-da-divida-publica-de-portugal-a-10-anos-ja-ultrapassam-os-3,0,Polígrafo - SAPO,poligrafo.sapo.pt,2022-06-17 11:00:00,False,original
Sócrates revelou na SIC que retomou subvenção vitalícia apesar de ter sido ele a decidir a sua extinção? Si...,José Sócrates retomou a subvenção vitalícia apesar de ter sido o responsável pela sua extinção,,https://poligrafo.sapo.pt/fact-check/socrates-confirmou-na-sic-que-retomou-subvencao-vitalicia-apesar-de-ter-decidido-a-sua-extincao,0,Polígrafo - SAPO,poligrafo.sapo.pt,2022-06-16 14:00:00,False,original
"Garante-se nas redes sociais: ""Três milhões de portugueses têm seguro de saúde",Três milhões de portugueses têm seguro de saúde,,https://poligrafo.sapo.pt/fact-check/garante-se-nas-redes-sociais-tres-milhoes-de-portugueses-tem-seguro-de-saude,0,Polígrafo - SAPO,poligrafo.sapo.pt,2022-06-15 10:00:00,False,original
Imagens de redes gigantes que apanham o lixo escoado pelos canos são autênticas?,Imagens de redes gigantes que apanham o lixo escoado pelos canos são autênticas?,,https://poligrafo.sapo.pt/fact-check/imagens-de-redes-gigantes-que-apanham-o-lixo-escoado-pelos-canos-sao-autenticas,0,Polígrafo - SAPO,poligrafo.sapo.pt,2022-06-14 18:00:57,True,original
"Fotografia de Marcelo Rebelo de Sousa com apoiantes do Chega é autêntica? Sim, foi tirada em Londres",Marcelo Rebelo de Sousa tirou uma fotografia com apoiantes do Chega em Londres,,https://poligrafo.sapo.pt/fact-check/fotografia-de-marcelo-rebelo-de-sousa-com-apoiantes-do-chega-e-autentica-sim-foi-tirada-em-londres,0,Polígrafo - SAPO,poligrafo.sapo.pt,2022-06-14 08:00:00,False,original
"Mariana Mortágua: ""Há freguesias de Lisboa em que há mais casas em alojamento local do que em habitação",Há freguesias de Lisboa em que há mais casas em alojamento local do que em habitação,,https://poligrafo.sapo.pt/fact-check/mariana-mortagua-ha-freguesias-de-lisboa-em-que-ha-mais-casas-em-alojamento-local-do-que-em-habitacao,0,Polígrafo - SAPO,poligrafo.sapo.pt,2022-06-13 10:00:00,False,original
"Lido no Facebook: ""1,4 milhões de portugueses não têm médico de família","1,4 milhões de portugueses não têm médico de família",,https://poligrafo.sapo.pt/fact-check/lido-no-facebook-14-milhoes-de-portugueses-nao-tem-medico-de-familia,0,Polígrafo - SAPO,poligrafo.sapo.pt,2022-06-13 08:00:00,False,original
"Lido no Facebook: ""Brasil saiu do 'mapa da fome' com Lula da Silva e Dilma Rousseff na presidência",Brasil saiu do 'Mapa da Fome' com Lula da Silva e Dilma Rousseff na presidência,,https://poligrafo.sapo.pt/fact-check/lido-no-facebook-brasil-saiu-do-mapa-da-fome-com-lula-da-silva-e-dilma-rousseff-na-presidencia,0,Polígrafo - SAPO,poligrafo.sapo.pt,2022-06-12 10:00:00,False,original
"Recomenda-se no Facebook: ""Abrir as janelas do automóvel antes de ligar o ar condicionado",É aconselhável abrir as janelas do carro antes de ligar o ar condicionado,,https://poligrafo.sapo.pt/fact-check/recomenda-se-no-facebook-abrir-as-janelas-do-automovel-antes-de-ligar-o-ar-condicionado,0,Polígrafo - SAPO,poligrafo.sapo.pt,2022-06-11 08:00:00,False,original
Presidente do Governo Regional dos Açores disse que privatização da Azores Airlines (Grupo SATA) “pode ser ...,"Presidente do Governo dos Açores disse que privatização da Azores Airlines ""pode ser uma virtude"" depois ter prometido uma “SATA pública",,https://poligrafo.sapo.pt/fact-check/lider-do-governo-dos-acores-diz-que-privatizacao-pode-ser-uma-virtude-depois-ter-prometido-uma-sata-publica-confirma-se,0,Polígrafo - SAPO,poligrafo.sapo.pt,2022-06-10 08:00:00,False,original
"Preço da gasolina na Suíça e na Alemanha ronda o praticado em Portugal, mas salários médios são muito mais ...","Preço da gasolina na Suíça e na Alemanha ronda o praticado em Portugal, mas salários médios são muito mais altos",,https://poligrafo.sapo.pt/fact-check/preco-da-gasolina-na-suica-e-na-alemanha-ronda-o-praticado-em-portugal-mas-salarios-medios-sao-muito-mais-altos-e-verdade,0,Polígrafo - SAPO,poligrafo.sapo.pt,2022-06-10 11:00:00,False,original
"Vídeo de Marcelo Rebelo de Sousa está viral no Instagram depois de partilha do rapper Snoop Dogg? Sim, é ve...",Rapper Snoop Dogg partilhou vídeo de Marcelo Rebelo de Sousa e ficou viral,,https://poligrafo.sapo.pt/fact-check/video-de-marcelo-rebelo-de-sousa-esta-viral-no-instagram-depois-de-partilha-do-rapper-snoop-dogg-sim-e-verdade,0,Polígrafo - SAPO,poligrafo.sapo.pt,2022-06-09 11:00:00,False,original
"Ana Catarina Mendes: ""Foram aprovadas mais propostas da oposição do que em quatro anos da coligação PSD/CDS",Este ano foram aprovadas mais propostas de alteração ao OE da oposição do que em quatro anos da coligação PSD/CDS,,https://poligrafo.sapo.pt/fact-check/ana-catarina-mendes-foram-aprovadas-mais-propostas-da-oposicao-do-que-em-quatro-anos-da-coligacao-psd-cds,0,Polígrafo - SAPO,poligrafo.sapo.pt,2022-06-09 10:00:00,False,original
"André Ventura: ""Iniciativa Liberal mudou de posição sobre referendo à Eutanásia",Iniciativa Liberal mudou de posição sobre referendo à Eutanásia,,https://poligrafo.sapo.pt/fact-check/andre-ventura-iniciativa-liberal-mudou-de-posicao-sobre-referendo-a-eutanasia,0,Polígrafo - SAPO,poligrafo.sapo.pt,2022-06-09 18:45:00,False,original
"Jerónimo de Sousa: ""Costa pede aumento de 20% do salário médio mas aumentou a Função Pública em apenas 0,9%","Governo pede aumento de 20% do salário médio mas aumentou a Função Pública em apenas 0,9%",,https://poligrafo.sapo.pt/fact-check/jeronimo-de-sousa-costa-pede-aumento-de-20-do-salario-medio-mas-aumentou-a-funcao-publica-em-apenas-09,0,Polígrafo - SAPO,poligrafo.sapo.pt,2022-06-08 08:00:00,False,original
"Sim, Luís Filipe Vieira escreveu o prefácio ou textos de abertura em quatro livros de João Malheiro, um del...",Luís Filipe Vieira escreveu o prefácio de quatro livros de João Malheiro,,https://poligrafo.sapo.pt/fact-check/sim-luis-filipe-vieira-escreveu-o-prefacio-ou-textos-de-abertura-em-quatro-livros-de-joao-malheiro-um-deles-sobre-eusebio,0,Polígrafo - SAPO,poligrafo.sapo.pt,2022-06-07 19:28:49,False,original
"Recorda-se no Twitter: ""Cavaco Silva pôs os estudantes universitários a pagar propinas",Cavaco Silva pôs os estudantes universitários a pagar propinas,,https://poligrafo.sapo.pt/fact-check/recorda-se-no-twitter-cavaco-silva-pos-os-estudantes-universitarios-a-pagar-propinas,0,Polígrafo - SAPO,poligrafo.sapo.pt,2022-06-06 10:00:00,False,original
"João Galamba insultou utilizador do Twitter depois de discussão sobre guerra na Ucrânia? Sim, e os insultos...",João Galamba insultou utilizador de Twitter depois de discussão sobre guerra na Ucrânia,,https://poligrafo.sapo.pt/fact-check/joao-galamba-insultou-utilizador-de-twitter-depois-de-discussao-sobre-guerra-na-ucrania-sim-e-nao-foi-a-primeira-vez,0,Polígrafo - SAPO,poligrafo.sapo.pt,2022-06-06 18:45:00,False,original
"Sim, é preciso ""atravessar ciclovia para colocar gasóleo"" numa rua no centro de Lisboa","Na Rua Castilho é necessário ""atravessar a ciclovia para colocar gasóleo",,https://poligrafo.sapo.pt/fact-check/sim-e-preciso-atravessar-ciclovia-para-colocar-gasoleo-numa-rua-no-centro-de-lisboa,0,Polígrafo - SAPO,poligrafo.sapo.pt,2022-06-07 10:00:00,False,original
"Lido nas redes sociais: ""Governo alemão aconselha população a armazenar comida para 10 dias",Governo alemão aconselha população a armazenar comida para 10 dias,,https://poligrafo.sapo.pt/fact-check/lido-nas-redes-sociais-governo-alemao-aconselha-populacao-a-armazenar-comida-para-10-dias,0,Polígrafo - SAPO,poligrafo.sapo.pt,2022-06-04 18:15:00,False,original
"Sim, gratuitidade de creches aplica-se às crianças nascidas depois de 1 de setembro de 2021",Gratuitidade de creches aplica-se às crianças nascidas depois de 1 de setembro de 2021,,https://poligrafo.sapo.pt/fact-check/sim-gratuitidade-de-creches-aplica-se-as-criancas-nascidas-depois-de-1-de-setembro-de-2021,0,Polígrafo - SAPO,poligrafo.sapo.pt,2022-06-04 11:00:00,False,original
"Cine-Check. Miss Piggy, Yoda, Monstro das Bolachas são todos interpretados pela mesma pessoa? É verdade","Miss Piggy, Yoda, Monstro das Bolachas são todos interpretados pela mesma pessoa",,https://poligrafo.sapo.pt/fact-check/cine-check-miss-piggy-yoda-monstro-das-bolachas-sao-todos-interpretados-pela-mesma-pessoa-e-verdade,0,Polígrafo - SAPO,poligrafo.sapo.pt,2022-06-04 14:00:00,False,original
"Sim, Chega foi o único a votar contra alargamento do subsídio de desemprego às vítimas de violência doméstica",Chega foi o único a votar contra alargamento do subsídio de desemprego às vítimas de violência doméstica,,https://poligrafo.sapo.pt/fact-check/sim-chega-foi-o-unico-a-votar-contra-alargamento-do-subsidio-de-desemprego-as-vitimas-de-violencia-domestica,0,Polígrafo - SAPO,poligrafo.sapo.pt,2022-06-03 08:00:00,False,original
É verdade: grupo parlamentar do PSD contrariou posição de Montenegro sobre inquérito ao acolhimento de refu...,PSD contrariou posição de Montenegro sobre inquérito ao acolhimento de refugiados em Setúbal,,https://poligrafo.sapo.pt/fact-check/e-verdade-grupo-parlamentar-do-psd-contrariou-posicao-de-montenegro-sobre-inquerito-ao-acolhimento-de-refugiados-em-setubal,0,Polígrafo - SAPO,poligrafo.sapo.pt,2022-06-03 10:00:00,False,original
"Denuncia-se no Facebook: ""Moradores de Sines não conseguem aceder às garagens devido a obra da autarquia",Moradores de Sines não conseguem aceder às suas garagens devido a uma obra,,https://poligrafo.sapo.pt/fact-check/denuncia-se-no-facebook-moradores-de-sines-nao-conseguem-aceder-as-garagens-devido-a-obra-da-autarquia,0,Polígrafo - SAPO,poligrafo.sapo.pt,2022-06-02 08:00:00,False,original
"Lido no Facebook: ""OE dá 990 milhões de euros à TAP mas alívio fiscal do IRS foi de 150 milhões de euros",OE dá 990 milhões de euros à TAP mas alívio fiscal do IRS foi de apenas 150 milhões de euros,,https://poligrafo.sapo.pt/fact-check/lido-no-facebook-oe-da-990-milhoes-de-euros-a-tap-mas-alivio-fiscal-do-irs-foi-de-150-milhoes-de-euros,0,Polígrafo - SAPO,poligrafo.sapo.pt,2022-06-03 14:00:00,False,original
"Alegação no Facebook: ""Portugal produzia 59,9% do trigo consumido em 1990 mas apenas 6,3% em 2021","Portugal produzia 59,9% do trigo consumido em 1990 mas apenas 6,3% em 2021",,https://poligrafo.sapo.pt/fact-check/alegacao-no-facebook-portugal-produzia-599-do-trigo-consumido-em-1990-mas-apenas-63-em-2021,0,Polígrafo - SAPO,poligrafo.sapo.pt,2022-06-01 11:00:00,False,original
"Sim, probabilidade de morte por atropelamento diminui drasticamente com redução de 50 km/h para 30 km/h",Probabilidade de morte por atropelamento reduz drasticamente com redução de 50 km/h para 30 km/h,,https://poligrafo.sapo.pt/fact-check/sim-probabilidade-de-morte-por-atropelamento-diminui-drasticamente-com-reducao-de-50-km-h-para-30-km-h,0,Polígrafo - SAPO,poligrafo.sapo.pt,2022-06-01 08:00:00,False,original
"Aconselha-se no Facebook: “Quando um pneu explode deve-se manter a calma, segurar o volante e ter o pé long...","Quando um pneu explode deve-se manter a calma, segurar o volante e ter o pé longe do travão",,https://poligrafo.sapo.pt/fact-check/aconselha-se-no-facebook-quando-um-pneu-explode-deve-se-manter-a-calma-segurar-o-volante-e-ter-o-pe-longe-do-travao,0,Polígrafo - SAPO,poligrafo.sapo.pt,2022-05-31 11:00:00,False,original
"Há outras capitais europeias com limite de 30 km/hora? Sim, Paris e Madrid são duas delas",Há outras cidades europeias com limite de velocidade de 30 km/hora,,https://poligrafo.sapo.pt/fact-check/ha-outras-capitais-europeias-com-limite-de-30-km-hora-sim-paris-e-madrid-sao-duas-delas,0,Polígrafo - SAPO,poligrafo.sapo.pt,2022-06-01 10:00:00,False,original
Donald Trump dançou no final de um discurso sobre tiroteio no Texas? É verdade,Donald Trump dançou no final de um discurso sobre tiroteio no Texas,,https://poligrafo.sapo.pt/fact-check/donald-trump-dancou-no-final-de-um-discurso-sobre-tiroteio-no-texas-e-verdade,0,Polígrafo - SAPO,poligrafo.sapo.pt,2022-05-31 18:45:00,False,original
"Equipas espanholas não perdem uma final europeia contra adversários de outros países desde 2001? Sim, é ver...",Equipas espanholas ganharam sempre finais da UEFA neste século,,https://poligrafo.sapo.pt/fact-check/equipas-espanholas-nao-perdem-uma-final-europeia-contra-adversarios-de-outros-paises-desde-2001-sim-e-verdade,0,Polígrafo - SAPO,poligrafo.sapo.pt,2022-05-28 16:00:00,False,original
"Joe Biden: “Quando expirou a lei da proibição de armas de assalto, os tiroteios em massa triplicaram",Joe Biden diz que tiroteios em massa triplicaram depois de ter expirado a lei que proibia o fabrico para uso civil de armas semiautomáticas,,https://poligrafo.sapo.pt/fact-check/joe-biden-quando-expirou-a-lei-da-proibicao-de-armas-de-assalto-os-tiroteios-em-massa-triplicaram,0,Polígrafo - SAPO,poligrafo.sapo.pt,2022-05-28 18:45:00,False,original
É verdade. Existe uma ciclovia no meio de uma autoestrada sul-coreana coberta por painéis solares,Existe uma ciclovia no meio da autoestrada na Coreia do Sul coberta por painéis solares,,https://poligrafo.sapo.pt/fact-check/e-verdade-existe-uma-ciclovia-no-meio-de-uma-autoestrada-sul-coreana-coberta-por-paineis-solares,0,Polígrafo - SAPO,poligrafo.sapo.pt,2022-05-28 14:00:00,False,original
"Sim, é possível recuperar pontos da carta de condução se o condutor frequentar uma formação rodoviária",É legal oferecer pontos da carta por uma formação remunerado,,https://poligrafo.sapo.pt/fact-check/sim-e-legal-oferecer-pontos-da-carta-de-conducao-atraves-de-uma-formacao-remunerada,0,Polígrafo - SAPO,poligrafo.sapo.pt,2022-05-29 11:00:00,False,original
"Lido no Facebook: ""Tiroteios em massa nos EUA aumentaram 95% desde 2017",Tiroteios em massa nos EUA aumentaram 95% desde 2017,,https://poligrafo.sapo.pt/fact-check/lido-no-facebook-tiroteios-em-massa-nos-eua-aumentaram-95-desde-2017,0,Polígrafo - SAPO,poligrafo.sapo.pt,2022-05-29 18:45:00,False,original
Apoio financeiro à Ucrânia é superior à atualização de pensões e ao aumento dos salários na função pública?...,Apoio financeiro à Ucrânia é superior ao investido nas pensões e nos salários,,https://poligrafo.sapo.pt/fact-check/apoio-financeiro-a-ucrania-e-superior-ao-investido-nas-pensoes-e-nos-salarios-sim-mas-e-pago-em-quatro-anos,0,Polígrafo - SAPO,poligrafo.sapo.pt,2022-05-25 08:00:00,False,original
"Post"" no Facebook: ""Joe Berardo mantém as condecorações apesar de ter um processo disciplinar há três anos",Joe Berardo mantém as condecorações apesar de ter um processo disciplinar do Conselho das Ordens Nacionais há três anos,,https://poligrafo.sapo.pt/fact-check/post-no-facebook-joe-berardo-mantem-as-condecoracoes-apesar-de-ter-um-processo-disciplinar-ha-tres-anos,0,Polígrafo - SAPO,poligrafo.sapo.pt,2022-05-27 10:00:00,False,original
"Despesa com aquisição de serviços a privados aumenta mais do que despesa com pessoal do Estado? Sim, quatro...",Despesa com aquisição de serviços a privados aumenta quatro vezes mais do que despesa com funcionários públicos.,,https://poligrafo.sapo.pt/fact-check/despesa-com-aquisicao-de-servicos-a-privados-aumenta-mais-do-que-despesa-com-pessoal-do-estado-sim-quatro-vezes-mais,0,Polígrafo - SAPO,poligrafo.sapo.pt,2022-05-25 17:30:00,False,original
"PSD: ""Portugal é o 10º país da OCDE com maior carga fiscal sobre o trabalho e tem o 6º menor salário médio",Portugal é o 10º país da OCDE com maior carga fiscal sobre o trabalho,,https://poligrafo.sapo.pt/fact-check/psd-portugal-e-o-10o-pais-da-ocde-com-maior-carga-fiscal-sobre-o-trabalho-e-tem-o-6o-menor-salario-medio,0,Polígrafo - SAPO,poligrafo.sapo.pt,2022-05-27 11:00:00,False,original
"É verdade. Taxa de poupança das famílias portuguesas baixou em 2021 para os 10,9%","Taxa de poupança das famílias portuguesas baixou em 2021 para os 10,9%",,https://poligrafo.sapo.pt/fact-check/e-verdade-taxa-de-poupanca-das-familias-portuguesas-baixou-em-2021-para-os-109,0,Polígrafo - SAPO,poligrafo.sapo.pt,2022-05-26 10:00:00,False,original
"Lido no Facebook: ""Costa prometeu incluir a gratuitidade geral das creches no OE 2022"" (Atualizado)",Primeiro-ministro prometeu “gratuitidade geral das creches” quando apresentou o Orçamento do Estado para 2022,,https://poligrafo.sapo.pt/fact-check/lido-no-facebook-costa-prometeu-incluir-a-gratuitidade-geral-das-creches-no-oe-2022,0,Polígrafo - SAPO,poligrafo.sapo.pt,2022-05-26 08:00:00,False,original
"André Ventura: ""Ferro Rodrigues tem uma pensão de 3.400 euros a que acresce uma subvenção vitalícia de 2.63...",Ferro Rodrigues tem uma pensão de 3.400 euros a que acresce uma subvenção vitalícia de 2.635 euros,,https://poligrafo.sapo.pt/fact-check/andre-ventura-ferro-rodrigues-tem-uma-pensao-de-3-400-euros-a-que-acresce-uma-subvencao-vitalicia-de-2-635-euros,0,Polígrafo - SAPO,poligrafo.sapo.pt,2022-05-27 17:40:52,False,original
"Sim, ex-militar francês garante que só assistiu a crimes de guerra perpetrados por ucranianos",Ex-militar francês que diz que só assistiu a crimes de guerra perpetrados por ucranianos,,https://poligrafo.sapo.pt/fact-check/sim-ex-militar-frances-garante-que-so-assistiu-a-crimes-de-guerra-perpetrados-por-ucranianos,0,Polígrafo - SAPO,poligrafo.sapo.pt,2022-05-20 09:45:00,False,original
"Garante-se no Twitter: ""A Ucrânia criou uma linha telefónica para soldados russos que queiram abandonar a g...",Ucrânia criou uma linha telefónica para soldados russos que queiram abandonar a guerra,,https://poligrafo.sapo.pt/fact-check/sim-a-ucrania-criou-uma-linha-telefonica-para-soldados-russos-que-queiram-abandonar-a-guerra,0,Polígrafo - SAPO,poligrafo.sapo.pt,2022-05-24 16:00:00,False,original
"Deputado do Chega acumula sete cargos, mas só consta um na sua biografia na AR? Sim, é verdade","Deputado do Chega acumula sete cargos, mas só consta um na sua biografia na AR? Sim, é verdade",,https://poligrafo.sapo.pt/fact-check/deputado-do-chega-acumula-sete-cargos-mas-so-consta-um-na-biografia-tem-de-informar-a-ar-ate-ao-fim-de-maio,0,Polígrafo - SAPO,poligrafo.sapo.pt,2022-05-19 07:40:00,True,original
"Cine-Check. Sim, lei do tempo do Estado Novo proibia dobragem de filmes",Lei do tempo do Estado Novo proibia dobragem de filmes,,https://poligrafo.sapo.pt/fact-check/cine-check-sim-lei-do-tempo-do-estado-novo-proibia-dobragem-de-filmes,0,Polígrafo - SAPO,poligrafo.sapo.pt,2022-05-22 18:00:00,False,original
"Iniciativa Liberal: ""Receitas do Estado vão bater recorde em 2022, ultrapassando os 100 mil milhões de euros","Receitas do Estado vão bater recorde em 2022, ultrapassando os 100 mil milhões de euros.",,https://poligrafo.sapo.pt/fact-check/iniciativa-liberal-receitas-do-estado-vao-bater-recorde-em-2022-ultrapassando-os-100-mil-milhoes-de-euros,0,Polígrafo - SAPO,poligrafo.sapo.pt,2022-05-23 18:00:00,False,original
"Sim, o ACP foi contra o encerramento do Terreiro do Paço ao trânsito",ACP foi contra o encerramento do Terreiro do Paço ao trânsito,,https://poligrafo.sapo.pt/fact-check/sim-o-acp-foi-contra-o-encerramento-do-terreiro-do-paco-ao-transito,0,Polígrafo - SAPO,poligrafo.sapo.pt,2022-05-19 10:00:00,False,original
É verdade. Associação belga apela a que mulheres se candidatem a trabalho de camionistas,Associação belga apela a mulheres para se candidataram a vaga de camionistas,,https://poligrafo.sapo.pt/fact-check/e-verdade-associacao-belga-apela-a-que-mulheres-se-candidatem-a-trabalho-de-camionistas,0,Polígrafo - SAPO,poligrafo.sapo.pt,2022-05-22 10:00:00,False,original
"Remuneração bruta total média diminuiu 2% em termos reais no primeiro trimestre? Sim, efeito da inflação",A remuneração bruta total média diminuiu 2% em termos reais no primeiro trimestre.,,https://poligrafo.sapo.pt/fact-check/remuneracao-bruta-total-media-diminuiu-2-em-termos-reais-no-primeiro-trimestre-sim-efeito-da-inflacao,0,Polígrafo - SAPO,poligrafo.sapo.pt,2022-05-24 14:00:00,False,original
"Em destaque no Facebook: ""Temos mais funcionários públicos do que quando chegou a 'troika","Portugal tem mais funcionários públicos hoje do que quando chegou a ""troika"".",,https://poligrafo.sapo.pt/fact-check/em-destaque-no-facebook-temos-mais-funcionarios-publicos-do-que-quando-chegou-a-troika,0,Polígrafo - SAPO,poligrafo.sapo.pt,2022-05-24 11:00:00,False,original
"Autarca de Penafiel cancelou ""Baile dos Pretos"", tradição de ""blackface"", e culpou ""puritanismos""? É verdade","Autarca de Penafiel cancelou ""Baile dos Pretos"", tradição de ""blackface"", e culpou ""puritanismos"".",,https://poligrafo.sapo.pt/fact-check/autarca-de-penafiel-cancelou-baile-dos-pretos-tradicao-de-blackface-e-culpou-puritanismos-e-verdade,0,Polígrafo - SAPO,poligrafo.sapo.pt,2022-05-21 14:00:00,False,original
"Em destaque no Facebook: ""Receitas petrolíferas da Rússia subiram 50%, atingindo valor recorde","Receitas petrolíferas da Rússia subiram 50%, atingindo valor recorde.",,https://poligrafo.sapo.pt/fact-check/em-destaque-no-facebook-receitas-petroliferas-da-russia-subiram-50-atingindo-valor-recorde,0,Polígrafo - SAPO,poligrafo.sapo.pt,2022-05-20 18:00:00,False,original
"Maior encontro anual de ciência abriu com performance de música de José Cid com letra adaptada à FCT? Sim, ...",Maior encontro anual de ciência abriu com performance de música de José Cid com letra adaptada à FCT,,https://poligrafo.sapo.pt/fact-check/maior-encontro-anual-de-ciencia-abriu-com-performance-de-musica-de-jose-cid-com-letra-adaptada-a-fct-sim-e-verdade,0,Polígrafo - SAPO,poligrafo.sapo.pt,2022-05-21 17:50:00,False,original
"Alerta-se no Facebook: ""Juros da dívida pública de Itália a 10 anos já ultrapassam os 3% e da Grécia os 3,5%","Juros da dívida pública de Itália a 10 anos já ultrapassam os 3% e da Grécia os 3,5%.",,https://poligrafo.sapo.pt/fact-check/alerta-se-no-facebook-juros-da-divida-publica-de-italia-a-10-anos-ja-ultrapassam-os-3-e-da-grecia-os-35,0,Polígrafo - SAPO,poligrafo.sapo.pt,2022-05-22 11:00:00,False,original
"Alerta-se no Facebook: ""A taxa de inflação em Portugal atingiu 7,2%, valor mais elevado desde 1993","A taxa de inflação em Portugal atingiu 7,2%, valor mais elevado desde 1993.",,https://poligrafo.sapo.pt/fact-check/alerta-se-no-facebook-a-taxa-de-inflacao-em-portugal-atingiu-72-valor-mais-elevado-desde-1993,0,Polígrafo - SAPO,poligrafo.sapo.pt,2022-05-11 11:00:00,False,original
"Sim, Jorge Moreira da Silva entrou em contradição sobre acordo entre PSD e Chega nos Açores","Jorge Moreira da Silva afirmou que acordo nos Açores entre PSD e Chega ""é um problema"" mas disse o contrário há menos de um mês",,https://poligrafo.sapo.pt/fact-check/sim-jorge-moreira-da-silva-deu-o-dito-por-nao-dito-sobre-acordo-entre-psd-e-chega-nos-acores,0,Polígrafo - SAPO,poligrafo.sapo.pt,2022-05-13 08:00:00,False,original
"Entrada da Suécia e Finlândia na NATO implica aprovação por unanimidade? Sim, Turquia pode vetar",Adesão da Suécia e da Finlândia à NATO implica aprovação por unanimidade.,,https://poligrafo.sapo.pt/fact-check/entrada-da-suecia-e-finlandia-na-nato-implica-aprovacao-por-unanimidade-sim-turquia-pode-vetar,0,Polígrafo - SAPO,poligrafo.sapo.pt,2022-05-18 11:00:00,False,original
"Sim, é verdade que Portugal regista há 13 anos consecutivos um saldo natural negativo",Portugal regista há 13 anos consecutivos um saldo natural negativo.,,https://poligrafo.sapo.pt/fact-check/sim-e-verdade-que-portugal-regista-ha-13-anos-consecutivos-um-saldo-natural-negativo,0,Polígrafo - SAPO,poligrafo.sapo.pt,2022-05-10 08:00:00,False,original
"Lido no Facebook: ""Rublo valoriza contra o euro a valores de 2020",Rublo valoriza contra o euro a valores de 2020,,https://poligrafo.sapo.pt/fact-check/lido-no-facebook-rublo-valoriza-contra-o-euro-a-valores-de-2020,0,Polígrafo - SAPO,poligrafo.sapo.pt,2022-05-15 11:00:00,False,original
"EUA gastaram mais de 2 biliões de dólares na Guerra do Afeganistão? Sim, e estima-se que custos sejam ainda...",Estados Unidos da América gastaram mais de 2 biliões de dólares na Guerra do Afeganistão.,,https://poligrafo.sapo.pt/fact-check/eua-gastaram-mais-de-2-bilioes-de-dolares-na-guerra-do-afeganistao-sim-e-estima-se-que-custos-sejam-ainda-mais-avultados,0,Polígrafo - SAPO,poligrafo.sapo.pt,2022-05-18 18:00:00,False,original
"Vídeo de carga policial contra funeral de jornalista palestiniana é real? Sim, agentes israelitas utilizara...",Vídeo que mostra carga policial sobre funeral de jornalista palestiniana.,,https://poligrafo.sapo.pt/fact-check/video-de-carga-policial-contra-funeral-de-jornalista-palestiniana-e-real-sim-agentes-israelitas-utilizaram-bastoes-e-granadas,0,Polígrafo - SAPO,poligrafo.sapo.pt,2022-05-17 14:00:00,False,original
"IL: ""Estado fica com metade do aumento de um salário de 800€ para 900€ brutos",Estado fica com metade do aumento de um salário de 800€ para 900€ brutos,,https://poligrafo.sapo.pt/fact-check/il-estado-fica-com-metade-do-aumento-de-um-salario-de-800e-para-900e-brutos,0,Polígrafo - SAPO,poligrafo.sapo.pt,2022-05-13 10:00:00,False,original
"Imagens de céu vermelho na China são reais? Sim, fenómeno causado pela refração das luzes de barcos",Imagens de céu vermelho na China são reais.,,https://poligrafo.sapo.pt/fact-check/imagens-de-ceu-vermelho-na-china-sao-reais-sim-fenomeno-causado-pela-refracao-das-luzes-de-barcos,0,Polígrafo - SAPO,poligrafo.sapo.pt,2022-05-10 16:00:00,False,original
CTT organizam leilões com correio não reclamado? Diz-se no Twitter e é verdade,CTT organizam leilões com correio não reclamado,,https://poligrafo.sapo.pt/fact-check/ctt-organizam-leiloes-com-correio-nao-reclamado-diz-se-no-twitter-e-e-verdade,0,Polígrafo - SAPO,poligrafo.sapo.pt,2022-05-08 10:00:00,False,original
"Fotografia de Bonnie e Clyde apareceu no Dia da Vitória na Rússia? Sim, foi um erro que depois tentaram esc...",Bonnie e Clyde estavam entre fotos da Segunda Guerra Mundial no Dia da Vitória na Rússia,,https://poligrafo.sapo.pt/fact-check/fotografia-de-bonnie-e-clyde-apareceu-no-dia-da-vitoria-na-russia-sim-foi-um-erro-que-depois-tentaram-esconder,0,Polígrafo - SAPO,poligrafo.sapo.pt,2022-05-14 15:00:00,False,original
"É verdade. Criminalização ""não acaba com o aborto"" e aumenta riscos para as mulheres",Criminalização “não acaba com o aborto” e aumenta riscos para as mulheres.,,https://poligrafo.sapo.pt/fact-check/e-verdade-criminalizacao-nao-acaba-com-o-aborto-e-aumenta-riscos-para-as-mulheres,0,Polígrafo - SAPO,poligrafo.sapo.pt,2022-05-12 10:00:00,False,original
"Rui Rio sobre peso dos salários no PIB: ""PS ainda não conseguiu recuperar totalmente a queda que ele própri...",PS ainda não conseguiu recuperar totalmente a queda que ele próprio provocou no peso das remunerações no PIB,,https://poligrafo.sapo.pt/fact-check/rui-rio-sobre-peso-dos-salarios-no-pib-ps-ainda-nao-conseguiu-recuperar-totalmente-a-queda-que-ele-proprio-provocou,0,Polígrafo - SAPO,poligrafo.sapo.pt,2022-05-08 18:00:00,False,original
"Denúncia no Facebook: ""Tribunal de Paços de Ferreira está sem rampa de acesso há mais de seis meses",Tribunal de Paços de Ferreira está sem rampa de acesso desde novembro de 2021.,,https://poligrafo.sapo.pt/fact-check/denuncia-no-facebook-tribunal-de-pacos-de-ferreira-esta-sem-rampa-de-acesso-ha-mais-de-seis-meses,0,Polígrafo - SAPO,poligrafo.sapo.pt,2022-05-18 07:30:00,False,original
"Força Aérea finlandesa usava suástica? Sim, ainda antes de ser um símbolo nazi",Força Aérea da Finlândia usava suástica como símbolo ainda antes de o Partido Nazi existir,,https://poligrafo.sapo.pt/fact-check/forca-aerea-finlandesa-usava-suastica-sim-ainda-antes-de-ser-um-simbolo-nazi,0,Polígrafo - SAPO,poligrafo.sapo.pt,2022-05-15 14:00:00,False,original
"Sim, os portugueses já pagaram 11 mil milhões de euros pelas energias renováveis. Mas este ano será diferente",Famílias portuguesas já pagaram 11 mil milhões de euros pelas energias renováveis,,https://poligrafo.sapo.pt/fact-check/sim-os-portugueses-ja-pagaram-11-mil-milhoes-de-euros-pelas-energias-renovaveis-mas-este-ano-sera-diferente,0,Polígrafo - SAPO,poligrafo.sapo.pt,2022-05-12 18:00:00,False,original
"Bivalves ajudam a detetar poluição nas águas? Sim, e já são utilizados para esse fim","Bivalves ajudam a detetar poluição nas águas em Varsóvia, Polónia.",,https://poligrafo.sapo.pt/fact-check/bivalves-ajudam-a-detetar-poluicao-nas-aguas-sim-e-ja-sao-utilizados-para-esse-fim,0,Polígrafo - SAPO,poligrafo.sapo.pt,2022-05-11 16:00:00,False,original
"Autarca do Chega foi ""detido por posse de armas ilegais""? Sim, com pistola, revólver e bastão extensível (A...","Autarca do Chega em Setúbal foi ""detido por posse de armas ilegais"".",,https://poligrafo.sapo.pt/fact-check/autarca-do-chega-foi-detido-por-posse-de-armas-ilegais-sim-com-pistola-revolver-e-bastao-extensivel,0,Polígrafo - SAPO,poligrafo.sapo.pt,2022-05-11 08:00:00,False,original
"Acusa-se no Facebook: ""Banco de Fomento adjudicou contrato de 100 mil euros à firma de Montenegro",Banco de Fomento adjudicou contrato à firma de Luís Montenegro no valor de 100 mil euros.,,https://poligrafo.sapo.pt/fact-check/acusa-se-no-facebook-banco-de-fomento-adjudicou-contrato-de-100-mil-euros-a-firma-de-montenegro,0,Polígrafo - SAPO,poligrafo.sapo.pt,2022-05-16 10:00:00,False,original
"Garante-se no Facebook: ""Mário Nogueira disse que ia deixar de ser sindicalista em 2022",Mário Nogueira disse que ia deixar de ser sindicalista e começar a dar aulas em 2022,,https://poligrafo.sapo.pt/fact-check/garante-se-no-facebook-mario-nogueira-disse-que-ia-deixar-de-ser-sindicalista-e-comecar-a-dar-aulas-em-2022,0,Polígrafo - SAPO,poligrafo.sapo.pt,2022-05-18 10:00:00,False,original
"Sim, é mesmo verdade que o euro está a aproximar-se do valor do dólar norte-americano",O euro está a aproximar-se da paridade com o dólar norte-americano.,,https://poligrafo.sapo.pt/fact-check/sim-e-mesmo-verdade-que-o-euro-esta-a-aproximar-se-do-valor-do-dolar-norte-americano,0,Polígrafo - SAPO,poligrafo.sapo.pt,2022-05-16 07:30:00,False,original
"Destaca-se no Facebook: ""Portugal é o terceiro país da UE com mais emprego temporário involuntário",Portugal é o terceiro país da UE com mais emprego temporário involuntário.,,https://poligrafo.sapo.pt/fact-check/destaca-se-no-facebook-portugal-e-o-terceiro-pais-da-ue-com-mais-emprego-temporario-involuntario,0,Polígrafo - SAPO,poligrafo.sapo.pt,2022-05-10 10:00:00,False,original
"Salienta-se no Facebook: ""Em finais de 2021 o PIB português permaneceu abaixo do PIB de 2019","Em finais de 2021 o PIB português permaneceu abaixo do PIB de 2019"".",,https://poligrafo.sapo.pt/fact-check/salienta-se-no-facebook-em-finais-de-2021-o-pib-portugues-permaneceu-abaixo-do-pib-de-2019,0,Polígrafo - SAPO,poligrafo.sapo.pt,2022-05-12 08:00:00,False,original
Marcelo defendeu há apenas 4 anos que os Presidentes da República não devem recandidatar-se?,Marcelo defendeu há apenas 4 anos que os Presidentes da República não devem recandidatar-se?,,https://poligrafo.sapo.pt/fact-check/marcelo-defendeu-ha-apenas-4-anos-que-os-presidentes-nao-devem-poder-recandidatar-se,0,Polígrafo - SAPO,poligrafo.sapo.pt,2019-01-29 20:53:57,True,original
Luis Pedro Nunes na SIC: Governo vai contrair novos empréstimos para pagar a dívida ao FMI?,Luis Pedro Nunes na SIC: Governo vai contrair novos empréstimos para pagar a dívida ao FMI?,,https://poligrafo.sapo.pt/fact-check/o-governo-vai-contrair-novos-emprestimos-para-pagar-a-divida-ao-fmi,0,Polígrafo - SAPO,poligrafo.sapo.pt,2018-12-02 09:06:34,True,original
Rúben Amorim disse que João Pereira é um “mete-nojo” em campo?,Rúben Amorim disse que João Pereira é um “mete-nojo” em campo?,,https://poligrafo.sapo.pt/fact-check/ruben-amorim-disse-que-joao-pereira-e-um-mete-nojo-em-campo,0,Polígrafo - SAPO,poligrafo.sapo.pt,2021-02-01 19:40:26,True,original
Catarina Martins desmente Marta Temido sobre o número de médicos no SNS. Tem razão?,Catarina Martins desmente Marta Temido sobre o número de médicos no SNS. Tem razão?,,https://poligrafo.sapo.pt/fact-check/catarina-martins-desmente-marta-temido-sobre-o-numero-de-medicos-no-sns-tem-razao,0,Polígrafo - SAPO,poligrafo.sapo.pt,2020-09-23 21:50:59,True,original
As propinas descem pela primeira vez em 15 anos?,As propinas descem pela primeira vez em 15 anos?,Mariana Mortágua,https://poligrafo.sapo.pt/fact-check/as-propinas-descem-pela-primeira-vez-em-15-anos,0,Polígrafo - SAPO,poligrafo.sapo.pt,2018-10-13 19:46:06,True,original
Peso do setor do Turismo no PIB de Portugal é um dos mais elevados do mundo?,Peso do setor do Turismo no PIB de Portugal é um dos mais elevados do mundo?,,https://poligrafo.sapo.pt/fact-check/peso-do-setor-do-turismo-no-pib-de-portugal-e-um-dos-mais-elevados-do-mundo,0,Polígrafo - SAPO,poligrafo.sapo.pt,2020-03-06 15:00:14,True,original
Rui Rio diz que juiz estagiário ganha mais do que professor do Ensino Secundário no topo da carreira. Tem r...,Rui Rio diz que juiz estagiário ganha mais do que professor do Ensino Secundário no topo da carreira. Tem razão?,,https://poligrafo.sapo.pt/fact-check/rui-rio-diz-que-juiz-estagiario-ganha-mais-do-que-professor-do-ensino-secundario-no-topo-da-carreira-tem-razao,0,Polígrafo - SAPO,poligrafo.sapo.pt,2021-11-22 11:00:10,False,original
Fotografia de base militar na Califórnia em forma de cruz suástica nazi é real?,Fotografia de base militar na Califórnia em forma de cruz suástica nazi é real?,,https://poligrafo.sapo.pt/fact-check/fotografia-de-base-militar-na-california-em-forma-de-cruz-suastica-nazi-e-real,0,Polígrafo - SAPO,poligrafo.sapo.pt,2022-04-07 14:00:00,True,original
Serviço Nacional de Saúde tem mais 9.830 enfermeiros desde 2016?,Serviço Nacional de Saúde tem mais 9.830 enfermeiros desde 2016?,,https://poligrafo.sapo.pt/fact-check/servico-nacional-de-saude-tem-mais-9-830-enfermeiros-desde-2016,0,Polígrafo - SAPO,poligrafo.sapo.pt,2021-05-22 11:00:52,True,original
Câmara de Lisboa divulgou informação falsa em cartaz sobre a União Zoófila?,Câmara de Lisboa divulgou informação falsa em cartaz sobre a União Zoófila?,,https://poligrafo.sapo.pt/fact-check/camara-de-lisboa-divulgou-informacao-falsa-em-cartaz-sobre-a-uniao-zoofila,0,Polígrafo - SAPO,poligrafo.sapo.pt,2021-07-09 17:00:31,True,original
Imagem viral do rio Estorãos sem caudal e praticamente seco é autêntica?,Imagem viral do rio Estorãos sem caudal e praticamente seco é autêntica?,,https://poligrafo.sapo.pt/fact-check/imagem-viral-do-rio-estoraos-sem-caudal-e-praticamente-seco-e-autentica,0,Polígrafo - SAPO,poligrafo.sapo.pt,2020-08-11 15:00:53,True,original
"Mais de 671 mil votos foram “inúteis” e 80% dos votos dos emigrantes ""foram para o lixo""?","Mais de 671 mil votos foram “inúteis” e 80% dos votos dos emigrantes ""foram para o lixo""?",,https://poligrafo.sapo.pt/fact-check/mais-de-671-mil-votos-foram-inuteis-e-80-dos-votos-dos-emigrantes-foram-para-o-lixo,0,Polígrafo - SAPO,poligrafo.sapo.pt,2022-02-20 19:00:00,True,original
Salário de Mário Centeno no Banco de Portugal aumentou para mais de 17 mil euros por mês?,Salário de Mário Centeno no Banco de Portugal aumentou para mais de 17 mil euros por mês?,,https://poligrafo.sapo.pt/fact-check/salario-de-mario-centeno-no-banco-de-portugal-aumentou-para-mais-de-17-mil-euros-por-mes,0,Polígrafo - SAPO,poligrafo.sapo.pt,2022-02-16 18:30:00,True,original
Camionistas passam a ser obrigados a registar passagem de fronteiras no tacógrafo digital?,Camionistas passam a ser obrigados a registar passagem de fronteiras no tacógrafo digital?,,https://poligrafo.sapo.pt/fact-check/camionistas-passam-a-ser-obrigados-a-registar-passagem-de-fronteiras-no-tacografo-digital,0,Polígrafo - SAPO,poligrafo.sapo.pt,2022-02-06 11:00:00,True,original
"Inflação em Portugal ""acelerou para 5,3% em março, a taxa mais elevada desde 1994""?","Inflação em Portugal ""acelerou para 5,3% em março, a taxa mais elevada desde 1994""?",,https://poligrafo.sapo.pt/fact-check/inflacao-em-portugal-acelerou-para-53-em-marco-a-taxa-mais-elevada-desde-1994,0,Polígrafo - SAPO,poligrafo.sapo.pt,2022-04-10 11:00:00,True,original
Os EUA têm 100 bombas nucleares instaladas em território europeu?,Os EUA têm 100 bombas nucleares instaladas em território europeu?,,https://poligrafo.sapo.pt/fact-check/os-eua-tem-100-bombas-nucleares-instaladas-em-territorio-europeu,0,Polígrafo - SAPO,poligrafo.sapo.pt,2020-01-20 14:16:19,True,original
Militantes do Chega confundiram foto de modelo com candidata do partido à autarquia da Batalha?,Militantes do Chega confundiram foto de modelo com candidata do partido à autarquia da Batalha?,,https://poligrafo.sapo.pt/fact-check/militantes-do-chega-confundiram-foto-de-modelo-com-candidata-do-partido-a-autarquia-da-batalha,0,Polígrafo - SAPO,poligrafo.sapo.pt,2021-09-24 18:10:03,True,original
Music-Check. Laura Branigan “roubou” a canção “Self Control”?,Music-Check. Laura Branigan “roubou” a canção “Self Control”?,,https://poligrafo.sapo.pt/fact-check/music-check-laura-branigan-roubou-a-cancao-self-control,0,Polígrafo - SAPO,poligrafo.sapo.pt,2019-07-07 10:59:06,True,original
"Salas de cinema, teatro e espetáculos terão que encerrar às 13h nos feriados e fins-de-semana?","Salas de cinema, teatro e espetáculos terão que encerrar às 13h nos feriados e fins-de-semana?",,https://poligrafo.sapo.pt/fact-check/salas-de-cinema-teatro-e-espetaculos-terao-que-encerrar-as-13h-nos-feriados-e-fins-de-semana,0,Polígrafo - SAPO,poligrafo.sapo.pt,2021-03-19 18:00:10,True,original
TAP apresentou prejuízos em nove dos últimos dez anos?,TAP apresentou prejuízos em nove dos últimos dez anos?,,https://poligrafo.sapo.pt/fact-check/tap-apresentou-prejuizos-em-nove-dos-ultimos-dez-anos,0,Polígrafo - SAPO,poligrafo.sapo.pt,2020-12-12 19:45:09,True,original
Costa destaca que Portugal é o país da UE mais próximo de alcançar metas climáticas para 2030. Confirma-se?,Costa destaca que Portugal é o país da UE mais próximo de alcançar metas climáticas para 2030. Confirma-se?,,https://poligrafo.sapo.pt/fact-check/costa-destaca-que-portugal-e-o-pais-da-ue-mais-proximo-de-alcancar-metas-climaticas-para-2030-confirma-se,0,Polígrafo - SAPO,poligrafo.sapo.pt,2021-07-22 18:30:00,True,original
"IFAP quer ""obrigar empresa de deputada socialista a devolver subsídio"" de 170 mil euros? (COM VÍDEO)","IFAP quer ""obrigar empresa de deputada socialista a devolver subsídio"" de 170 mil euros? (COM VÍDEO)",,https://poligrafo.sapo.pt/fact-check/ifap-quer-obrigar-empresa-de-deputada-socialista-a-devolver-subsidio-de-170-mil-euros,0,Polígrafo - SAPO,poligrafo.sapo.pt,2020-01-16 12:49:55,True,original
Music-Check. “Sunny” não é uma canção dos Boney M.?,Music-Check. “Sunny” não é uma canção dos Boney M.?,,https://poligrafo.sapo.pt/fact-check/music-check-sunny-nao-e-uma-cancao-dos-boney-m,0,Polígrafo - SAPO,poligrafo.sapo.pt,2019-05-25 17:00:35,True,original
Tiroteio que matou 12 pessoas em Virginia Beach foi o 150º incidente com armas nos EUA só em 2019?,Tiroteio que matou 12 pessoas em Virginia Beach foi o 150º incidente com armas nos EUA só em 2019?,,https://poligrafo.sapo.pt/fact-check/tiroteio-que-matou-12-pessoas-em-virginia-beach-foi-o-150o-incidente-com-armas-nos-eua-so-em-2019,0,Polígrafo - SAPO,poligrafo.sapo.pt,2019-06-02 17:30:54,True,original
Lisboa foi a cidade europeia mais procurada por turistas na primeira quinzena de junho?,Lisboa foi a cidade europeia mais procurada por turistas na primeira quinzena de junho?,,https://poligrafo.sapo.pt/fact-check/lisboa-foi-a-cidade-europeia-mais-procurada-por-turistas-na-primeira-quinzena-de-junho,0,Polígrafo - SAPO,poligrafo.sapo.pt,2020-07-05 10:00:18,True,original
Governo ignorou em 2019 os avisos que antecipavam uma tragédia social em Odemira? (COM VÍDEO),Governo ignorou em 2019 os avisos que antecipavam uma tragédia social em Odemira? (COM VÍDEO),,https://poligrafo.sapo.pt/fact-check/governo-ignorou-em-2019-os-avisos-que-antecipavam-uma-tragedia-social-em-odemira,0,Polígrafo - SAPO,poligrafo.sapo.pt,2021-05-12 07:30:07,True,original
Candidata autárquica do Iniciativa Liberal em Viseu faz apologia ao salazarismo nas redes sociais?,Candidata autárquica do Iniciativa Liberal em Viseu faz apologia ao salazarismo nas redes sociais?,,https://poligrafo.sapo.pt/fact-check/candidata-autarquica-do-iniciativa-liberal-em-viseu-faz-apologia-ao-salazarismo-nas-redes-sociais,0,Polígrafo - SAPO,poligrafo.sapo.pt,2021-04-27 16:50:59,True,original
Cotrim de Figueiredo assistia a touradas mas não contestou proibição de exibir touradas na RTP?,Cotrim de Figueiredo assistia a touradas mas não contestou proibição de exibir touradas na RTP?,,https://poligrafo.sapo.pt/fact-check/cotrim-de-figueiredo-assistia-a-touradas-mas-nao-contestou-proibicao-de-exibir-touradas-na-rtp,0,Polígrafo - SAPO,poligrafo.sapo.pt,2022-01-06 08:00:11,True,original
"Advogado de Bruno de Carvalho faz comentários racistas, sexistas e homofóbicos nas redes sociais? (Com vídeo)","Advogado de Bruno de Carvalho faz comentários racistas, sexistas e homofóbicos nas redes sociais? (Com vídeo)",,https://poligrafo.sapo.pt/fact-check/advogado-de-bruno-de-carvalho-faz-comentarios-racistas-sexistas-e-homofobicos-nas-redes-sociais,0,Polígrafo - SAPO,poligrafo.sapo.pt,2019-07-09 14:00:19,True,original
Covid-19. Uma em cada três pessoas infetadas desenvolve problemas neurológicos ou psiquiátricos?,Covid-19. Uma em cada três pessoas infetadas desenvolve problemas neurológicos ou psiquiátricos?,,https://poligrafo.sapo.pt/fact-check/covid-19-uma-em-cada-tres-pessoas-infetadas-desenvolve-problemas-neurologicos-ou-psiquiatricos,0,Polígrafo - SAPO,poligrafo.sapo.pt,2021-05-20 10:00:36,True,original
Governo não publicou Decreto-Lei de Execução Orçamental em 2020 e 2021?,Governo não publicou Decreto-Lei de Execução Orçamental em 2020 e 2021?,,https://poligrafo.sapo.pt/fact-check/governo-nao-publicou-decreto-lei-de-execucao-orcamental-em-2020-e-2021,0,Polígrafo - SAPO,poligrafo.sapo.pt,2021-08-30 10:00:59,True,original
André Ventura diz que touradas vão pagar 23% de IVA enquanto feiras eróticas pagam 6%. Confirma-se? (COM VÍ...,André Ventura diz que touradas vão pagar 23% de IVA enquanto feiras eróticas pagam 6%. Confirma-se? (COM VÍDEO),,https://poligrafo.sapo.pt/fact-check/andre-ventura-diz-que-touradas-vao-pagar-23-de-iva-enquanto-feiras-eroticas-pagam-6-confirma-se,0,Polígrafo - SAPO,poligrafo.sapo.pt,2020-02-06 09:00:49,False,original
Debate OE. Pedro Nuno Santos: “Temos das famílias mais endividadas na habitação.” É verdade?,Debate OE. Pedro Nuno Santos: “Temos das famílias mais endividadas na habitação.” É verdade?,,https://poligrafo.sapo.pt/fact-check/debate-oe-pedro-nuno-santos-temos-das-familias-mais-endividadas-na-habitacao-e-verdade,0,Polígrafo - SAPO,poligrafo.sapo.pt,2022-04-30 14:00:00,True,original
Music-Check. Billie Holiday foi babysitter de Billy Crystal?,Music-Check. Billie Holiday foi babysitter de Billy Crystal?,,https://poligrafo.sapo.pt/fact-check/billie-holiday-foi-babysitter-de-billy-crystal,0,Polígrafo - SAPO,poligrafo.sapo.pt,2019-09-21 17:00:16,True,original
"Ramalho Eanes avisou que há uma ""epidemia de corrupção"" na sociedade portuguesa? (COM VÍDEO)","Ramalho Eanes avisou que há uma ""epidemia de corrupção"" na sociedade portuguesa? (COM VÍDEO)",,https://poligrafo.sapo.pt/fact-check/ramalho-eanes-avisou-que-ha-uma-epidemia-de-corrupcao-na-sociedade-portuguesa,0,Polígrafo - SAPO,poligrafo.sapo.pt,2021-07-09 08:00:27,True,original
Metade dos alunos da Escola Secundária da Gafanha da Nazaré vai de bicicleta para a escola?,Metade dos alunos da Escola Secundária da Gafanha da Nazaré vai de bicicleta para a escola?,,https://poligrafo.sapo.pt/fact-check/metade-dos-alunos-da-escola-secundaria-da-gafanha-da-nazare-vao-de-bicicleta-para-a-escola,0,Polígrafo - SAPO,poligrafo.sapo.pt,2021-12-05 16:00:55,True,original
"Bloco de Esquerda, Ronaldo e Madonna publicaram imagens erradas sobre os incêndios na Amazónia?","Bloco de Esquerda, Ronaldo e Madonna publicaram imagens erradas sobre os incêndios na Amazónia?",,https://poligrafo.sapo.pt/fact-check/bloco-de-esquerda-ronaldo-e-madonna-publicaram-imagens-erradas-sobre-os-incendios-na-amazonia,0,Polígrafo - SAPO,poligrafo.sapo.pt,2019-08-25 09:43:20,True,original
Macron acusa Le Pen de ter sido “uma das primeiras a reconhecer anexação da Crimeia pela Rússia”. Tem razão?,Macron acusa Le Pen de ter sido “uma das primeiras a reconhecer anexação da Crimeia pela Rússia”. Tem razão?,,https://poligrafo.sapo.pt/fact-check/macron-acusa-le-pen-de-ter-sido-uma-das-primeiras-a-reconhecer-anexacao-da-crimeia-pela-russia-tem-razao,0,Polígrafo - SAPO,poligrafo.sapo.pt,2022-04-21 18:34:52,True,original
Jerónimo de Sousa lembra que salários dos funcionários públicos não são aumentados há 10 anos. Tem razão?,Jerónimo de Sousa lembra que salários dos funcionários públicos não são aumentados há 10 anos. Tem razão?,,https://poligrafo.sapo.pt/fact-check/jeronimo-de-sousa-lembra-que-salarios-dos-funcionarios-publicos-nao-sao-aumentados-ha-10-anos-tem-razao,0,Polígrafo - SAPO,poligrafo.sapo.pt,2022-01-05 11:00:16,True,original
"Catarina Martins: ""Nunca houve eleições provocadas por causa de um Orçamento do Estado"". Confirma-se?","Catarina Martins: ""Nunca houve eleições provocadas por causa de um Orçamento do Estado"". Confirma-se?",,https://poligrafo.sapo.pt/fact-check/catarina-martins-nunca-houve-eleicoes-provocadas-por-causa-de-um-orcamento-do-estado-confirma-se,0,Polígrafo - SAPO,poligrafo.sapo.pt,2021-10-24 17:34:32,True,original
"Music-Check. Os Nirvana foram expulsos da festa de lançamento de ""Nevermind""?","Music-Check. Os Nirvana foram expulsos da festa de lançamento de ""Nevermind""?",,https://poligrafo.sapo.pt/fact-check/music-check-os-nirvana-foram-expulsos-da-festa-de-lancamento-de-nevermind,0,Polígrafo - SAPO,poligrafo.sapo.pt,2020-03-07 14:00:43,True,original
"PCP propôs reforço de 5,25 milhões para a manutenção dos navios da Soflusa mas o PS votou contra?","PCP propôs reforço de 5,25 milhões para a manutenção dos navios da Soflusa mas o PS votou contra?",,https://poligrafo.sapo.pt/fact-check/pcp-propos-reforco-de-525-milhoes-para-a-manutencao-dos-navios-da-soflusa-mas-o-ps-votou-contra,0,Polígrafo - SAPO,poligrafo.sapo.pt,2019-06-02 11:00:20,True,original
Salário do governador do Banco de Portugal é superior ao do presidente da Reserva Federal dos EUA?,Salário do governador do Banco de Portugal é superior ao do presidente da Reserva Federal dos EUA?,,https://poligrafo.sapo.pt/fact-check/salario-do-governador-do-banco-de-portugal-e-superior-ao-do-presidente-da-reserva-federal-dos-eua,0,Polígrafo - SAPO,poligrafo.sapo.pt,2021-06-23 14:00:43,True,original
Cotrim Figueiredo acusa Governo do PS de bater sucessivos recordes de carga fiscal. Tem razão?,Cotrim Figueiredo acusa Governo do PS de bater sucessivos recordes de carga fiscal. Tem razão?,,https://poligrafo.sapo.pt/fact-check/cotrim-figueiredo-acusa-governo-do-ps-de-bater-sucessivos-recordes-de-carga-fiscal-tem-razao,0,Polígrafo - SAPO,poligrafo.sapo.pt,2021-07-22 13:00:46,True,original
Entidade para a Transparência não tem sede oficial nem membros desde que foi criada em 2019? (COM VÍDEO),Entidade para a Transparência não tem sede oficial nem membros desde que foi criada em 2019? (COM VÍDEO),,https://poligrafo.sapo.pt/fact-check/entidade-para-a-transparencia-nao-tem-sede-oficial-nem-membros-desde-que-foi-criada-em-2019,0,Polígrafo - SAPO,poligrafo.sapo.pt,2021-05-04 10:00:23,True,original
Music-Check. Pete Townshend começou a partir guitarras por acidente?,Music-Check. Pete Townshend começou a partir guitarras por acidente?,,https://poligrafo.sapo.pt/fact-check/music-check-pete-townshend-comecou-a-partir-guitarras-por-acidente,0,Polígrafo - SAPO,poligrafo.sapo.pt,2020-01-11 14:00:58,True,original
Taxa de ocupação dos hospitais públicos foi menor durante a pandemia do que em 2019? (COM VÍDEO),Taxa de ocupação dos hospitais públicos foi menor durante a pandemia do que em 2019? (COM VÍDEO),,https://poligrafo.sapo.pt/fact-check/taxa-de-ocupacao-dos-hospitais-publicos-foi-menor-durante-a-pandemia-do-que-em-2019,0,Polígrafo - SAPO,poligrafo.sapo.pt,2021-05-03 14:00:06,True,original
"Guarda recebeu ""apenas mais sete médicos"" durante a pandemia da Covid-19?","Guarda recebeu ""apenas mais sete médicos"" durante a pandemia da Covid-19?",,https://poligrafo.sapo.pt/fact-check/guarda-recebeu-apenas-mais-sete-medicos-durante-a-pandemia-da-covid-19,0,Polígrafo - SAPO,poligrafo.sapo.pt,2021-09-04 17:00:55,True,original
"António Costa ""prometeu a redução das portagens"" em 2015 mas foi o PSD que apresentou a proposta?","António Costa ""prometeu a redução das portagens"" em 2015 mas foi o PSD que apresentou a proposta?",,https://poligrafo.sapo.pt/fact-check/antonio-costa-prometeu-a-reducao-das-portagens-em-2015-mas-foi-o-psd-que-apresentou-a-proposta,0,Polígrafo - SAPO,poligrafo.sapo.pt,2021-10-08 17:30:05,True,original
Jardim em Arroios foi tapado com uma estrutura de madeira?,Jardim em Arroios foi tapado com uma estrutura de madeira?,,https://poligrafo.sapo.pt/fact-check/jardim-em-arroios-foi-tapado-com-uma-estrutura-de-madeira,0,Polígrafo - SAPO,poligrafo.sapo.pt,2021-07-03 15:00:55,True,original
FC Porto superou SL Benfica como equipa portuguesa com mais vitórias na Liga dos Campeões?,FC Porto superou SL Benfica como equipa portuguesa com mais vitórias na Liga dos Campeões?,,https://poligrafo.sapo.pt/fact-check/fc-porto-superou-sl-benfica-como-equipa-portuguesa-com-mais-vitorias-na-liga-dos-campeoes,0,Polígrafo - SAPO,poligrafo.sapo.pt,2021-03-20 11:00:04,True,original
Assembleia Municipal de Vila Franca de Xira chumbou voto de pesar pela morte de trabalhador dos SMAS aprese...,Assembleia Municipal de Vila Franca de Xira chumbou voto de pesar pela morte de trabalhador dos SMAS apresentado pela CDU?,,https://poligrafo.sapo.pt/fact-check/assembleia-municipal-de-vila-franca-de-xira-chumbou-voto-de-pesar-pela-morte-de-trabalhador-dos-smas-apresentado-pela-cdu,0,Polígrafo - SAPO,poligrafo.sapo.pt,2020-10-03 15:00:32,False,original
Genro de Jerónimo de Sousa foi contratado por 43 mil euros para desmatar três freguesias comunistas?,Genro de Jerónimo de Sousa foi contratado por 43 mil euros para desmatar três freguesias comunistas?,,https://poligrafo.sapo.pt/fact-check/genro-de-jeronimo-de-sousa-foi-contratado-para-desmatar-tres-freguesias-comunistas,0,Polígrafo - SAPO,poligrafo.sapo.pt,2020-05-30 08:20:07,True,original
"Os cinco maiores bancos em Portugal cobram ""mais de 4 milhões de euros por dia"" em comissões e taxas?","Os cinco maiores bancos em Portugal cobram ""mais de 4 milhões de euros por dia"" em comissões e taxas?",,https://poligrafo.sapo.pt/fact-check/os-cinco-maiores-bancos-em-portugal-cobram-mais-de-4-milhoes-de-euros-por-dia-em-comissoes-e-taxas-2,0,Polígrafo - SAPO,poligrafo.sapo.pt,2022-01-31 11:00:00,True,original
Marinha Portuguesa comprou 3.900 bolas de golfe?,Marinha Portuguesa comprou 3.900 bolas de golfe?,,https://poligrafo.sapo.pt/fact-check/marinha-portuguesa-comprou-3-900-bolas-de-golfe,0,Polígrafo - SAPO,poligrafo.sapo.pt,2021-10-18 14:50:00,True,original
Islândia confirmou penas de prisão para sete banqueiros?,Islândia confirmou penas de prisão para sete banqueiros?,,https://poligrafo.sapo.pt/fact-check/islandia-confirmou-penas-de-prisao-para-sete-banqueiros,0,Polígrafo - SAPO,poligrafo.sapo.pt,2019-12-07 17:31:07,True,original
"Debates TV. Marisa Matias: ""Os privados pediam 13 mil euros por doente [Covid-19] na primeira vaga"". Confir...","Debates TV. Marisa Matias: ""Os privados pediam 13 mil euros por doente [Covid-19] na primeira vaga"". Confirma-se?",,https://poligrafo.sapo.pt/fact-check/debates-tv-marisa-matias-os-privados-pediam-13-mil-euros-por-doente-covid-19-na-primeira-vaga-confirma-se,0,Polígrafo - SAPO,poligrafo.sapo.pt,2021-01-10 11:30:07,False,original
Carlos César e António Costa têm discursos contraditórios sobre a bancarrota portuguesa?,Carlos César e António Costa têm discursos contraditórios sobre a bancarrota portuguesa?,,https://poligrafo.sapo.pt/fact-check/carlos-cesar-e-antonio-costa-tem-discursos-contraditorios-sobre-a-bancarrota-portuguesa,0,Polígrafo - SAPO,poligrafo.sapo.pt,2019-07-04 17:00:57,True,original
Empresa norte-americana vai construir campo de golfe em Grândola a 500 metros do oceano? (COM VÍDEO),Empresa norte-americana vai construir campo de golfe em Grândola a 500 metros do oceano? (COM VÍDEO),,https://poligrafo.sapo.pt/fact-check/empresa-norte-americana-vai-construir-campo-de-golfe-em-grandola-a-500-metros-do-oceano,0,Polígrafo - SAPO,poligrafo.sapo.pt,2021-06-07 07:59:52,True,original
"Coronavírus: ""Médicos já têm indicações"" sobre ""doentes que devem salvar"" em caso de falta de meios?","Coronavírus: ""Médicos já têm indicações"" sobre ""doentes que devem salvar"" em caso de falta de meios?",,https://poligrafo.sapo.pt/fact-check/coronavirus-medicos-ja-tem-indicacoes-sobre-doentes-que-devem-salvar-em-caso-de-falta-de-meios,0,Polígrafo - SAPO,poligrafo.sapo.pt,2020-11-10 15:00:30,True,original
Imagem viral que exibe contraste entre estradas portuguesa e espanhola na fronteira é autêntica?,Imagem viral que exibe contraste entre estradas portuguesa e espanhola na fronteira é autêntica?,,https://poligrafo.sapo.pt/fact-check/imagem-viral-que-exibe-contraste-entre-estradas-portuguesa-e-espanhola-na-fronteira-e-autentica,0,Polígrafo - SAPO,poligrafo.sapo.pt,2021-11-02 11:00:21,True,original
"Costa diz que há ""menos 400 mil portugueses em situação de pobreza ou exclusão social"". Correto? (Atualizado)","Costa diz que há ""menos 400 mil portugueses em situação de pobreza ou exclusão social"". Correto? (Atualizado)",,https://poligrafo.sapo.pt/fact-check/costa-diz-que-ha-menos-400-mil-portugueses-em-situacao-de-pobreza-ou-exclusao-social-correto-atualizado,0,Polígrafo - SAPO,poligrafo.sapo.pt,2022-01-18 08:00:00,True,original
Imagem de uma criança ucraniana com os contactos da família escritos nas costas é autêntica?,Imagem de uma criança ucraniana com os contactos da família escritos nas costas é autêntica?,,https://poligrafo.sapo.pt/fact-check/imagem-de-uma-crianca-ucraniana-com-os-contactos-da-familia-escritos-nas-costas-e-autentica,0,Polígrafo - SAPO,poligrafo.sapo.pt,2022-04-16 16:00:00,True,original
Lisboa. Vereador do PS que se demitiu após suspeitas de vacinação indevida regressou à autarquia como asses...,Lisboa. Vereador do PS que se demitiu após suspeitas de vacinação indevida regressou à autarquia como assessor?,,https://poligrafo.sapo.pt/fact-check/lisboa-vereador-do-ps-que-se-demitiu-apos-suspeitas-de-vacinacao-indevida-regressou-a-autarquia-como-assessor,0,Polígrafo - SAPO,poligrafo.sapo.pt,2022-01-20 11:00:00,False,original
Portugal é o primeiro país do mundo a instituir o Dia Nacional da Saúde Sexual?,Portugal é o primeiro país do mundo a instituir o Dia Nacional da Saúde Sexual?,,https://poligrafo.sapo.pt/fact-check/portugal-e-o-primeiro-pais-do-mundo-a-instituir-o-dia-nacional-da-saude-sexual,0,Polígrafo - SAPO,poligrafo.sapo.pt,2021-06-16 10:00:08,True,original
André Silva na SIC: Tribunal de Justiça da UE “acusou Portugal” pela não-implementação de medida pró-ambien...,André Silva na SIC: Tribunal de Justiça da UE “acusou Portugal” pela não-implementação de medida pró-ambientalista. Verdade? (COM VÍDEO),André Silva,https://poligrafo.sapo.pt/fact-check/andre-silva-na-sic-tribunal-de-justica-da-ue-acusou-portugal-pela-nao-implementacao-de-medida-pro-ambientalista-verdade,0,Polígrafo - SAPO,poligrafo.sapo.pt,2019-09-12 08:00:06,False,original
Imagem polémica de uma refeição servida aos bombeiros é real?,Imagem polémica de uma refeição servida aos bombeiros é real?,,https://poligrafo.sapo.pt/fact-check/4787,0,Polígrafo - SAPO,poligrafo.sapo.pt,2019-07-23 11:07:53,True,original
"FC Porto é o clube português que angariou mais pontos no ""ranking"" da UEFA nos últimos anos?","FC Porto é o clube português que angariou mais pontos no ""ranking"" da UEFA nos últimos anos?",,https://poligrafo.sapo.pt/fact-check/fc-porto-e-o-clube-portugues-que-angariou-mais-pontos-no-ranking-da-uefa-nos-ultimos-anos,0,Polígrafo - SAPO,poligrafo.sapo.pt,2021-03-14 15:00:54,True,original
A área ardida na Amazónia em 2019 já é maior do que em todo o ano de 2018? (COM VÍDEO),A área ardida na Amazónia em 2019 já é maior do que em todo o ano de 2018? (COM VÍDEO),,https://poligrafo.sapo.pt/fact-check/area-ardida-na-amazonia-em-2019-ja-e-maior-do-que-em-todo-o-ano-de-2018,0,Polígrafo - SAPO,poligrafo.sapo.pt,2019-09-04 10:40:16,True,original
"Debates TV. André Ventura: ""Há mais de 4 mil taxas em Portugal"". Confirma-se?","Debates TV. André Ventura: ""Há mais de 4 mil taxas em Portugal"". Confirma-se?",,https://poligrafo.sapo.pt/fact-check/debates-tv-andre-ventura-ha-mais-de-4-mil-taxas-em-portugal-confirma-se,0,Polígrafo - SAPO,poligrafo.sapo.pt,2021-01-13 11:00:33,True,original
Rita Rato foi escolhida para diretora do Museu do Aljube sem ter experiência em museologia?,Rita Rato foi escolhida para diretora do Museu do Aljube sem ter experiência em museologia?,,https://poligrafo.sapo.pt/fact-check/rita-rato-foi-escolhida-para-diretora-do-museu-do-aljube-sem-ter-experiencia-em-museologia,0,Polígrafo - SAPO,poligrafo.sapo.pt,2020-07-09 16:40:59,True,original
Faro espera há 20 anos pela construção do novo hospital?,Faro espera há 20 anos pela construção do novo hospital?,,https://poligrafo.sapo.pt/fact-check/faro-espera-ha-20-anos-pela-construcao-do-novo-hospital,0,Polígrafo - SAPO,poligrafo.sapo.pt,2021-09-03 18:00:21,True,original
Debates TV: Ventura assegura que Bloco de Esquerda votou contra a redução do salário dos políticos. Confirm...,Debates TV: Ventura assegura que Bloco de Esquerda votou contra a redução do salário dos políticos. Confirma-se?,,https://poligrafo.sapo.pt/fact-check/bloco-de-esquerda-votou-contra-a-reducao-do-salario-dos-politicos,0,Polígrafo - SAPO,poligrafo.sapo.pt,2021-01-08 09:00:09,False,original
Vídeo de captura de pombos com rede por parte da CML é autêntico?,Vídeo de captura de pombos com rede por parte da CML é autêntico?,,https://poligrafo.sapo.pt/fact-check/video-de-captura-de-pombos-com-rede-por-parte-da-cml-e-autentico,0,Polígrafo - SAPO,poligrafo.sapo.pt,2021-08-07 17:00:06,True,original
"Costa: ""Repusemos ao longo de quatro anos a totalidade de cortes que a direita tinha feito"" no SNS. Confirm...","Costa: ""Repusemos ao longo de quatro anos a totalidade de cortes que a direita tinha feito"" no SNS. Confirma-se?",,https://poligrafo.sapo.pt/fact-check/costa-repusemos-ao-longo-de-quatro-anos-a-totalidade-de-cortes-que-a-direita-tinha-feito-no-sns-confirma-se,0,Polígrafo - SAPO,poligrafo.sapo.pt,2021-08-28 13:03:07,False,original
O INEM tem 4 ambulâncias novas que estão paradas por motivos burocráticos?,O INEM tem 4 ambulâncias novas que estão paradas por motivos burocráticos?,,https://poligrafo.sapo.pt/fact-check/o-inem-tem-4-ambulancias-novas-que-estao-paradas-por-motivos-burocraticos,0,Polígrafo - SAPO,poligrafo.sapo.pt,2018-11-22 18:36:51,True,original
"Carlos César diz que PS é ""o único partido que apresenta candidaturas a todos os municípios"". Confirma-se?","Carlos César diz que PS é ""o único partido que apresenta candidaturas a todos os municípios"". Confirma-se?",,https://poligrafo.sapo.pt/fact-check/carlos-cesar-diz-que-ps-e-o-unico-partido-que-apresenta-candidaturas-a-todos-os-municipios-confirma-se,0,Polígrafo - SAPO,poligrafo.sapo.pt,2021-09-06 17:00:49,True,original
Ministro do Ambiente disse que o horário de trabalho dos motoristas em greve é superior a oito horas por dia?,Ministro do Ambiente disse que o horário de trabalho dos motoristas em greve é superior a oito horas por dia?,,https://poligrafo.sapo.pt/fact-check/ministro-do-ambiente-disse-que-o-horario-de-trabalho-dos-motoristas-em-greve-e-superior-a-oito-horas-por-dia,0,Polígrafo - SAPO,poligrafo.sapo.pt,2019-08-14 13:12:27,True,original
"Número de desempregados inscritos no IEFP em novembro aumentou 30,2% face ao período homólogo de 2019?","Número de desempregados inscritos no IEFP em novembro aumentou 30,2% face ao período homólogo de 2019?",,https://poligrafo.sapo.pt/fact-check/numero-de-desempregados-inscritos-no-iefp-em-novembro-aumentou-302-face-ao-periodo-homologo-de-2019,0,Polígrafo - SAPO,poligrafo.sapo.pt,2020-12-23 11:00:45,True,original
"Consumo de tabaco foi publicitado como ""recomendação dos médicos"" nas décadas de 1930 a 1950?","Consumo de tabaco foi publicitado como ""recomendação dos médicos"" nas décadas de 1930 a 1950?",,https://poligrafo.sapo.pt/fact-check/consumo-de-tabaco-foi-publicitado-como-recomendacao-dos-medicos-nas-decadas-de-1930-a-1950,0,Polígrafo - SAPO,poligrafo.sapo.pt,2021-03-08 15:00:05,True,original
Países europeus com maiores taxas de vacinação são os que registam menos mortes por Covid-19?,Países europeus com maiores taxas de vacinação são os que registam menos mortes por Covid-19?,,https://poligrafo.sapo.pt/fact-check/paises-europeus-com-maiores-taxas-de-vacinacao-sao-os-que-registam-menos-mortes-por-covid-19,0,Polígrafo - SAPO,poligrafo.sapo.pt,2021-11-28 18:00:21,True,original
"Salário médio em Portugal tem crescido ""pouco"" e ""aproxima-se"" do salário mínimo?","Salário médio em Portugal tem crescido ""pouco"" e ""aproxima-se"" do salário mínimo?",,https://poligrafo.sapo.pt/fact-check/salario-medio-em-portugal-tem-crescido-pouco-e-aproxima-se-do-salario-minimo,0,Polígrafo - SAPO,poligrafo.sapo.pt,2022-03-10 09:00:00,True,original
Taxa de IVA para as touradas é de 6% enquanto para os tratamentos veterinários é de 23%?,Taxa de IVA para as touradas é de 6% enquanto para os tratamentos veterinários é de 23%?,,https://poligrafo.sapo.pt/fact-check/taxa-de-iva-para-as-touradas-e-de-6-enquanto-para-os-tratamentos-veterinarios-e-de-23,0,Polígrafo - SAPO,poligrafo.sapo.pt,2019-08-03 08:00:14,True,original
Vídeo em que Xanana Gusmão esbofeteia dois timorenses (inclusive uma mulher) é autêntico? (COM VÍDEO),Vídeo em que Xanana Gusmão esbofeteia dois timorenses (inclusive uma mulher) é autêntico? (COM VÍDEO),,https://poligrafo.sapo.pt/fact-check/video-em-que-xanana-gusmao-esbofeteia-dois-timorenses-inclusive-uma-mulher-e-autentico,0,Polígrafo - SAPO,poligrafo.sapo.pt,2021-04-14 07:50:01,True,original
"Costa diz que aumento do salário mínimo em 2022 será ""o maior de sempre"". Confirma-se?","Costa diz que aumento do salário mínimo em 2022 será ""o maior de sempre"". Confirma-se?",,https://poligrafo.sapo.pt/fact-check/costa-diz-que-aumento-do-salario-minimo-em-2022-sera-o-maior-de-sempre-confirma-se,0,Polígrafo - SAPO,poligrafo.sapo.pt,2021-10-26 15:00:22,True,original
A subvenção vitalícia dos ex-políticos duplica de valor quando chegam aos 60 anos de idade? (COM VÍDEO),A subvenção vitalícia dos ex-políticos duplica de valor quando chegam aos 60 anos de idade? (COM VÍDEO),,https://poligrafo.sapo.pt/fact-check/a-subvencao-vitalicia-dos-ex-politicos-duplica-de-valor-quando-chegam-aos-60-anos-de-idade,0,Polígrafo - SAPO,poligrafo.sapo.pt,2019-08-20 10:18:40,True,original
Music-Check. Os Deep Purple apropriaram-se do tema “Hush”?,Music-Check. Os Deep Purple apropriaram-se do tema “Hush”?,,https://poligrafo.sapo.pt/fact-check/music-check-os-deep-purple-apropriaram-se-do-tema-hush,0,Polígrafo - SAPO,poligrafo.sapo.pt,2019-11-10 14:00:30,True,original
Imagens virais de recente tourada em Santarém são autênticas?,Imagens virais de recente tourada em Santarém são autênticas?,,https://poligrafo.sapo.pt/fact-check/imagens-virais-de-recente-tourada-em-santarem-sao-autenticas,0,Polígrafo - SAPO,poligrafo.sapo.pt,2020-09-28 18:00:49,True,original
"Music-Check. Cena do filme ""Frankenstein Júnior"" de 1974 inspirou música dos Aerosmith?","Music-Check. Cena do filme ""Frankenstein Júnior"" de 1974 inspirou música dos Aerosmith?",,https://poligrafo.sapo.pt/fact-check/music-check-cena-do-filme-frankenstein-junior-de-1974-inspirou-musica-dos-aerosmith,0,Polígrafo - SAPO,poligrafo.sapo.pt,2021-11-07 15:00:41,True,original
"Garante-se no Facebook: ""60% da população portuguesa vivia com menos de 27 euros por dia em 2019",Mais de 60% da população portuguesa vivia com menos de 27 euros por dia em 2019,,https://poligrafo.sapo.pt/fact-check/garante-se-no-facebook-60-da-populacao-portuguesa-vivia-com-menos-de-27-euros-por-dia-em-2019,0,Polígrafo - SAPO,poligrafo.sapo.pt,2022-05-06 14:00:00,False,original
"Costa diz que Cabrita foi o ministro da Administração Interna que ""mais tempo esteve em funções"". Confirma-se?","Costa diz que Cabrita foi o ministro da Administração Interna que ""mais tempo esteve em funções"". Confirma-se?",,https://poligrafo.sapo.pt/fact-check/costa-diz-que-cabrita-foi-o-ministro-da-administracao-interna-que-mais-tempo-esteve-em-funcoes-confirma-se,0,Polígrafo - SAPO,poligrafo.sapo.pt,2021-12-28 09:00:04,True,original
"Debates TV: Mayan diz que ""RSI dos ciganos"" custa menos do que ""calote de Vieira"" no Novo Banco. Confirma-se?","Debates TV: Mayan diz que ""RSI dos ciganos"" custa menos do que ""calote de Vieira"" no Novo Banco. Confirma-se?",,https://poligrafo.sapo.pt/fact-check/debates-tv-mayan-diz-que-rsi-dos-ciganos-custa-menos-do-que-calote-de-vieira-no-novo-banco-confirma-se,0,Polígrafo - SAPO,poligrafo.sapo.pt,2021-01-05 23:36:41,True,original
"Marques Mendes na SIC: ""A nossa Constituição não permite o internamento obrigatório em casos de emergência ...","Marques Mendes na SIC: ""A nossa Constituição não permite o internamento obrigatório em casos de emergência de saúde pública."" Será?",,https://poligrafo.sapo.pt/fact-check/marques-mendes-na-sic-a-nossa-constituicao-nao-permite-o-internamento-obrigatorio-em-casos-de-emergencia-de-saude-publica-sera,0,Polígrafo - SAPO,poligrafo.sapo.pt,2020-02-24 11:30:25,False,original
Novo Governo de Costa será o mais paritário de sempre entre homens e mulheres?,Novo Governo de Costa será o mais paritário de sempre entre homens e mulheres?,,https://poligrafo.sapo.pt/fact-check/novo-governo-de-costa-sera-o-mais-paritario-de-sempre-entre-homens-e-mulheres,0,Polígrafo - SAPO,poligrafo.sapo.pt,2019-10-21 15:27:04,True,original
"Polígrafo SIC: ""Não vou responder a essa pergunta porque não me apetece"", disse a ministra do Mar no Parlam...","Polígrafo SIC: ""Não vou responder a essa pergunta porque não me apetece"", disse a ministra do Mar no Parlamento. Verdade ou mentira?",,https://poligrafo.sapo.pt/fact-check/nao-vou-responder-a-essa-pergunta-porque-nao-me-apetece-disse-a-ministra-do-mar-no-parlamento-verdade-ou-mentira,0,Polígrafo - SAPO,poligrafo.sapo.pt,2019-04-23 14:40:00,False,original
"Cotrim de Figueiredo: ""Custo médio de um aluno no ensino público são 6.200 euros por ano."" Valor superior a...","Cotrim de Figueiredo: ""Custo médio de um aluno no ensino público são 6.200 euros por ano."" Valor superior ao cobrado nos privados?",,https://poligrafo.sapo.pt/fact-check/cotrim-de-figueiredo-custo-medio-de-um-aluno-no-ensino-publico-sao-6-200-euros-por-ano-valor-superior-ao-cobrado-nos-privados,0,Polígrafo - SAPO,poligrafo.sapo.pt,2022-01-11 09:00:00,False,original
Wikileaks: Relator da ONU garantiu que Suécia inventou violações para que os EUA prendessem Julian Assange?,Wikileaks: Relator da ONU garantiu que Suécia inventou violações para que os EUA prendessem Julian Assange?,,https://poligrafo.sapo.pt/fact-check/relator-da-onu-afirma-que-suecia-fabricou-violacoes-para-que-os-estados-unidos-prendessem-assange,0,Polígrafo - SAPO,poligrafo.sapo.pt,2020-02-23 20:09:41,True,original
"Vieira da Silva investiu ""dinheiro da Segurança Social numa empresa privada"" e ""perdeu 19 milhões de euros""?","Vieira da Silva investiu ""dinheiro da Segurança Social numa empresa privada"" e ""perdeu 19 milhões de euros""?",,https://poligrafo.sapo.pt/fact-check/vieira-da-silva-investiu-dinheiro-da-seguranca-social-numa-empresa-privada-e-perdeu-19-milhoes-de-euros,0,Polígrafo - SAPO,poligrafo.sapo.pt,2019-06-14 08:00:29,True,original
"Investimento público ""per capita"" em Portugal é o terceiro mais baixo da UE?","Investimento público ""per capita"" em Portugal é o terceiro mais baixo da UE?",,https://poligrafo.sapo.pt/fact-check/investimento-publico-per-capita-em-portugal-e-o-terceiro-mais-baixo-da-ue,0,Polígrafo - SAPO,poligrafo.sapo.pt,2019-12-02 14:00:21,True,original
"Só nos gozam"". Orçamento do Estado para 2022 atribui mais 990 milhões de euros à TAP?","Só nos gozam"". Orçamento do Estado para 2022 atribui mais 990 milhões de euros à TAP?",,https://poligrafo.sapo.pt/fact-check/so-nos-gozam-orcamento-do-estado-para-2022-atribui-mais-990-milhoes-de-euros-a-tap,0,Polígrafo - SAPO,poligrafo.sapo.pt,2022-04-24 18:00:00,True,original
"Governo deu 10 milhões de euros ao setor da caça"", tal como salientou Inês de Sousa Real?","Governo deu 10 milhões de euros ao setor da caça"", tal como salientou Inês de Sousa Real?",,https://poligrafo.sapo.pt/fact-check/governo-deu-10-milhoes-de-euros-ao-setor-da-caca-tal-como-salientou-ines-sousa-real,0,Polígrafo - SAPO,poligrafo.sapo.pt,2022-01-05 09:00:27,True,original
"Debates TV. Ana Gomes: ""Chega defende a abolição da escola pública"". Verdadeiro ou falso?","Debates TV. Ana Gomes: ""Chega defende a abolição da escola pública"". Verdadeiro ou falso?",,https://poligrafo.sapo.pt/fact-check/debates-tv-chega-defende-a-abolicao-da-escola-publica,0,Polígrafo - SAPO,poligrafo.sapo.pt,2021-01-09 11:30:41,True,original
João Oliveira recorda que PSD votou contra redução do preço dos passes sociais. É verdade?,João Oliveira recorda que PSD votou contra redução do preço dos passes sociais. É verdade?,,https://poligrafo.sapo.pt/fact-check/joao-oliveira-recorda-que-psd-votou-contra-reducao-do-preco-dos-passes-sociais-e-verdade,0,Polígrafo - SAPO,poligrafo.sapo.pt,2022-01-13 11:00:00,True,original
"Líder do partido espanhol Unidas Podemos comprou uma mansão por ""mais de meio milhão de euros""?","Líder do partido espanhol Unidas Podemos comprou uma mansão por ""mais de meio milhão de euros""?",,https://poligrafo.sapo.pt/fact-check/lider-do-partido-espanhol-unidas-podemos-comprou-uma-mansao-por-mais-de-meio-milhao-de-euros,0,Polígrafo - SAPO,poligrafo.sapo.pt,2020-01-14 11:00:22,True,original
"Catarina Martins: ""O quadriénio em que Portugal cresceu mais desde a entrada no Euro foi entre 2015 e 2019""...","Catarina Martins: ""O quadriénio em que Portugal cresceu mais desde a entrada no Euro foi entre 2015 e 2019"". Confirma-se?",,https://poligrafo.sapo.pt/fact-check/catarina-martins-o-quadrienio-em-que-portugal-cresceu-mais-desde-a-entrada-no-euro-foi-entre-2015-e-2019-confirma-se,0,Polígrafo - SAPO,poligrafo.sapo.pt,2022-01-06 13:00:43,False,original
"Tarifa social da Internet só entrará em vigor ""quando acabarem as aulas"" em junho? (COM VÍDEO)","Tarifa social da Internet só entrará em vigor ""quando acabarem as aulas"" em junho? (COM VÍDEO)",,https://poligrafo.sapo.pt/fact-check/tarifa-social-da-internet-so-entrara-em-vigor-quando-acabarem-as-aulas-em-junho,0,Polígrafo - SAPO,poligrafo.sapo.pt,2021-02-12 09:00:45,True,original
Assembleia da República assinou um contrato de 276 mil euros com uma empresa de motoristas?,Assembleia da República assinou um contrato de 276 mil euros com uma empresa de motoristas?,,https://poligrafo.sapo.pt/fact-check/assembleia-da-republica-assinou-um-contrato-de-276-mil-euros-com-uma-empresa-de-motoristas,0,Polígrafo - SAPO,poligrafo.sapo.pt,2019-12-14 09:00:35,True,original
"Debates na TV: Ventura diz que Vara está preso e recebe ""subvenção vitalícia acima de dois mil euros"". Conf...","Debates na TV: Ventura diz que Vara está preso e recebe ""subvenção vitalícia acima de dois mil euros"". Confirma-se?",,https://poligrafo.sapo.pt/fact-check/debates-na-tv-ventura-diz-que-vara-esta-preso-e-recebe-subvencao-vitalicia-acima-de-dois-mil-euros-confirma-se,0,Polígrafo - SAPO,poligrafo.sapo.pt,2021-01-05 11:00:28,False,original
"Em Portugal há ""pelo menos 3.500 taxas cobradas por apenas 25 entidades públicas""?","Em Portugal há ""pelo menos 3.500 taxas cobradas por apenas 25 entidades públicas""?",,https://poligrafo.sapo.pt/fact-check/em-portugal-ha-pelo-menos-3-500-taxas-cobradas-por-apenas-25-entidades-publicas,0,Polígrafo - SAPO,poligrafo.sapo.pt,2021-10-27 16:15:03,True,original
Preços de eletricidade e combustíveis em Portugal sobressaem entre os mais altos da Europa?,Preços de eletricidade e combustíveis em Portugal sobressaem entre os mais altos da Europa?,,https://poligrafo.sapo.pt/fact-check/precos-de-eletricidade-e-combustiveis-em-portugal-sobressaem-entre-os-mais-altos-da-europa,0,Polígrafo - SAPO,poligrafo.sapo.pt,2022-02-19 09:00:00,True,original
Empresas como a Glovo e Uber Eats cobram taxas de 35% aos restaurantes?,Empresas como a Glovo e Uber Eats cobram taxas de 35% aos restaurantes?,,https://poligrafo.sapo.pt/fact-check/empresas-como-a-glovo-e-uber-eats-cobram-taxas-de-35-aos-restaurantes,0,Polígrafo - SAPO,poligrafo.sapo.pt,2020-12-04 17:30:47,True,original
"Um povo ignorante é o instrumento cego da sua própria destruição"". Bolívar fez esta afirmação?","Um povo ignorante é o instrumento cego da sua própria destruição"". Bolívar fez esta afirmação?",,https://poligrafo.sapo.pt/fact-check/um-povo-ignorante-e-o-instrumento-cego-da-sua-propria-destruicao-bolivar-fez-esta-afirmacao,0,Polígrafo - SAPO,poligrafo.sapo.pt,2022-02-05 11:40:00,True,original
Governo Regional da Madeira gastou mais de 10 mil euros na compra de um mastro para bandeira?,Governo Regional da Madeira gastou mais de 10 mil euros na compra de um mastro para bandeira?,,https://poligrafo.sapo.pt/fact-check/governo-regional-da-madeira-gastou-mais-de-10-mil-euros-na-compra-de-um-mastro-para-bandeira,0,Polígrafo - SAPO,poligrafo.sapo.pt,2021-05-12 17:30:11,True,original
Médico de família para todos os portugueses é uma promessa com mais de 30 anos?,Médico de família para todos os portugueses é uma promessa com mais de 30 anos?,,https://poligrafo.sapo.pt/fact-check/medico-de-familia-para-todos-os-portugueses-e-uma-promessa-com-mais-de-30-anos,0,Polígrafo - SAPO,poligrafo.sapo.pt,2022-02-12 09:00:00,True,original
PCP exige mudar leis laborais para aprovar OE2022 após ter defendido que essas matérias não se deviam mistu...,PCP exige mudar leis laborais para aprovar OE2022 após ter defendido que essas matérias não se deviam misturar?,,https://poligrafo.sapo.pt/fact-check/pcp-exige-mudar-leis-laborais-para-aprovar-oe2022-apos-ter-defendido-que-essas-materias-nao-se-deviam-misturar,0,Polígrafo - SAPO,poligrafo.sapo.pt,2021-10-18 14:00:55,False,original
"DEBATES AUTÁRQUICAS. ""O Porto tem percentagem de envelhecimento da população superior à média nacional"". Co...","DEBATES AUTÁRQUICAS. ""O Porto tem percentagem de envelhecimento da população superior à média nacional"". Confirma-se?",,https://poligrafo.sapo.pt/fact-check/debates-autarquicas-o-porto-tem-percentagem-de-envelhecimento-da-populacao-superior-a-media-nacional-confirma-se,0,Polígrafo - SAPO,poligrafo.sapo.pt,2021-09-15 14:00:57,False,original
Arroios. Estação de metro apresenta falta de acabamentos apesar de ter sido inaugurada em setembro?,Arroios. Estação de metro apresenta falta de acabamentos apesar de ter sido inaugurada em setembro?,,https://poligrafo.sapo.pt/fact-check/arroios-estacao-de-metro-apresenta-falta-de-acabamentos-apesar-de-ter-sido-inaugurada-em-setembro,0,Polígrafo - SAPO,poligrafo.sapo.pt,2021-10-29 10:00:46,True,original
App STAYAWAY COVID não é compatível com alguns smartphones?,App STAYAWAY COVID não é compatível com alguns smartphones?,,https://poligrafo.sapo.pt/fact-check/app-stayaway-covid-nao-e-compativel-com-alguns-smartphones,0,Polígrafo - SAPO,poligrafo.sapo.pt,2020-09-03 18:45:40,True,original
Condomínio em Coimbra instalou cancelas ilegais em estacionamento público?,Condomínio em Coimbra instalou cancelas ilegais em estacionamento público?,,https://poligrafo.sapo.pt/fact-check/condominio-em-coimbra-instalou-cancelas-ilegais-em-estacionamento-publico,0,Polígrafo - SAPO,poligrafo.sapo.pt,2021-04-23 17:00:27,True,original
Ventura quer limitar relações familiares na política mas contratou pai de deputada para assessor do Chega?,Ventura quer limitar relações familiares na política mas contratou pai de deputada para assessor do Chega?,,https://poligrafo.sapo.pt/fact-check/ventura-quer-limitar-relacoes-familiares-na-politica-mas-contratou-pai-de-deputada-para-assessor-do-chega,0,Polígrafo - SAPO,poligrafo.sapo.pt,2022-04-25 10:00:00,True,original
Sexo no comboio: Joacine Katar Moreira convidou quem nunca tenha feito “sexo ao ar livre” para a deixar de ...,Sexo no comboio: Joacine Katar Moreira convidou quem nunca tenha feito “sexo ao ar livre” para a deixar de seguir no Twitter?,,https://poligrafo.sapo.pt/fact-check/sexo-no-comboio-joacine-katar-moreira-convidou-quem-nunca-tenha-feito-sexo-ao-ar-livre-para-a-deixar-de-seguir-no-twitter,0,Polígrafo - SAPO,poligrafo.sapo.pt,2020-10-05 10:30:17,False,original
Desigualdade de género: As mulheres estão sub-representadas na Wikipédia?,Desigualdade de género: As mulheres estão sub-representadas na Wikipédia?,,https://poligrafo.sapo.pt/fact-check/desigualdade-de-genero-as-mulheres-estao-sub-representadas-na-wikipedia,0,Polígrafo - SAPO,poligrafo.sapo.pt,2020-06-30 12:57:21,True,original
Braga. Ricardo Rio foi multado depois de exibir vídeo no centro de vacinação e cartazes a anunciar obras da...,Braga. Ricardo Rio foi multado depois de exibir vídeo no centro de vacinação e cartazes a anunciar obras da Câmara?,,https://poligrafo.sapo.pt/fact-check/braga-ricardo-rio-foi-multado-depois-de-video-no-centro-de-vacinacao-e-cartazes-a-anunciar-obras-da-camara,0,Polígrafo - SAPO,poligrafo.sapo.pt,2021-09-02 18:30:26,False,original
"Mário Machado está a pedir que não entreguem o ""assassino"" de Vilamoura às autoridades?","Mário Machado está a pedir que não entreguem o ""assassino"" de Vilamoura às autoridades?",,https://poligrafo.sapo.pt/fact-check/mario-machado-esta-a-pedir-que-nao-entreguem-o-assassino-de-vilamoura-as-autoridades,0,Polígrafo - SAPO,poligrafo.sapo.pt,2019-08-24 12:39:25,True,original
Aliança escolheu toureiro como candidato a deputado à Assembleia da República? (COM VÍDEO),Aliança escolheu toureiro como candidato a deputado à Assembleia da República? (COM VÍDEO),,https://poligrafo.sapo.pt/fact-check/alianca-escolheu-toureiro-como-candidato-a-deputado-a-assembleia-da-republica,0,Polígrafo - SAPO,poligrafo.sapo.pt,2019-07-15 16:31:53,True,original
Governo prometeu entregar computadores a todos os alunos e ainda não cumpriu?,Governo prometeu entregar computadores a todos os alunos e ainda não cumpriu?,,https://poligrafo.sapo.pt/fact-check/governo-prometeu-entregar-computadores-a-todos-os-alunos-e-ainda-nao-cumpriu,0,Polígrafo - SAPO,poligrafo.sapo.pt,2021-01-20 18:10:35,True,original
O confinamento e a pandemia podem influenciar os nossos sonhos?,O confinamento e a pandemia podem influenciar os nossos sonhos?,,https://poligrafo.sapo.pt/fact-check/o-confinamento-e-a-pandemia-podem-influenciar-os-nossos-sonhos,0,Polígrafo - SAPO,poligrafo.sapo.pt,2020-07-12 15:00:43,True,original
Curso online promove terapia de conversão de homossexuais?,Curso online promove terapia de conversão de homossexuais?,,https://poligrafo.sapo.pt/fact-check/curso-online-promove-terapia-de-conversao-de-homossexuais,0,Polígrafo - SAPO,poligrafo.sapo.pt,2020-01-25 13:34:57,True,original
"Publicação que localiza os ""50 radares SINCRO"" nas estradas portuguesas está correta?","Publicação que localiza os ""50 radares SINCRO"" nas estradas portuguesas está correta?",,https://poligrafo.sapo.pt/fact-check/publicacao-que-localiza-os-50-radares-sincro-nas-estradas-portuguesas-esta-correta,0,Polígrafo - SAPO,poligrafo.sapo.pt,2020-03-02 09:00:58,True,original
António Costa prometeu que todos os portugueses teriam um médico de família mas não cumpriu? (COM VÍDEO),António Costa prometeu que todos os portugueses teriam um médico de família mas não cumpriu? (COM VÍDEO),,https://poligrafo.sapo.pt/fact-check/antonio-costa-prometeu-que-todos-os-portugueses-teriam-um-medico-de-familia-mas-nao-cumpriu,0,Polígrafo - SAPO,poligrafo.sapo.pt,2020-01-20 08:44:55,True,original
"O partido Chega elegeu tantos deputados como o PCP, BE e Livre todos juntos?","O partido Chega elegeu tantos deputados como o PCP, BE e Livre todos juntos?",,https://poligrafo.sapo.pt/fact-check/o-partido-chega-elegeu-tantos-deputados-como-o-pcp-be-e-livre-todos-juntos,0,Polígrafo - SAPO,poligrafo.sapo.pt,2022-02-07 18:00:00,True,original
A sinistralidade rodoviária está a agravar-se em 2019 com mais mortos e feridos? (COM VÍDEO),A sinistralidade rodoviária está a agravar-se em 2019 com mais mortos e feridos? (COM VÍDEO),,https://poligrafo.sapo.pt/fact-check/a-sinistralidade-rodoviaria-esta-a-agravar-se-com-mais-mortos-e-feridos,0,Polígrafo - SAPO,poligrafo.sapo.pt,2019-06-24 08:00:11,True,original
"Cine-Check. O número 42 aparece diversas vezes no filme ""Shining"" de Stanley Kubrick?","Cine-Check. O número 42 aparece diversas vezes no filme ""Shining"" de Stanley Kubrick?",,https://poligrafo.sapo.pt/fact-check/o-numero-42-aparece-diversas-vezes-no-filme-shining-de-stanley-kubrick,0,Polígrafo - SAPO,poligrafo.sapo.pt,2021-11-14 15:00:51,True,original
Governo revogou descontos anteriores para implementar redução de 50% nas ex-SCUT?,Governo revogou descontos anteriores para implementar redução de 50% nas ex-SCUT?,,https://poligrafo.sapo.pt/fact-check/governo-revogou-descontos-anteriores-para-implementar-reducao-de-50-nas-ex-scut,0,Polígrafo - SAPO,poligrafo.sapo.pt,2021-07-02 18:44:32,True,original
Imagem de praia com instalação de acesso para pessoas com mobilidade reduzida é autêntica? (COM VÍDEO),Imagem de praia com instalação de acesso para pessoas com mobilidade reduzida é autêntica? (COM VÍDEO),,https://poligrafo.sapo.pt/fact-check/imagem-de-praia-com-instalacao-de-acesso-para-pessoas-com-mobilidade-reduzida-e-autentica,0,Polígrafo - SAPO,poligrafo.sapo.pt,2020-08-12 08:00:44,True,original
Contratação de Rúben Amorim custou mais do que a construção do Pavilhão João Rocha?,Contratação de Rúben Amorim custou mais do que a construção do Pavilhão João Rocha?,,https://poligrafo.sapo.pt/fact-check/contratacao-de-ruben-amorim-custou-mais-do-que-a-construcao-do-pavilhao-joao-rocha,0,Polígrafo - SAPO,poligrafo.sapo.pt,2020-03-11 13:41:53,True,original
"Mais de metade dos homens retratados na ""Declaração da Independência"" dos EUA eram proprietários de escravos?","Mais de metade dos homens retratados na ""Declaração da Independência"" dos EUA eram proprietários de escravos?",,https://poligrafo.sapo.pt/fact-check/mais-de-metade-dos-homens-retratados-na-declaracao-da-independencia-dos-eua-eram-proprietarios-de-escravos,0,Polígrafo - SAPO,poligrafo.sapo.pt,2021-07-08 17:00:57,True,original
Sacos de areia em praia na Póvoa de Varzim constituem perigo ambiental?,Sacos de areia em praia na Póvoa de Varzim constituem perigo ambiental?,,https://poligrafo.sapo.pt/fact-check/sacos-de-areia-em-praia-na-povoa-de-varzim-constituem-perigo-ambiental,0,Polígrafo - SAPO,poligrafo.sapo.pt,2021-04-09 10:00:34,True,original
GNR utiliza automóvel de alta cilindrada apreendido em crime fiscal para transporte de órgãos? (COM VÍDEO),GNR utiliza automóvel de alta cilindrada apreendido em crime fiscal para transporte de órgãos? (COM VÍDEO),,https://poligrafo.sapo.pt/fact-check/gnr-utiliza-automovel-de-alta-cilindrada-apreendido-em-crime-fiscal-para-transporte-de-orgaos,0,Polígrafo - SAPO,poligrafo.sapo.pt,2021-03-12 15:00:02,True,original
"Câmara do Seixal contratou candidato derrotado a Junta de Freguesia, do mesmo partido, dois meses após autá...","Câmara do Seixal contratou candidato derrotado a Junta de Freguesia, do mesmo partido, dois meses após autárquicas?",,https://poligrafo.sapo.pt/fact-check/camara-do-seixal-contratou-candidato-derrotado-a-junta-de-freguesia-do-mesmo-partido-dois-meses-apos-autarquicas,0,Polígrafo - SAPO,poligrafo.sapo.pt,2022-02-14 09:00:00,False,original
Rui Rio é o primeiro líder do PSD a enfrentar um processo disciplinar? (COM VÍDEO),Rui Rio é o primeiro líder do PSD a enfrentar um processo disciplinar? (COM VÍDEO),,https://poligrafo.sapo.pt/fact-check/rui-rio-e-o-primeiro-lider-do-psd-a-enfrentar-um-processo-disciplinar,0,Polígrafo - SAPO,poligrafo.sapo.pt,2021-04-28 10:00:43,True,original
Marcelo Rebelo de Sousa já fez mais de 50 viagens em três anos como Presidente da República?,Marcelo Rebelo de Sousa já fez mais de 50 viagens em três anos como Presidente da República?,,https://poligrafo.sapo.pt/fact-check/marcelo-rebelo-de-sousa-ja-fez-mais-de-50-viagens-oficiais-em-tres-anos-como-presidente-da-republica,0,Polígrafo - SAPO,poligrafo.sapo.pt,2019-06-20 08:00:33,True,original
"Oeiras gastou 20 mil euros em bolos-rei? Sim, mas para oferecer aos mais carenciados","Oeiras gastou 20 mil euros em bolos-rei? Sim, mas para oferecer aos mais carenciados",,https://poligrafo.sapo.pt/fact-check/oeiras-gastou-20-mil-euros-em-bolos-rei-sim-mas-para-oferecer-aos-mais-carenciados,0,Polígrafo - SAPO,poligrafo.sapo.pt,2021-12-11 11:00:34,True,original
Serviço de Ortopedia do Hospital de Portalegre tem buracos no chão? (COM VÍDEO),Serviço de Ortopedia do Hospital de Portalegre tem buracos no chão? (COM VÍDEO),,https://poligrafo.sapo.pt/fact-check/servico-de-ortopedia-do-hospital-dr-jose-maria-grande-tem-buracos-no-chao,0,Polígrafo - SAPO,poligrafo.sapo.pt,2020-01-08 09:00:24,True,original
"A dívida pública ""bateu um novo recorde em maio"" e ""chegou aos 252,5 mil milhões de euros""?","A dívida pública ""bateu um novo recorde em maio"" e ""chegou aos 252,5 mil milhões de euros""?",,https://poligrafo.sapo.pt/fact-check/a-divida-publica-bateu-um-novo-recorde-em-maio-e-chegou-aos-2525-mil-milhoes-de-euros,0,Polígrafo - SAPO,poligrafo.sapo.pt,2019-07-03 10:00:29,True,original
Bragança está a 35 quilómetros de estação de alta velocidade espanhola mas não tem ligação ferroviária?,Bragança está a 35 quilómetros de estação de alta velocidade espanhola mas não tem ligação ferroviária?,,https://poligrafo.sapo.pt/fact-check/braganca-esta-a-50-quilometros-de-estacao-de-alta-velocidade-espanhola-mas-nao-tem-ligacao-ferroviaria,0,Polígrafo - SAPO,poligrafo.sapo.pt,2021-07-26 14:00:45,True,original
É crime alguém que não seja polícia usar no espaço público peças da farda da PSP?,É crime alguém que não seja polícia usar no espaço público peças da farda da PSP?,,https://poligrafo.sapo.pt/fact-check/e-crime-alguem-que-nao-seja-policia-usar-no-espaco-publico-pecas-da-farda-da-psp,0,Polígrafo - SAPO,poligrafo.sapo.pt,2021-05-22 18:00:46,True,original
Secretária de Estado da Educação admitiu em 2017 recuperar tempo de serviço dos professores?,Secretária de Estado da Educação admitiu em 2017 recuperar tempo de serviço dos professores?,,https://poligrafo.sapo.pt/fact-check/secretaria-de-estado-da-educacao-garantiu-em-2017-que-seria-recuperado-todo-o-tempo-de-servico-dos-professores,0,Polígrafo - SAPO,poligrafo.sapo.pt,2019-05-04 17:00:28,True,original
Imagem de Jerónimo de Sousa com Luís Filipe Vieira na Festa do “Avante!” é autêntica?,Imagem de Jerónimo de Sousa com Luís Filipe Vieira na Festa do “Avante!” é autêntica?,,https://poligrafo.sapo.pt/fact-check/imagem-de-jeronimo-de-sousa-com-luis-filipe-vieira-na-festa-do-avante-e-autentica,0,Polígrafo - SAPO,poligrafo.sapo.pt,2020-09-17 18:00:25,True,original
"Câmara de Braga pagou 86 mil euros ao presidente da empresa que atribuiu prémio de ""Melhor Destino Europeu""...","Câmara de Braga pagou 86 mil euros ao presidente da empresa que atribuiu prémio de ""Melhor Destino Europeu""? (COM VÍDEO)",,https://poligrafo.sapo.pt/fact-check/camara-de-braga-pagou-86-mil-euros-ao-presidente-da-empresa-que-atribuiu-premio-de-melhor-destino-europeu,0,Polígrafo - SAPO,poligrafo.sapo.pt,2021-04-05 07:45:27,False,original
Gritar ou cantar alto aumenta a possibilidade de transmissão do novo coronavírus?,Gritar ou cantar alto aumenta a possibilidade de transmissão do novo coronavírus?,,https://poligrafo.sapo.pt/fact-check/gritar-ou-cantar-alto-aumenta-a-possibilidade-de-transmissao-do-novo-coronavirus,0,Polígrafo - SAPO,poligrafo.sapo.pt,2020-09-06 18:45:50,True,original
Ventura foi segundo mais votado nos concelhos com maior concentração de pessoas de etnia cigana?,Ventura foi segundo mais votado nos concelhos com maior concentração de pessoas de etnia cigana?,,https://poligrafo.sapo.pt/fact-check/ventura-foi-segundo-mais-votado-nos-concelhos-com-maior-concentracao-de-pessoas-de-etnia-cigana,0,Polígrafo - SAPO,poligrafo.sapo.pt,2021-01-28 11:00:23,True,original
Centeno destaca que rácio da dívida pública caiu 10 pontos percentuais desde 2016. Confirma-se?,Centeno destaca que rácio da dívida pública caiu 10 pontos percentuais desde 2016. Confirma-se?,,https://poligrafo.sapo.pt/fact-check/centeno-destaca-que-racio-da-divida-publica-caiu-10-pontos-percentuais-desde-2016-confirma-se,0,Polígrafo - SAPO,poligrafo.sapo.pt,2019-04-15 12:49:51,True,original
Nomeação de Mário Centeno como governador do Banco de Portugal seria geradora de conflitos de interesses?,Nomeação de Mário Centeno como governador do Banco de Portugal seria geradora de conflitos de interesses?,,https://poligrafo.sapo.pt/fact-check/nomeacao-de-mario-centeno-como-governador-do-banco-de-portugal-seria-geradora-de-conflitos-de-interesses,0,Polígrafo - SAPO,poligrafo.sapo.pt,2020-02-17 08:46:28,True,original
"Reformada com 80 anos foi multada pela PSP por ""tomar pequeno-almoço nas imediações de um café""?","Reformada com 80 anos foi multada pela PSP por ""tomar pequeno-almoço nas imediações de um café""?",,https://poligrafo.sapo.pt/fact-check/reformada-com-80-anos-foi-multada-pela-psp-por-tomar-pequeno-almoco-nas-imediacoes-de-um-cafe,0,Polígrafo - SAPO,poligrafo.sapo.pt,2021-03-31 14:00:02,True,original
Carregar carro elétrico na rede pública fica mais caro do que encher depósito de gasolina?,Carregar carro elétrico na rede pública fica mais caro do que encher depósito de gasolina?,,https://poligrafo.sapo.pt/fact-check/carregar-carro-eletrico-na-rede-publica-fica-mais-caro-do-que-encher-deposito-de-gasolina,0,Polígrafo - SAPO,poligrafo.sapo.pt,2022-02-08 15:00:00,True,original
André Ventura recebeu mais de 146 mil euros em subvenção estatal das eleições presidenciais? (COM VÍDEO),André Ventura recebeu mais de 146 mil euros em subvenção estatal das eleições presidenciais? (COM VÍDEO),,https://poligrafo.sapo.pt/fact-check/andre-ventura-recebeu-mais-de-146-mil-euros-em-subvencao-estatal-das-eleicoes-presidenciais,0,Polígrafo - SAPO,poligrafo.sapo.pt,2021-07-23 10:00:48,True,original
"É verdade que Tiago Brandão Rodrigues ""desaparece"" durante as crises na educação?","É verdade que Tiago Brandão Rodrigues ""desaparece"" durante as crises na educação?",,https://poligrafo.sapo.pt/fact-check/tiago-brandao-rodrigues-ausenta-se-durante-as-crises-na-educacao,0,Polígrafo - SAPO,poligrafo.sapo.pt,2019-05-15 11:24:58,True,original
A maior parte dos utentes do Serviço Nacional de Saúde tem isenção do pagamento de taxas moderadoras?,A maior parte dos utentes do Serviço Nacional de Saúde tem isenção do pagamento de taxas moderadoras?,,https://poligrafo.sapo.pt/fact-check/a-maior-parte-dos-utentes-do-servico-nacional-de-saude-tem-isencao-do-pagamento-de-taxas-moderadoras,0,Polígrafo - SAPO,poligrafo.sapo.pt,2019-06-16 08:00:07,True,original
"Guardia Civil de Espanha utiliza ""drones"" para detetar infrações de veículos nas estradas?","Guardia Civil de Espanha utiliza ""drones"" para detetar infrações de veículos nas estradas?",,https://poligrafo.sapo.pt/fact-check/guardia-civil-de-espanha-utiliza-drones-para-detetar-infracoes-de-veiculos-nas-estradas,0,Polígrafo - SAPO,poligrafo.sapo.pt,2022-02-02 15:00:00,True,original
"Candidatos do partido Podemos de Espanha foram ""detidos por produzirem droga""?","Candidatos do partido Podemos de Espanha foram ""detidos por produzirem droga""?",,https://poligrafo.sapo.pt/fact-check/candidatos-do-partido-podemos-de-espanha-foram-detidos-por-produzirem-droga,0,Polígrafo - SAPO,poligrafo.sapo.pt,2019-05-20 07:30:18,True,original
WhatsApp-Check. Ana Gomes questionou se transferência de Félix seria “negócio de lavandaria”. Benfica vai p...,WhatsApp-Check. Ana Gomes questionou se transferência de Félix seria “negócio de lavandaria”. Benfica vai processá-la?,,https://poligrafo.sapo.pt/fact-check/whastapp-check-ana-gomes-questionou-se-transferencia-de-felix-seria-negocio-de-lavandaria-benfica-vai-processa-la,0,Polígrafo - SAPO,poligrafo.sapo.pt,2019-07-06 18:00:37,False,original
Vereador da Câmara de Coimbra celebrou contratos superiores a 200 mil euros com empresa do filho?,Vereador da Câmara de Coimbra celebrou contratos superiores a 200 mil euros com empresa do filho?,,https://poligrafo.sapo.pt/fact-check/vereador-da-camara-de-coimbra-celebrou-contratos-superiores-a-200-mil-euros-com-empresa-do-filho,0,Polígrafo - SAPO,poligrafo.sapo.pt,2021-03-01 16:25:38,True,original
Lei que proibia as mulheres de vestirem calças em França só foi abolida em 2013?,Lei que proibia as mulheres de vestirem calças em França só foi abolida em 2013?,,https://poligrafo.sapo.pt/fact-check/lei-que-proibia-as-mulheres-de-vestirem-calcas-em-franca-so-foi-abolida-em-2013,0,Polígrafo - SAPO,poligrafo.sapo.pt,2021-07-25 13:30:43,True,original
"PSP publicou aviso no Facebook em que se identifica com os vilões imperialistas da saga ""A Guerra das Estre...","PSP publicou aviso no Facebook em que se identifica com os vilões imperialistas da saga ""A Guerra das Estrelas""?",,https://poligrafo.sapo.pt/fact-check/psp-publicou-aviso-no-facebook-em-que-se-identifica-com-os-viloes-imperialistas-da-saga-a-guerra-das-estrelas,0,Polígrafo - SAPO,poligrafo.sapo.pt,2019-12-19 18:14:48,False,original
"Secretário do Comércio dos EUA disse que coronavírus vai ""acelerar retorno de empregos"" à América do Norte?","Secretário do Comércio dos EUA disse que coronavírus vai ""acelerar retorno de empregos"" à América do Norte?",,https://poligrafo.sapo.pt/fact-check/secretario-do-comercio-dos-eua-disse-que-coronavirus-vai-acelerar-retorno-de-empregos-a-america-do-norte,0,Polígrafo - SAPO,poligrafo.sapo.pt,2020-02-02 11:00:04,True,original
"Nuno Melo tem o QI de um saca rolhas"" (...) ""Era tantas naqueles cornos."" João Quadros escreveu isto?","Nuno Melo tem o QI de um saca rolhas"" (...) ""Era tantas naqueles cornos."" João Quadros escreveu isto?",,https://poligrafo.sapo.pt/fact-check/nuno-melo-tem-o-qi-de-um-saca-rolhas-era-tantas-naqueles-cornos-joao-quadros-escreveu-isto,0,Polígrafo - SAPO,poligrafo.sapo.pt,2019-05-30 17:27:52,True,original
Fotografia de campanha eleitoral do Chega foi retirada de um banco de imagens?,Fotografia de campanha eleitoral do Chega foi retirada de um banco de imagens?,,https://poligrafo.sapo.pt/fact-check/fotografia-de-campanha-eleitoral-do-chega-foi-retirada-de-um-banco-de-imagens,0,Polígrafo - SAPO,poligrafo.sapo.pt,2021-09-10 10:00:59,True,original
Music-Check. Michael Jackson quis comprar a Marvel?,Music-Check. Michael Jackson quis comprar a Marvel?,,https://poligrafo.sapo.pt/fact-check/music-check-michael-jackson-quis-comprar-a-marvel,0,Polígrafo - SAPO,poligrafo.sapo.pt,2019-08-18 17:00:50,True,original
Coronavírus: Porto é a cidade portuguesa com maior número de infetados? (COM VÍDEO),Coronavírus: Porto é a cidade portuguesa com maior número de infetados? (COM VÍDEO),,https://poligrafo.sapo.pt/fact-check/coronavirus-porto-e-a-cidade-portuguesa-com-maior-numero-de-infetados,0,Polígrafo - SAPO,poligrafo.sapo.pt,2020-04-15 07:53:42,True,original
Jair Bolsonaro foi ungido por Edir Macedo na Igreja Universal do Reino de Deus?,Jair Bolsonaro foi ungido por Edir Macedo na Igreja Universal do Reino de Deus?,,https://poligrafo.sapo.pt/fact-check/jair-bolsonaro-foi-ungido-por-edir-macedo-na-igreja-universal-do-reino-de-deus,0,Polígrafo - SAPO,poligrafo.sapo.pt,2019-10-14 13:42:44,True,original
Coordenador económico do programa de Rangel defendeu corte definitivo das reformas em 2011?,Coordenador económico do programa de Rangel defendeu corte definitivo das reformas em 2011?,,https://poligrafo.sapo.pt/fact-check/coordenador-economico-do-programa-de-rangel-defendeu-corte-definitivo-das-reformas-em-2011,0,Polígrafo - SAPO,poligrafo.sapo.pt,2021-10-29 17:00:33,True,original
Touradas. Lei prevê multas por incumprimento dos trajes mas não para quem maltratar os cavalos?,Touradas. Lei prevê multas por incumprimento dos trajes mas não para quem maltratar os cavalos?,,https://poligrafo.sapo.pt/fact-check/touradas-lei-preve-multas-por-incumprimento-dos-trajes-mas-nao-para-quem-maltratar-os-cavalos,0,Polígrafo - SAPO,poligrafo.sapo.pt,2021-08-12 08:00:45,True,original
"Mais ninguém é vacinado"". Vídeo viral que mostra funcionária a gritar com utentes é autêntico?","Mais ninguém é vacinado"". Vídeo viral que mostra funcionária a gritar com utentes é autêntico?",,https://poligrafo.sapo.pt/fact-check/mais-ninguem-e-vacinado-video-viral-que-mostra-funcionaria-a-gritar-com-utentes-e-autentico,0,Polígrafo - SAPO,poligrafo.sapo.pt,2021-07-16 08:00:02,True,original
Regras para peões nas passadeiras geram poucas contra-ordenações em Portugal?,Regras para peões nas passadeiras geram poucas contra-ordenações em Portugal?,,https://poligrafo.sapo.pt/fact-check/regras-para-peoes-nas-passadeiras-geram-poucas-contra-ordenacoes-em-portugal,0,Polígrafo - SAPO,poligrafo.sapo.pt,2021-04-26 18:20:35,True,original
"Music-Check. Os Black Sabbath escreveram ""Paranoid"" à pressa e como canção de recurso?","Music-Check. Os Black Sabbath escreveram ""Paranoid"" à pressa e como canção de recurso?",,https://poligrafo.sapo.pt/fact-check/music-check-os-black-sabbath-escreveram-paranoid-a-pressa-e-como-cancao-de-recurso,0,Polígrafo - SAPO,poligrafo.sapo.pt,2019-08-03 14:00:02,True,original
Apenas um primeiro-ministro foi reeleito em sete dissoluções do Parlamento?,Apenas um primeiro-ministro foi reeleito em sete dissoluções do Parlamento?,,https://poligrafo.sapo.pt/fact-check/apenas-um-primeiro-ministro-foi-reeleito-em-sete-dissolucoes-do-parlamento,0,Polígrafo - SAPO,poligrafo.sapo.pt,2021-10-27 20:09:09,True,original
Dirigentes do Bloco de Esquerda cantaram no 1º de maio dizendo que Nuno Melo é de extrema-direita?,Dirigentes do Bloco de Esquerda cantaram no 1º de maio dizendo que Nuno Melo é de extrema-direita?,,https://poligrafo.sapo.pt/fact-check/dirigentes-do-bloco-de-esquerda-cantaram-no-1o-de-maio-dizendo-que-nuno-melo-e-de-extrema-direita,0,Polígrafo - SAPO,poligrafo.sapo.pt,2019-05-02 07:45:08,True,original
Ventura diz que ultrapassou 30% dos votos em concelhos do Alentejo nas presidenciais. Confirma-se?,Ventura diz que ultrapassou 30% dos votos em concelhos do Alentejo nas presidenciais. Confirma-se?,,https://poligrafo.sapo.pt/fact-check/ventura-diz-que-ultrapassou-30-dos-votos-em-alguns-concelhos-do-alentejo-nas-presidenciais-confirma-se,0,Polígrafo - SAPO,poligrafo.sapo.pt,2021-05-29 08:00:51,True,original
Basileia está a oferecer bilhetes aos sem-abrigo que prometam não regressar à Suíça?,Basileia está a oferecer bilhetes aos sem-abrigo que prometam não regressar à Suíça?,,https://poligrafo.sapo.pt/fact-check/basileia-esta-a-oferecer-bilhetes-aos-sem-abrigo-que-prometam-nao-regressar-a-suica,0,Polígrafo - SAPO,poligrafo.sapo.pt,2021-05-16 11:36:13,True,original
"Salários base das mulheres são em média 14,5% mais baixos do que os dos homens?","Salários base das mulheres são em média 14,5% mais baixos do que os dos homens?",,https://poligrafo.sapo.pt/fact-check/salarios-base-das-mulheres-sao-em-media-145-mais-baixos-do-que-os-dos-homens,0,Polígrafo - SAPO,poligrafo.sapo.pt,2020-03-07 09:00:48,True,original
Cavaco Silva declarou em formulário da PIDE não privar com a segunda mulher do sogro?,Cavaco Silva declarou em formulário da PIDE não privar com a segunda mulher do sogro?,,https://poligrafo.sapo.pt/fact-check/cavaco-silva-declarou-em-formulario-da-pide-nao-privar-com-a-segunda-mulher-do-sogro,0,Polígrafo - SAPO,poligrafo.sapo.pt,2022-04-18 10:00:00,True,original
"Poder de compra dos portugueses ""está pior do que há 10 anos""? (COM VÍDEO)","Poder de compra dos portugueses ""está pior do que há 10 anos""? (COM VÍDEO)",,https://poligrafo.sapo.pt/fact-check/poder-de-compra-dos-portugueses-esta-pior-do-que-ha-10-anos,0,Polígrafo - SAPO,poligrafo.sapo.pt,2021-07-01 10:00:54,True,original
"PAN propõe ""casas de banho sem identificação de género"" em todas as escolas e edifícios públicos?","PAN propõe ""casas de banho sem identificação de género"" em todas as escolas e edifícios públicos?",,https://poligrafo.sapo.pt/fact-check/pan-propoe-casas-de-banho-sem-identificacao-de-genero-em-todas-as-escolas-e-edificios-publicos,0,Polígrafo - SAPO,poligrafo.sapo.pt,2022-01-19 15:00:00,True,original
Viagem de Beja a Faro pode demorar cinco horas e implica três comboios diferentes?,Viagem de Beja a Faro pode demorar cinco horas e implica três comboios diferentes?,,https://poligrafo.sapo.pt/fact-check/viagem-de-beja-a-faro-pode-demorar-cinco-horas-e-implica-tres-comboios-diferentes,0,Polígrafo - SAPO,poligrafo.sapo.pt,2021-09-03 14:00:45,True,original
"Ventura disse que acolher refugiados é ""desperdiçar dinheiro"" mas agora quer receber ucranianos?","Ventura disse que acolher refugiados é ""desperdiçar dinheiro"" mas agora quer receber ucranianos?",,https://poligrafo.sapo.pt/fact-check/ventura-disse-que-acolher-refugiados-e-desperdicar-dinheiro-mas-agora-quer-receber-ucranianos,0,Polígrafo - SAPO,poligrafo.sapo.pt,2022-03-28 10:00:00,True,original
Há 318 ex-políticos a receberem subvenções mensais vitalícias?,Há 318 ex-políticos a receberem subvenções mensais vitalícias?,,https://poligrafo.sapo.pt/fact-check/ha-318-ex-politicos-a-receberem-subvencoes-mensais-vitalicias,0,Polígrafo - SAPO,poligrafo.sapo.pt,2019-09-02 11:25:41,True,original
"Sondagem indica que ""86,7% dos portugueses não tem posição contrária"" às touradas?","Sondagem indica que ""86,7% dos portugueses não tem posição contrária"" às touradas?",,https://poligrafo.sapo.pt/fact-check/sondagem-indica-que-867-dos-portugueses-nao-tem-posicao-contraria-as-touradas,0,Polígrafo - SAPO,poligrafo.sapo.pt,2020-02-02 09:00:39,True,original
"Costa destacou investimento na ferrovia como um dos ""grandes desafios"" em plena campanha eleitoral?","Costa destacou investimento na ferrovia como um dos ""grandes desafios"" em plena campanha eleitoral?",,https://poligrafo.sapo.pt/fact-check/costa-destacou-investimento-na-ferrovia-como-um-dos-grandes-desafios-em-plena-campanha-eleitoral,0,Polígrafo - SAPO,poligrafo.sapo.pt,2019-11-23 13:45:28,True,original
"Número de utentes sem médico de família aumentou para mais de 1,2 milhões em janeiro de 2022?","Número de utentes sem médico de família aumentou para mais de 1,2 milhões em janeiro de 2022?",,https://poligrafo.sapo.pt/fact-check/numero-de-utentes-sem-medico-de-familia-aumentou-para-mais-de-12-milhoes-em-janeiro-de-2022,0,Polígrafo - SAPO,poligrafo.sapo.pt,2022-02-07 10:00:00,True,original
Subsídio de desemprego foi criado em março de 1975 pelo Governo de Vasco Gonçalves? (COM VÍDEO),Subsídio de desemprego foi criado em março de 1975 pelo Governo de Vasco Gonçalves? (COM VÍDEO),,https://poligrafo.sapo.pt/fact-check/subsidio-de-desemprego-foi-criado-em-marco-de-1975-pelo-governo-de-vasco-goncalves,0,Polígrafo - SAPO,poligrafo.sapo.pt,2021-04-08 10:00:24,True,original
Proposta para converter antigo aquaparque do Restelo em escola de bicicletas foi aprovada pela CML?,Proposta para converter antigo aquaparque do Restelo em escola de bicicletas foi aprovada pela CML?,,https://poligrafo.sapo.pt/fact-check/proposta-para-converter-antigo-aquaparque-do-restelo-em-escola-de-bicicletas-foi-aprovada-pela-cml,0,Polígrafo - SAPO,poligrafo.sapo.pt,2021-08-07 08:00:15,True,original
"Debate OE. Mota Pinto: Orçamento apresentado agora ""prevê menos 800 mil euros"" para a Defesa do que o que f...","Debate OE. Mota Pinto: Orçamento apresentado agora ""prevê menos 800 mil euros"" para a Defesa do que o que foi chumbado em outubro de 2021. É mesmo assim?",,https://poligrafo.sapo.pt/fact-check/ventura-oe-apresentado-agora-preve-menos-800-mil-euros-para-a-defesa-do-que-o-apresentado-em-outubro-de-2021,0,Polígrafo - SAPO,poligrafo.sapo.pt,2022-04-29 14:00:00,False,original
Câmara de Castelo Branco celebrou contratos de 700 mil euros para organizar festas que não se podem realizar?,Câmara de Castelo Branco celebrou contratos de 700 mil euros para organizar festas que não se podem realizar?,,https://poligrafo.sapo.pt/fact-check/camara-de-castelo-branco-celebrou-contratos-de-700-mil-euros-para-organizar-festas-que-nao-se-podem-realizar,0,Polígrafo - SAPO,poligrafo.sapo.pt,2020-06-01 08:00:36,True,original
Profissionais de Saúde estão a fazer chamadas telefónicas de número privado para vigiar casos de Covid-19? ...,Profissionais de Saúde estão a fazer chamadas telefónicas de número privado para vigiar casos de Covid-19? (COM VÍDEO),,https://poligrafo.sapo.pt/fact-check/profissionais-de-saude-estao-a-fazer-chamadas-telefonicas-de-numero-privado-para-vigiar-casos-de-covid-19,0,Polígrafo - SAPO,poligrafo.sapo.pt,2020-11-18 09:00:01,False,original
"Sim, foi o Governo de Durão Barroso que liberalizou os preços dos combustíveis em 2003",Governo do PSD liderado por Durão Barroso liberalizou o preço dos combustíveis,,https://poligrafo.sapo.pt/fact-check/sim-foi-o-governo-de-durao-barroso-que-liberalizou-os-precos-dos-combustiveis-em-2003,0,Polígrafo - SAPO,poligrafo.sapo.pt,2022-05-05 10:00:00,False,original
"Cerca de dois milhões de portugueses dizem ""passar frio em casa""?","Cerca de dois milhões de portugueses dizem ""passar frio em casa""?",,https://poligrafo.sapo.pt/fact-check/cerca-de-dois-milhoes-de-portugueses-dizem-passar-frio-em-casa,0,Polígrafo - SAPO,poligrafo.sapo.pt,2022-02-14 19:00:00,True,original
Rui Rio disse em 2020 que era contra aumento do salário mínimo e redução de propinas?,Rui Rio disse em 2020 que era contra aumento do salário mínimo e redução de propinas?,,https://poligrafo.sapo.pt/fact-check/rui-rio-disse-em-2020-que-era-contra-aumento-do-salario-minimo-e-reducao-de-propinas,0,Polígrafo - SAPO,poligrafo.sapo.pt,2022-01-13 20:55:00,True,original
Obelisco de Oeiras tem erros ortográficos e nomes de poetas mal escritos?,Obelisco de Oeiras tem erros ortográficos e nomes de poetas mal escritos?,,https://poligrafo.sapo.pt/fact-check/obelisco-de-oeiras-tem-erros-ortograficos-e-nomes-de-poetas-mal-escritos,0,Polígrafo - SAPO,poligrafo.sapo.pt,2021-05-16 16:00:56,True,original
Reservas mundiais de petróleo aumentaram nas últimas décadas apesar das previsões de esgotamento?,Reservas mundiais de petróleo aumentaram nas últimas décadas apesar das previsões de esgotamento?,,https://poligrafo.sapo.pt/fact-check/reservas-mundiais-de-petroleo-aumentaram-nas-ultimas-decadas-apesar-das-previsoes-de-esgotamento,0,Polígrafo - SAPO,poligrafo.sapo.pt,2022-03-21 19:00:00,True,original
WHATSAPP-CHECK: Luís Montenegro pertenceu à poderosa loja maçónica Mozart?,WHATSAPP-CHECK: Luís Montenegro pertenceu à poderosa loja maçónica Mozart?,,https://poligrafo.sapo.pt/fact-check/1826,0,Polígrafo - SAPO,poligrafo.sapo.pt,2019-01-17 21:32:19,True,original
Juiz Neto de Moura estará isento de custas judiciais nos processos que mover contra humoristas e comentadores?,Juiz Neto de Moura estará isento de custas judiciais nos processos que mover contra humoristas e comentadores?,,https://poligrafo.sapo.pt/fact-check/juiz-neto-de-moura-esta-isento-de-custas-judiciais-nos-processos-que-mover-contra-os-que-o-ofenderam,0,Polígrafo - SAPO,poligrafo.sapo.pt,2019-03-04 16:00:55,True,original
"Preço do gasóleo saltou de 1,014 euros por litro em 2016 para 1,439 euros por litro em 2020?","Preço do gasóleo saltou de 1,014 euros por litro em 2016 para 1,439 euros por litro em 2020?",,https://poligrafo.sapo.pt/fact-check/preco-do-gasoleo-saltou-de-1014-euros-por-litro-em-2016-para-1439-euros-por-litro-em-2020,0,Polígrafo - SAPO,poligrafo.sapo.pt,2020-01-02 18:43:22,True,original
Ruy de Carvalho escreveu uma carta no Facebook a arrasar os políticos?,Ruy de Carvalho escreveu uma carta no Facebook a arrasar os políticos?,,https://poligrafo.sapo.pt/fact-check/5940,0,Polígrafo - SAPO,poligrafo.sapo.pt,2019-10-15 18:27:46,True,original
"PSD quer confinamento ""sem decisão judicial"" na Constituição da República?","PSD quer confinamento ""sem decisão judicial"" na Constituição da República?",,https://poligrafo.sapo.pt/fact-check/psd-quer-confinamento-sem-decisao-judicial-na-constituicao-da-republica,0,Polígrafo - SAPO,poligrafo.sapo.pt,2021-07-13 10:00:40,True,original
Criança de 10 anos ficou com paralisia facial depois de ser vacinada contra a Covid-19?,Criança de 10 anos ficou com paralisia facial depois de ser vacinada contra a Covid-19?,,https://poligrafo.sapo.pt/fact-check/crianca-de-10-anos-ficou-com-paralisia-facial-depois-de-ser-vacinada-contra-a-covid-19,0,Polígrafo - SAPO,poligrafo.sapo.pt,2022-01-20 18:00:00,True,original
"Propaganda do PS enaltece promoção do ""transporte público urbano"" com imagem de comboio internacional em Es...","Propaganda do PS enaltece promoção do ""transporte público urbano"" com imagem de comboio internacional em Espanha? (COM VÍDEO)",,https://poligrafo.sapo.pt/fact-check/propaganda-do-ps-enaltece-promocao-do-transporte-publico-urbano-com-imagem-de-comboio-internacional-em-espanha,0,Polígrafo - SAPO,poligrafo.sapo.pt,2019-08-21 08:00:43,False,original
"Ministro da Economia e presidente da Associação Portuguesa de Hotelaria são ""marido e mulher""? (COM VÍDEO)","Ministro da Economia e presidente da Associação Portuguesa de Hotelaria são ""marido e mulher""? (COM VÍDEO)",,https://poligrafo.sapo.pt/fact-check/ministro-da-economia-e-presidente-da-associacao-portuguesa-de-hotelaria-sao-marido-e-mulher,0,Polígrafo - SAPO,poligrafo.sapo.pt,2020-07-08 08:00:19,True,original
"Série de ""e-mails"" prova combinação de preços entre cadeias de supermercados?","Série de ""e-mails"" prova combinação de preços entre cadeias de supermercados?",,https://poligrafo.sapo.pt/fact-check/serie-de-e-mails-prova-combinacao-de-precos-entre-cadeias-de-supermercados,0,Polígrafo - SAPO,poligrafo.sapo.pt,2021-11-29 15:00:09,True,original
Cerca de 55% do valor da fatura de eletricidade corresponde a impostos?,Cerca de 55% do valor da fatura de eletricidade corresponde a impostos?,,https://poligrafo.sapo.pt/fact-check/cerca-de-55-do-valor-da-fatura-de-eletricidade-corresponde-a-impostos,0,Polígrafo - SAPO,poligrafo.sapo.pt,2019-12-22 11:00:56,True,original
Publicação oficial da Câmara Municipal de Lisboa citou palavrão de Éder?,Publicação oficial da Câmara Municipal de Lisboa citou palavrão de Éder?,,https://poligrafo.sapo.pt/fact-check/publicacao-oficial-da-camara-municipal-de-lisboa-citou-palavrao-de-eder,0,Polígrafo - SAPO,poligrafo.sapo.pt,2019-07-13 10:30:08,True,original
"Responsável do PS ""brincou"" com o preço elevado dos combustíveis em Portugal?","Responsável do PS ""brincou"" com o preço elevado dos combustíveis em Portugal?",,https://poligrafo.sapo.pt/fact-check/responsavel-do-ps-brincou-com-o-preco-elevado-dos-combustiveis-em-portugal,0,Polígrafo - SAPO,poligrafo.sapo.pt,2022-02-18 11:00:00,True,original
"Mariana Mortágua diz que BE nunca aprovou OE que ""retirasse recursos à Saúde"". Confirma-se?","Mariana Mortágua diz que BE nunca aprovou OE que ""retirasse recursos à Saúde"". Confirma-se?",,https://poligrafo.sapo.pt/fact-check/mariana-mortagua-diz-que-be-nunca-aprovou-oe-que-retirasse-recursos-a-saude-confirma-se,0,Polígrafo - SAPO,poligrafo.sapo.pt,2021-03-01 11:00:40,True,original
Escolas no Canadá queimaram livros infantis por conterem ofensas a povos indígenas?,Escolas no Canadá queimaram livros infantis por conterem ofensas a povos indígenas?,,https://poligrafo.sapo.pt/fact-check/escolas-no-canada-queimaram-livros-infantis-por-conterem-ofensas-a-povos-indigenas,0,Polígrafo - SAPO,poligrafo.sapo.pt,2021-09-28 14:00:05,True,original
Volvo ofereceu patente do cinto de segurança de três pontos a todos os construtores automóveis?,Volvo ofereceu patente do cinto de segurança de três pontos a todos os construtores automóveis?,,https://poligrafo.sapo.pt/fact-check/volvo-ofereceu-patente-do-cinto-de-seguranca-de-tres-pontos-a-todos-os-construtores-automoveis,0,Polígrafo - SAPO,poligrafo.sapo.pt,2021-05-22 15:00:09,True,original
Estado do Texas ponderou punir mulheres que abortem com a pena de morte?,Estado do Texas ponderou punir mulheres que abortem com a pena de morte?,,https://poligrafo.sapo.pt/fact-check/estado-do-texas-ponderou-punir-mulheres-que-abortem-com-a-pena-de-morte,0,Polígrafo - SAPO,poligrafo.sapo.pt,2019-04-17 10:21:08,True,original
Dívida pública era de 14% e Portugal tinha as oitavas maiores reservas de ouro do mundo em 1974?,Dívida pública era de 14% e Portugal tinha as oitavas maiores reservas de ouro do mundo em 1974?,,https://poligrafo.sapo.pt/fact-check/divida-publica-era-de-14-e-portugal-tinha-as-oitavas-maiores-reservas-de-ouro-do-mundo-em-1974,0,Polígrafo - SAPO,poligrafo.sapo.pt,2022-05-01 14:00:00,True,original
"Politécnico de Viseu está a promover curso ""online"" para ""aprender a namorar""?","Politécnico de Viseu está a promover curso ""online"" para ""aprender a namorar""?",,https://poligrafo.sapo.pt/fact-check/politecnico-de-viseu-esta-a-promover-curso-online-para-aprender-a-namorar,0,Polígrafo - SAPO,poligrafo.sapo.pt,2021-03-21 15:00:26,True,original
Music-Check. David Bowie criou uma sociedade de defesa dos direitos dos homens com cabelo comprido?,Music-Check. David Bowie criou uma sociedade de defesa dos direitos dos homens com cabelo comprido?,,https://poligrafo.sapo.pt/fact-check/music-check-david-bowie-criou-uma-sociedade-de-defesa-dos-direitos-dos-homens-com-cabelo-comprido,0,Polígrafo - SAPO,poligrafo.sapo.pt,2020-08-22 10:30:42,True,original
"Se gasta 50 euros de combustível por mês, ficou mesmo a perder com o fim do AUTOvoucher",Redução do ISP não é tão favorável quanto o programa AUTOvoucher,,https://poligrafo.sapo.pt/fact-check/se-gasta-50-euros-de-combustivel-por-mes-ficou-mesmo-a-perder-com-o-fim-do-autovoucher,0,Polígrafo - SAPO,poligrafo.sapo.pt,2022-05-06 08:00:00,False,original
Inglaterra é a primeira seleção a chegar às meias-finais de um Europeu sem sofrer golos?,Inglaterra é a primeira seleção a chegar às meias-finais de um Europeu sem sofrer golos?,,https://poligrafo.sapo.pt/fact-check/inglaterra-e-a-primeira-selecao-a-chegar-as-meias-finais-de-um-europeu-sem-sofrer-golos,0,Polígrafo - SAPO,poligrafo.sapo.pt,2021-07-06 17:00:15,True,original
Ministra da Saúde promete enfermeiro de família para todos depois de falhar meta de médico de família para ...,Ministra da Saúde promete enfermeiro de família para todos depois de falhar meta de médico de família para todos? (COM VÍDEO),,https://poligrafo.sapo.pt/fact-check/ministra-da-saude-promete-enfermeiro-de-familia-para-todos-depois-de-falhar-meta-de-medico-de-familia-para-todos,0,Polígrafo - SAPO,poligrafo.sapo.pt,2019-10-18 07:30:33,False,original
"Music-Check. “For Emma, Forever Ago”, de Bon Iver, foi escrito em reclusão, numa cabana?","Music-Check. “For Emma, Forever Ago”, de Bon Iver, foi escrito em reclusão, numa cabana?",,https://poligrafo.sapo.pt/fact-check/music-check-for-emma-forever-ago-de-bon-iver-foi-escrito-em-reclusao-numa-cabana,0,Polígrafo - SAPO,poligrafo.sapo.pt,2020-05-16 10:00:59,True,original
Marta Temido desvalorizou ação das PPP no combate à Covid-19 mas enviou cartas a elogiar o seu contributo? ...,Marta Temido desvalorizou ação das PPP no combate à Covid-19 mas enviou cartas a elogiar o seu contributo? (COM VÍDEO),,https://poligrafo.sapo.pt/fact-check/marta-temido-desvalorizou-acao-das-ppp-no-combate-a-covid-19-mas-enviou-cartas-a-elogiar-o-seu-contributo,0,Polígrafo - SAPO,poligrafo.sapo.pt,2021-05-26 17:30:14,False,original
Os holandeses Shocking Blue são os autores de “Venus”?,Os holandeses Shocking Blue são os autores de “Venus”?,,https://poligrafo.sapo.pt/fact-check/os-holandeses-shocking-blue-sao-os-autores-de-venus,0,Polígrafo - SAPO,poligrafo.sapo.pt,2019-01-19 15:00:21,True,original
Governo assegurou que reposição das 35 horas na Administração Pública não aumentaria a despesa?,Governo assegurou que reposição das 35 horas na Administração Pública não aumentaria a despesa?,,https://poligrafo.sapo.pt/fact-check/governo-assegurou-em-2016-que-reposicao-das-35-horas-na-administracao-publica-nao-aumentaria-a-despesa,0,Polígrafo - SAPO,poligrafo.sapo.pt,2019-06-17 13:00:23,True,original
"Natália Correia previu décadas de miséria, corrupção e ruturas no SNS e no Estado social?","Natália Correia previu décadas de miséria, corrupção e ruturas no SNS e no Estado social?",,https://poligrafo.sapo.pt/fact-check/natalia-correia-previu-decadas-de-miseria-corrupcao-e-ruturas-no-sns-e-no-estado-social,0,Polígrafo - SAPO,poligrafo.sapo.pt,2022-03-05 17:00:00,True,original
"As Forças Armadas têm 220 generais que ""custam 13,9 milhões de euros"" por ano?","As Forças Armadas têm 220 generais que ""custam 13,9 milhões de euros"" por ano?",,https://poligrafo.sapo.pt/fact-check/as-forcas-armadas-tem-220-generais-que-custam-139-milhoes-de-euros-por-ano,0,Polígrafo - SAPO,poligrafo.sapo.pt,2020-08-02 10:00:37,True,original
"Jorge Jesus enganou-se ao afirmar no Brasil que é ""o treinador da história de Portugal"" com mais títulos? (...","Jorge Jesus enganou-se ao afirmar no Brasil que é ""o treinador da história de Portugal"" com mais títulos? (COM VÍDEO)",,https://poligrafo.sapo.pt/fact-check/jorge-jesus-enganou-se-ao-afirmar-no-brasil-que-e-o-treinador-da-historia-de-portugal-com-mais-titulos,0,Polígrafo - SAPO,poligrafo.sapo.pt,2019-06-26 14:20:41,False,original
"Ventura: ""Só no ano passado 400 mil portugueses foram enviados da classe média para a pobreza"". Confirma-se?","Ventura: ""Só no ano passado 400 mil portugueses foram enviados da classe média para a pobreza"". Confirma-se?",,https://poligrafo.sapo.pt/fact-check/ventura-so-no-ano-passado-400-mil-portugueses-foram-enviados-da-classe-media-para-a-pobreza-confirma-se,0,Polígrafo - SAPO,poligrafo.sapo.pt,2022-01-07 11:00:00,True,original
Candidata a Oeiras trabalhava no Governo enquanto liderava movimento de oposição a Isaltino Morais?,Candidata a Oeiras trabalhava no Governo enquanto liderava movimento de oposição a Isaltino Morais?,,https://poligrafo.sapo.pt/fact-check/candidata-a-oeiras-trabalhava-no-governo-enquanto-liderava-movimento-de-oposicao-a-isaltino,0,Polígrafo - SAPO,poligrafo.sapo.pt,2021-08-09 08:00:48,True,original
Vão passar a ser cobradas portagens nas auto-estradas espanholas com ligação a Portugal?,Vão passar a ser cobradas portagens nas auto-estradas espanholas com ligação a Portugal?,,https://poligrafo.sapo.pt/fact-check/vao-passar-a-ser-cobradas-portagens-nas-auto-estradas-espanholas-com-ligacao-a-portugal,0,Polígrafo - SAPO,poligrafo.sapo.pt,2021-11-26 09:00:15,True,original
"BE copiou propaganda sobre eutanásia a partir de ""tweet"" de um radialista espanhol?","BE copiou propaganda sobre eutanásia a partir de ""tweet"" de um radialista espanhol?",,https://poligrafo.sapo.pt/fact-check/be-copiou-propaganda-sobre-eutanasia-a-partir-de-tweet-de-um-radialista-espanhol,0,Polígrafo - SAPO,poligrafo.sapo.pt,2020-02-14 09:00:53,True,original
Câmara Municipal de Águeda gastou 300 mil euros em decorações natalícias?,Câmara Municipal de Águeda gastou 300 mil euros em decorações natalícias?,,https://poligrafo.sapo.pt/fact-check/camara-municipal-de-agueda-gastou-300-mil-euros-em-decoracoes-natalicias,0,Polígrafo - SAPO,poligrafo.sapo.pt,2020-11-05 18:30:00,True,original
"Ministra da Agricultura fez, em 2013, adjudicação de 60 mil euros a empresa da família do secretário de Est...","Ministra da Agricultura fez, em 2013, adjudicação de 60 mil euros a empresa da família do secretário de Estado das Florestas?",,https://poligrafo.sapo.pt/fact-check/ministra-da-agricultura-fez-em-2013-adjudicacao-de-60-mil-euros-a-empresa-da-familia-do-secretario-de-estado-das-florestas,0,Polígrafo - SAPO,poligrafo.sapo.pt,2019-10-20 11:41:54,False,original
As mesmas empresas vendem botijas de gás por 16 euros em Espanha e cerca de 30 euros em Portugal?,As mesmas empresas vendem botijas de gás por 16 euros em Espanha e cerca de 30 euros em Portugal?,,https://poligrafo.sapo.pt/fact-check/as-mesmas-empresas-vendem-botijas-de-gas-por-16-euros-em-espanha-e-cerca-de-30-euros-em-portugal,0,Polígrafo - SAPO,poligrafo.sapo.pt,2021-12-13 08:30:46,True,original
Jogador do Liverpool defendeu teorias da conspiração sobre o coronavírus?,Jogador do Liverpool defendeu teorias da conspiração sobre o coronavírus?,,https://poligrafo.sapo.pt/fact-check/jogador-do-liverpool-defendeu-teorias-da-conspiracao-sobre-o-coronavirus,0,Polígrafo - SAPO,poligrafo.sapo.pt,2020-05-14 16:30:35,True,original
"Festival Andanças cobra bilhete ao público, mas não paga aos artistas?","Festival Andanças cobra bilhete ao público, mas não paga aos artistas?",,https://poligrafo.sapo.pt/fact-check/festival-andancas-cobra-bilhete-ao-publico-mas-nao-paga-aos-artistas,0,Polígrafo - SAPO,poligrafo.sapo.pt,2022-03-26 15:00:00,True,original
Music-Check. Os Sex Pistols foram “banidos” de Inglaterra após uma aparição televisiva?,Music-Check. Os Sex Pistols foram “banidos” de Inglaterra após uma aparição televisiva?,,https://poligrafo.sapo.pt/fact-check/music-check-os-sex-pistols-foram-banidos-de-inglaterra-apos-uma-aparicao-televisiva,0,Polígrafo - SAPO,poligrafo.sapo.pt,2020-08-07 14:00:41,True,original
"Plataforma de pagamentos ""IfThenPay"" permite identificar financiadores de partidos políticos?","Plataforma de pagamentos ""IfThenPay"" permite identificar financiadores de partidos políticos?",,https://poligrafo.sapo.pt/fact-check/plataforma-de-pagamentos-ifthenpay-permite-identificar-financiadores-de-partidos-politicos,0,Polígrafo - SAPO,poligrafo.sapo.pt,2021-08-17 08:00:05,True,original
Caso Jamaica: Mamadou Ba defendeu em 2016 que se devia acabar com a PSP e a GNR? (COM VÍDEO),Caso Jamaica: Mamadou Ba defendeu em 2016 que se devia acabar com a PSP e a GNR? (COM VÍDEO),,https://poligrafo.sapo.pt/fact-check/caso-jamaica-mamadou-ba-defendeu-em-2016-que-se-devia-acabar-com-a-psp-e-a-gnr,0,Polígrafo - SAPO,poligrafo.sapo.pt,2019-01-31 08:47:40,True,original
Câmara de Cascais gastou cerca de 10 mil euros na aquisição de pacotes de pipocas? (COM VÍDEO),Câmara de Cascais gastou cerca de 10 mil euros na aquisição de pacotes de pipocas? (COM VÍDEO),,https://poligrafo.sapo.pt/fact-check/camara-de-cascais-gastou-cerca-de-10-mil-euros-na-aquisicao-de-pacotes-de-pipocas,0,Polígrafo - SAPO,poligrafo.sapo.pt,2021-03-04 09:00:05,True,original
Áustria aumentou limite de velocidade para 140 km/h para reduzir acidentes?,Áustria aumentou limite de velocidade para 140 km/h para reduzir acidentes?,,https://poligrafo.sapo.pt/fact-check/austria-aumentou-limite-de-velocidade-para-140-kmh-para-reduzir-acidentes,0,Polígrafo - SAPO,poligrafo.sapo.pt,2019-11-26 17:06:54,True,original
Marques Mendes na SIC: “O PCP foi condenado por despedimento sem justa causa.” Verdade ou falsidade?,Marques Mendes na SIC: “O PCP foi condenado por despedimento sem justa causa.” Verdade ou falsidade?,,https://poligrafo.sapo.pt/fact-check/4179,0,Polígrafo - SAPO,poligrafo.sapo.pt,2019-06-10 09:45:01,True,original
Cabrita vai receber salários de deputado até à tomada de posse da nova Assembleia da República?,Cabrita vai receber salários de deputado até à tomada de posse da nova Assembleia da República?,,https://poligrafo.sapo.pt/fact-check/cabrita-vai-receber-salarios-de-deputado-ate-a-tomada-de-posse-da-nova-assembleia-da-republica,0,Polígrafo - SAPO,poligrafo.sapo.pt,2021-12-15 11:00:22,True,original
"Estado pode optar por ""arrendamento forçado"" de terras abandonadas sem prevenção de risco de incêndios? (CO...","Estado pode optar por ""arrendamento forçado"" de terras abandonadas sem prevenção de risco de incêndios? (COM VÍDEO)",,https://poligrafo.sapo.pt/fact-check/estado-pode-optar-por-arrendamento-forcado-de-terras-abandonadas-sem-prevencao-de-risco-de-incendios,0,Polígrafo - SAPO,poligrafo.sapo.pt,2021-08-05 08:00:10,False,original
Candidato do Chega afirmou que Portugal é governado por “um indiano com sede de vingança”?,Candidato do Chega afirmou que Portugal é governado por “um indiano com sede de vingança”?,,https://poligrafo.sapo.pt/fact-check/candidato-do-chega-afirmou-que-portugal-e-governado-por-um-indiano-com-sede-de-vinganca,0,Polígrafo - SAPO,poligrafo.sapo.pt,2021-09-18 14:00:49,True,original
"Um partido que obtenha 500 mil votos em legislativas ""tem direito a receber 6 milhões de euros""?","Um partido que obtenha 500 mil votos em legislativas ""tem direito a receber 6 milhões de euros""?",,https://poligrafo.sapo.pt/fact-check/um-partido-que-obtenha-500-mil-votos-em-legislativas-tem-direito-a-receber-6-milhoes-de-euros,0,Polígrafo - SAPO,poligrafo.sapo.pt,2022-04-13 11:00:00,True,original
Imagens da decoração natalícia dos Paços do Concelho de Setúbal são autênticas? (COM VÍDEO),Imagens da decoração natalícia dos Paços do Concelho de Setúbal são autênticas? (COM VÍDEO),,https://poligrafo.sapo.pt/fact-check/imagens-de-decoracao-natalicia-dos-pacos-do-concelho-de-setubal-sao-autenticas,0,Polígrafo - SAPO,poligrafo.sapo.pt,2020-11-11 09:00:25,True,original
Assembleia Municipal de Lisboa aprovou plano LGBTI+ que inclui bolsa de habitação?,Assembleia Municipal de Lisboa aprovou plano LGBTI+ que inclui bolsa de habitação?,,https://poligrafo.sapo.pt/fact-check/assembleia-municipal-de-lisboa-aprovou-plano-lgbti-que-inclui-bolsa-de-habitacao,0,Polígrafo - SAPO,poligrafo.sapo.pt,2020-11-22 11:00:32,True,original
MAI paga ajustes diretos de 40 mil euros para defesa de arguidos no caso das golas antifumo?,MAI paga ajustes diretos de 40 mil euros para defesa de arguidos no caso das golas antifumo?,,https://poligrafo.sapo.pt/fact-check/mai-paga-ajustes-diretos-de-40-mil-euros-para-defesa-de-arguidos-no-caso-das-golas-anti-fumo,0,Polígrafo - SAPO,poligrafo.sapo.pt,2021-09-23 08:00:07,True,original
O grau de gaguez de uma pessoa pode variar mediante diferentes momentos e contextos?,O grau de gaguez de uma pessoa pode variar mediante diferentes momentos e contextos?,,https://poligrafo.sapo.pt/fact-check/o-grau-de-gaguez-de-uma-pessoa-pode-variar-mediante-diferentes-momentos-e-contextos,0,Polígrafo - SAPO,poligrafo.sapo.pt,2019-10-02 15:22:02,True,original
Programa do PSD propõe que Presidente da República nomeie membros dos Conselhos Superiores da Justiça?,Programa do PSD propõe que Presidente da República nomeie membros dos Conselhos Superiores da Justiça?,,https://poligrafo.sapo.pt/fact-check/programa-do-psd-propoe-que-presidente-da-republica-nomeie-membros-dos-conselhos-superiores-da-justica,0,Polígrafo - SAPO,poligrafo.sapo.pt,2022-01-14 11:00:00,True,original
Eleições Americanas. Trump fez donativos para campanha de reeleição de Kamala Harris como procuradora-geral...,Eleições Americanas. Trump fez donativos para campanha de reeleição de Kamala Harris como procuradora-geral da Califórnia?,,https://poligrafo.sapo.pt/fact-check/donald-trump-fez-donativos-para-campanha-de-kamala-harris,0,Polígrafo - SAPO,poligrafo.sapo.pt,2020-08-21 18:00:00,False,original
"Há menos de um ano Marcelo afirmou que saída de Costa para a UE era ""especulação sem o mínimo de fundamento""?","Há menos de um ano Marcelo afirmou que saída de Costa para a UE era ""especulação sem o mínimo de fundamento""?",,https://poligrafo.sapo.pt/fact-check/ha-menos-de-um-ano-marcelo-afirmou-que-saida-de-costa-para-a-ue-era-especulacao-sem-o-minimo-de-fundamento,0,Polígrafo - SAPO,poligrafo.sapo.pt,2022-04-04 10:00:00,True,original
"Mudar iluminação das ruas para LED possibilita poupança de 80% em energia, como disse Carlos Moedas?","Mudar iluminação das ruas para LED possibilita poupança de 80% em energia, como disse Carlos Moedas?",,https://poligrafo.sapo.pt/fact-check/mudar-iluminacao-das-ruas-para-led-possibilita-poupanca-de-80-em-energia-como-disse-carlos-moedas,0,Polígrafo - SAPO,poligrafo.sapo.pt,2022-03-31 14:00:00,True,original
Se tiver uma matrícula antiga no seu veículo não tem que a mudar?,Se tiver uma matrícula antiga no seu veículo não tem que a mudar?,,https://poligrafo.sapo.pt/fact-check/se-tiver-uma-matricula-antiga-no-seu-veiculo-nao-tem-que-a-mudar,0,Polígrafo - SAPO,poligrafo.sapo.pt,2020-08-15 08:00:27,True,original
"Marques Mendes: ""Em vez de aumentar, estamos a diminuir o número de testes nas últimas semanas"". Confirma-se?","Marques Mendes: ""Em vez de aumentar, estamos a diminuir o número de testes nas últimas semanas"". Confirma-se?",,https://poligrafo.sapo.pt/fact-check/marques-mendes-em-vez-de-aumentar-estamos-a-diminuir-o-numero-de-testes-nas-ultimas-semanas-confirma-se,0,Polígrafo - SAPO,poligrafo.sapo.pt,2021-02-22 15:12:58,True,original
Ventura foi único deputado que não bateu palmas a voto de homenagem às vítimas do Holocausto?,Ventura foi único deputado que não bateu palmas a voto de homenagem às vítimas do Holocausto?,,https://poligrafo.sapo.pt/fact-check/ventura-foi-unico-deputado-que-nao-bateu-palmas-a-voto-de-homenagem-as-vitimas-do-holocausto,0,Polígrafo - SAPO,poligrafo.sapo.pt,2021-02-10 15:00:11,True,original
"Marques Mendes na SIC: ""Portugal tem o terceiro PIB 'per capita' mais baixo da Zona Euro"". Verdadeiro ou fa...","Marques Mendes na SIC: ""Portugal tem o terceiro PIB 'per capita' mais baixo da Zona Euro"". Verdadeiro ou falso? (COM VÍDEO)",,https://poligrafo.sapo.pt/fact-check/portugal-tem-o-terceiro-pib-per-capita-mais-baixo-da-zona-euro-como-alerta-marques-mendes,0,Polígrafo - SAPO,poligrafo.sapo.pt,2019-02-18 08:45:39,False,original
"Pedro Nuno Santos nomeou ex-chefe de gabinete para ""dirigir o Porto de Leixões""?","Pedro Nuno Santos nomeou ex-chefe de gabinete para ""dirigir o Porto de Leixões""?",,https://poligrafo.sapo.pt/fact-check/pedro-nunos-santos-nomeou-ex-chefe-de-gabinete-para-dirigir-o-porto-de-leixoes,0,Polígrafo - SAPO,poligrafo.sapo.pt,2021-08-25 08:00:13,True,original
Debate OE. Costa: Ventura esteve dos dois lados da barricada fiscal. Tem razão?,Debate OE. Costa: Ventura esteve dos dois lados da barricada fiscal. Tem razão?,,https://poligrafo.sapo.pt/fact-check/debate-oe-costa-ventura-esteve-dos-dois-lados-da-barricada-fiscal-tem-razao,0,Polígrafo - SAPO,poligrafo.sapo.pt,2022-04-29 08:00:00,True,original
Assembleia da República: Zelensky pediu armamento mas não qualquer tipo de ajuda humanitária?,Assembleia da República: Zelensky pediu armamento mas não qualquer tipo de ajuda humanitária?,,https://poligrafo.sapo.pt/fact-check/assembleia-da-republica-zelensky-pediu-armamento-mas-nao-qualquer-tipo-de-ajuda-humanitaria,0,Polígrafo - SAPO,poligrafo.sapo.pt,2022-04-24 11:45:00,True,original
"Portugal tem ""uma taxa elevada de assaltos"" entre os países da União Europeia?","Portugal tem ""uma taxa elevada de assaltos"" entre os países da União Europeia?",,https://poligrafo.sapo.pt/fact-check/portugal-tem-uma-taxa-elevada-de-assaltos-entre-os-paises-da-uniao-europeia,0,Polígrafo - SAPO,poligrafo.sapo.pt,2019-11-21 23:40:51,True,original
Mercearia do Médio Oriente em Lisboa foi alvo de vandalismo com discurso de ódio?,Mercearia do Médio Oriente em Lisboa foi alvo de vandalismo com discurso de ódio?,,https://poligrafo.sapo.pt/fact-check/mercearia-do-medio-oriente-em-lisboa-foi-alvo-de-vandalismo-com-discurso-de-odio,0,Polígrafo - SAPO,poligrafo.sapo.pt,2021-10-28 10:18:54,True,original
PS foi o partido que mais dinheiro gastou em cartazes na campanha para as eleições europeias?,PS foi o partido que mais dinheiro gastou em cartazes na campanha para as eleições europeias?,,https://poligrafo.sapo.pt/fact-check/ps-foi-o-partido-que-mais-dinheiro-gastou-em-cartazes-na-campanha-para-as-eleicoes-europeias,0,Polígrafo - SAPO,poligrafo.sapo.pt,2019-06-28 08:00:10,True,original
Iniciativa Liberal: Estado fica com metade de um aumento de 800 para 900 euros. Verdadeiro ou falso?,Iniciativa Liberal: Estado fica com metade de um aumento de 800 para 900 euros. Verdadeiro ou falso?,,https://poligrafo.sapo.pt/fact-check/estado-fica-com-metade-de-um-aumento-de-800-para-900-euros,0,Polígrafo - SAPO,poligrafo.sapo.pt,2020-10-03 18:45:01,True,original
Imagens que mostram livros a ser queimados em 1933 e 2022 são autênticas?,Imagens que mostram livros a ser queimados em 1933 e 2022 são autênticas?,,https://poligrafo.sapo.pt/fact-check/imagens-que-mostram-livros-a-ser-queimados-em-1933-e-2022-sao-autenticas,0,Polígrafo - SAPO,poligrafo.sapo.pt,2022-02-06 09:00:00,True,original
Carruagens que a CP comprou à Renfe descarrilaram a caminho de Portugal?,Carruagens que a CP comprou à Renfe descarrilaram a caminho de Portugal?,,https://poligrafo.sapo.pt/fact-check/carruagens-que-a-cp-comprou-a-renfe-descarrilaram-a-caminho-de-portugal,0,Polígrafo - SAPO,poligrafo.sapo.pt,2020-08-03 10:30:04,True,original
"Assistentes operacionais ""na linha da frente"" contra a Covid-19 ""ganham 650 euros por mês""? (COM VÍDEO)","Assistentes operacionais ""na linha da frente"" contra a Covid-19 ""ganham 650 euros por mês""? (COM VÍDEO)",,https://poligrafo.sapo.pt/fact-check/assistentes-operacionais-na-linha-da-frente-contra-a-covid-19-ganham-650-euros-por-mes,0,Polígrafo - SAPO,poligrafo.sapo.pt,2020-07-17 08:00:19,True,original
Saúde: Hérnia discal lombar é a causa mais frequente da dor ciática?,Saúde: Hérnia discal lombar é a causa mais frequente da dor ciática?,,https://poligrafo.sapo.pt/fact-check/a-hernia-discal-lombar-e-a-causa-mais-frequente-da-dor-ciatica,0,Polígrafo - SAPO,poligrafo.sapo.pt,2019-10-28 20:09:24,True,original
"Padre dos Açores distribuiu questionário a menores que inclui perguntas sobre pedofilia, masturbação e sexo...","Padre dos Açores distribuiu questionário a menores que inclui perguntas sobre pedofilia, masturbação e sexo com animais?",,https://poligrafo.sapo.pt/fact-check/padre-dos-acores-distribuiu-questionario-a-menores-que-inclui-perguntas-sobre-pedofilia-e-sexo-com-animais,0,Polígrafo - SAPO,poligrafo.sapo.pt,2021-10-23 08:00:11,False,original
"Guarda Costeira do México apreendeu 45,78 quilogramas de cocaína embalada com o emblema do Benfica?","Guarda Costeira do México apreendeu 45,78 quilogramas de cocaína embalada com o emblema do Benfica?",,https://poligrafo.sapo.pt/fact-check/guarda-costeira-do-mexico-apreendeu-4578-quilogramas-de-cocaina-embalada-com-o-emblema-do-benfica,0,Polígrafo - SAPO,poligrafo.sapo.pt,2020-05-09 16:06:54,True,original
Valdemar Alves está acusado de 60 crimes mas continua na Presidência da Câmara de Pedrógão Grande?,Valdemar Alves está acusado de 60 crimes mas continua na Presidência da Câmara de Pedrógão Grande?,,https://poligrafo.sapo.pt/fact-check/valdemar-alves-esta-acusado-de-60-crimes-mas-continua-na-presidencia-da-camara-de-pedrogao-grande,0,Polígrafo - SAPO,poligrafo.sapo.pt,2020-03-10 11:00:55,True,original
Hospital de Santa Maria agendou consulta a doente oncológico para mais de um ano depois do pedido de marcação?,Hospital de Santa Maria agendou consulta a doente oncológico para mais de um ano depois do pedido de marcação?,,https://poligrafo.sapo.pt/fact-check/hospital-de-santa-maria-agendou-consulta-a-doente-oncologico-para-mais-de-um-ano-depois-do-pedido-de-marcacao,0,Polígrafo - SAPO,poligrafo.sapo.pt,2019-12-02 20:23:12,True,original
"Os piores canalhas estão na política."" Moita Flores fez esta afirmação?","Os piores canalhas estão na política."" Moita Flores fez esta afirmação?",,https://poligrafo.sapo.pt/fact-check/os-piores-canalhas-estao-na-politica-moita-flores-fez-esta-afirmacao,0,Polígrafo - SAPO,poligrafo.sapo.pt,2018-12-10 15:12:02,True,original
Tavares lembra que Rio já quis quatro revisões constitucionais desde 2010. Tem razão?,Tavares lembra que Rio já quis quatro revisões constitucionais desde 2010. Tem razão?,,https://poligrafo.sapo.pt/fact-check/tavares-lembra-que-rio-ja-quis-quatro-revisoes-constitucionais-desde-2010-tem-razao,0,Polígrafo - SAPO,poligrafo.sapo.pt,2022-01-09 11:00:00,True,original
"Iniciativa Liberal exigiu acesso a parecer da DGS sobre ""Festa do Avante!"" mas ignorou parecer para realiza...","Iniciativa Liberal exigiu acesso a parecer da DGS sobre ""Festa do Avante!"" mas ignorou parecer para realizar arraial?",,https://poligrafo.sapo.pt/fact-check/iniciativa-liberal-exigiu-acesso-a-parecer-da-dgs-sobre-festa-do-avante-mas-ignorou-parecer-para-realizar-arraial,0,Polígrafo - SAPO,poligrafo.sapo.pt,2021-06-14 17:30:55,False,original
Notificação de multa da PSP com referência para pagamento no Multibanco é fraudulenta?,Notificação de multa da PSP com referência para pagamento no Multibanco é fraudulenta?,,https://poligrafo.sapo.pt/fact-check/notificacao-de-multa-da-psp-com-referencia-para-pagamento-no-multibanco-e-fraudulenta,0,Polígrafo - SAPO,poligrafo.sapo.pt,2021-03-21 11:00:42,True,original
Prolongamento do subsídio de desemprego pode ter efeitos em 2022?,Prolongamento do subsídio de desemprego pode ter efeitos em 2022?,,https://poligrafo.sapo.pt/fact-check/prolongamento-do-subsidio-de-desemprego-pode-ter-efeitos-em-2022,0,Polígrafo - SAPO,poligrafo.sapo.pt,2021-12-21 17:00:55,True,original
Pegar em cães adultos pelo cachaço pode causar dor ou sofrimento?,Pegar em cães adultos pelo cachaço pode causar dor ou sofrimento?,,https://poligrafo.sapo.pt/fact-check/pegar-em-caes-adultos-pelo-cachaco-poder-causar-dor-ou-sofrimento,0,Polígrafo - SAPO,poligrafo.sapo.pt,2020-07-19 08:00:16,True,original
Covid-19. 91% da população portuguesa ainda não tomou qualquer dose da vacina? (COM VÍDEO),Covid-19. 91% da população portuguesa ainda não tomou qualquer dose da vacina? (COM VÍDEO),,https://poligrafo.sapo.pt/fact-check/covid-19-91-da-populacao-portuguesa-ainda-nao-tomou-qualquer-dose-da-vacina,0,Polígrafo - SAPO,poligrafo.sapo.pt,2021-03-26 11:15:49,True,original
"Dívida pública aumentou de 57,4% do PIB em 2001 para 116,6% em 2019?","Dívida pública aumentou de 57,4% do PIB em 2001 para 116,6% em 2019?",,https://poligrafo.sapo.pt/fact-check/divida-publica-aumentou-de-574-do-pib-em-2001-para-1166-em-2019,0,Polígrafo - SAPO,poligrafo.sapo.pt,2022-01-11 18:00:00,True,original
Quando Augusto Santos Silva afirmou que gosta de “malhar na direita” referia-se ao BE e ao PCP?,Quando Augusto Santos Silva afirmou que gosta de “malhar na direita” referia-se ao BE e ao PCP?,,https://poligrafo.sapo.pt/fact-check/quando-augusto-santos-silva-afirmou-que-gosta-de-malhar-na-direita-referia-se-ao-be-e-ao-pcp,0,Polígrafo - SAPO,poligrafo.sapo.pt,2022-02-26 18:40:00,True,original
Câmara da Covilhã comprou e ofereceu câmaras termográficas no valor de quase 4 mil euros que não podem ser ...,Câmara da Covilhã comprou e ofereceu câmaras termográficas no valor de quase 4 mil euros que não podem ser usadas para medir a temperatura de pessoas?,,https://poligrafo.sapo.pt/fact-check/camara-da-covilha-ofereceu-camaras-termograficas-no-valor-de-quase-4-mil-euros-que-nao-podem-ser-usadas-para-medir-a-temperatura-de-pessoas,0,Polígrafo - SAPO,poligrafo.sapo.pt,2020-04-19 18:56:15,False,original
"Lista de ""quantias entregues de forma direta ou indireta ao arguido José Sócrates"" é autêntica? (COM VÍDEO)","Lista de ""quantias entregues de forma direta ou indireta ao arguido José Sócrates"" é autêntica? (COM VÍDEO)",,https://poligrafo.sapo.pt/fact-check/lista-de-quantias-entregues-de-forma-direta-ou-indireta-ao-arguido-jose-socrates-e-autentica,0,Polígrafo - SAPO,poligrafo.sapo.pt,2021-04-13 10:00:12,True,original
"Debates TV: André Ventura ""acumulou três ordenados”, apesar de defender o regime de exclusividade dos deput...","Debates TV: André Ventura ""acumulou três ordenados”, apesar de defender o regime de exclusividade dos deputados?",,https://poligrafo.sapo.pt/fact-check/debates-tv-andre-ventura-acumulou-tres-ordenados-apesar-de-defender-o-regime-de-exclusividade-dos-deputados,0,Polígrafo - SAPO,poligrafo.sapo.pt,2021-01-08 11:00:36,False,original
"António Costa destaca que PSD e CDS-PP ""tiveram a maior derrota histórica da direita em Portugal"". Confirma...","António Costa destaca que PSD e CDS-PP ""tiveram a maior derrota histórica da direita em Portugal"". Confirma-se?",António Costa,https://poligrafo.sapo.pt/fact-check/antonio-costa-destaca-que-psd-e-cds-pp-tiveram-uma-maior-derrota-historica-da-direita-em-portugal-confirma-se,0,Polígrafo - SAPO,poligrafo.sapo.pt,2019-10-07 12:50:03,False,original
Principais cargos da União Europeia estarão vagos em 2024 ou no final do mandato de Costa?,Principais cargos da União Europeia estarão vagos em 2024 ou no final do mandato de Costa?,,https://poligrafo.sapo.pt/fact-check/principais-cargos-da-uniao-europeia-estarao-vagos-em-2024-ou-no-final-do-mandato-de-costa,0,Polígrafo - SAPO,poligrafo.sapo.pt,2022-04-04 18:00:00,True,original
"Marinho e Pinto disse que Parlamento Europeu é ""inútil"" e uma ""falsidade""?","Marinho e Pinto disse que Parlamento Europeu é ""inútil"" e uma ""falsidade""?",,https://poligrafo.sapo.pt/fact-check/marinho-e-pinto-disse-que-parlamento-europeu-e-uma-falsidade-e-apesar-disso-recandidata-se,0,Polígrafo - SAPO,poligrafo.sapo.pt,2019-05-15 14:20:00,True,original
"Políticos franceses que empreguem familiares ""arriscam pena de prisão e multa""?","Políticos franceses que empreguem familiares ""arriscam pena de prisão e multa""?",,https://poligrafo.sapo.pt/fact-check/politicos-franceses-que-empreguem-familiares-arriscam-pena-de-prisao-e-multa,0,Polígrafo - SAPO,poligrafo.sapo.pt,2020-07-14 17:25:34,True,original
Livre vai continuar a receber 165 mil euros por ano de subvenção apesar de ter ficado sem representação par...,Livre vai continuar a receber 165 mil euros por ano de subvenção apesar de ter ficado sem representação parlamentar?,,https://poligrafo.sapo.pt/fact-check/livre-vai-continuar-a-receber-165-mil-euros-por-ano-de-subvencao-apesar-de-ter-ficado-sem-representacao-parlamentar,0,Polígrafo - SAPO,poligrafo.sapo.pt,2020-02-02 11:54:33,False,original
António Costa viola acordo ortográfico no seu perfil no Twitter?,António Costa viola acordo ortográfico no seu perfil no Twitter?,,https://poligrafo.sapo.pt/fact-check/antonio-costa-viola-acordo-ortografico-no-seu-perfil-no-twitter,0,Polígrafo - SAPO,poligrafo.sapo.pt,2019-09-16 18:35:12,True,original
"Cavaco Silva: ""Nunca atendi ou telefonei a um jornalista."" E cartas pessoais a jornalistas, escreveu?","Cavaco Silva: ""Nunca atendi ou telefonei a um jornalista."" E cartas pessoais a jornalistas, escreveu?",,https://poligrafo.sapo.pt/fact-check/cavaco-garante-que-nao-atendia-nem-ligava-a-jornalistas-e-cartas-pessoais-escrevia,0,Polígrafo - SAPO,poligrafo.sapo.pt,2019-03-02 09:32:30,True,original
Deputada ex-PAN propôs formar grupo de trabalho para resolver “conflito entre gaivotas e humanos”?,Deputada ex-PAN propôs formar grupo de trabalho para resolver “conflito entre gaivotas e humanos”?,,https://poligrafo.sapo.pt/fact-check/ex-deputada-do-pan-propos-formar-grupo-de-trabalho-para-resolver-conflito-entre-gaivotas-e-humanos,0,Polígrafo - SAPO,poligrafo.sapo.pt,2020-12-18 17:00:29,True,original
Santos Silva criticou suspensão de voos para Reino Unido e uma semana depois suspendeu voos do Reino Unido?,Santos Silva criticou suspensão de voos para Reino Unido e uma semana depois suspendeu voos do Reino Unido?,,https://poligrafo.sapo.pt/fact-check/santos-silva-criticou-suspensao-de-voos-para-reino-unido-e-uma-semana-depois-suspendeu-voos-do-reino-unido,0,Polígrafo - SAPO,poligrafo.sapo.pt,2021-02-01 18:00:52,True,original
Candidato do Chega à Câmara de Lisboa defende pena de morte para pedófilos?,Candidato do Chega à Câmara de Lisboa defende pena de morte para pedófilos?,,https://poligrafo.sapo.pt/fact-check/candidato-do-chega-a-camara-de-lisboa-defende-pena-de-morte-para-pedofilos,0,Polígrafo - SAPO,poligrafo.sapo.pt,2021-03-15 20:00:48,True,original
Marcelo Rebelo de Sousa não cumpriu serviço militar obrigatório?,Marcelo Rebelo de Sousa não cumpriu serviço militar obrigatório?,,https://poligrafo.sapo.pt/fact-check/marcelo-rebelo-de-sousa-nao-cumpriu-servico-militar-obrigatorio,0,Polígrafo - SAPO,poligrafo.sapo.pt,2021-10-20 10:00:01,True,original
Botija de gás em Portugal custa quase o dobro em comparação com Espanha?,Botija de gás em Portugal custa quase o dobro em comparação com Espanha?,,https://poligrafo.sapo.pt/fact-check/botija-de-gas-em-portugal-custa-quase-o-dobro-em-comparacao-com-espanha,0,Polígrafo - SAPO,poligrafo.sapo.pt,2019-07-22 14:30:13,True,original
Music-Check. As visualizações YouTube já contam para a tabela Billboard?,Music-Check. As visualizações YouTube já contam para a tabela Billboard?,,https://poligrafo.sapo.pt/fact-check/music-check-as-visualizacoes-youtube-ja-contam-para-a-tabela-billboard,0,Polígrafo - SAPO,poligrafo.sapo.pt,2020-01-04 14:00:04,True,original
Especialistas consideram a proibição do ensino à distância uma medida inconstitucional?,Especialistas consideram a proibição do ensino à distância uma medida inconstitucional?,,https://poligrafo.sapo.pt/fact-check/especialistas-consideram-a-proibicao-do-ensino-a-distancia-uma-medida-inconstitucional,0,Polígrafo - SAPO,poligrafo.sapo.pt,2021-01-22 20:30:53,True,original
André Ventura nomeou seis funcionários para o seu gabinete no Parlamento?,André Ventura nomeou seis funcionários para o seu gabinete no Parlamento?,,https://poligrafo.sapo.pt/fact-check/andre-ventura-nomeou-seis-funcionarios-para-o-seu-gabinete-no-parlamento,0,Polígrafo - SAPO,poligrafo.sapo.pt,2019-12-05 15:17:46,True,original
Circular da GNR que prevê chegada de pedófilo sueco a Portugal é autêntica?,Circular da GNR que prevê chegada de pedófilo sueco a Portugal é autêntica?,,https://poligrafo.sapo.pt/fact-check/circular-da-gnr-que-preve-chegada-de-pedofilo-sueco-a-portugal-e-autentica,0,Polígrafo - SAPO,poligrafo.sapo.pt,2019-11-26 09:00:35,True,original
Magistrado Orlando Figueira foi colocado em Tribunal de Lisboa após condenação por corrupção?,Magistrado Orlando Figueira foi colocado em Tribunal de Lisboa após condenação por corrupção?,,https://poligrafo.sapo.pt/fact-check/magistrado-orlando-figueira-foi-colocado-em-tribunal-de-lisboa-apos-condenacao-por-corrupcao,0,Polígrafo - SAPO,poligrafo.sapo.pt,2021-09-01 14:00:44,True,original
Câmara de Vila Nova de Gaia vai gastar 448 mil euros com os festejos de Natal?,Câmara de Vila Nova de Gaia vai gastar 448 mil euros com os festejos de Natal?,,https://poligrafo.sapo.pt/fact-check/camara-de-vila-nova-de-gaia-vai-gastar-448-mil-euros-com-os-festejos-de-natal,0,Polígrafo - SAPO,poligrafo.sapo.pt,2021-12-22 15:00:54,True,original
"António Costa disse que o Bloco de Esquerda é ""um partido oportunista"" e ""incapaz de assumir as responsabil...","António Costa disse que o Bloco de Esquerda é ""um partido oportunista"" e ""incapaz de assumir as responsabilidades""?",,https://poligrafo.sapo.pt/fact-check/antonio-costa-disse-que-o-bloco-de-esquerda-e-um-partido-oportunista-e-incapaz-de-assumir-as-responsabilidades,0,Polígrafo - SAPO,poligrafo.sapo.pt,2020-09-03 14:27:43,False,original
"Rui Rio: ""Países de Leste já nos passaram [no PIB] e entraram para a UE muito depois de nós."" Confirma-se?","Rui Rio: ""Países de Leste já nos passaram [no PIB] e entraram para a UE muito depois de nós."" Confirma-se?",,https://poligrafo.sapo.pt/fact-check/rui-rio-paises-de-leste-ja-nos-passaram-no-pib-e-entraram-para-a-ue-muito-depois-de-nos-confirma-se,0,Polígrafo - SAPO,poligrafo.sapo.pt,2022-01-13 12:00:00,True,original
Tweet de 2012 que previu a morte de Kobe Bryant num desastre de helicóptero é verdadeiro?,Tweet de 2012 que previu a morte de Kobe Bryant num desastre de helicóptero é verdadeiro?,,https://poligrafo.sapo.pt/fact-check/tweet-de-2012-que-previu-a-morte-de-kobe-bryant-num-desastre-de-helicoptero-e-verdadeiro,0,Polígrafo - SAPO,poligrafo.sapo.pt,2020-01-30 19:46:49,True,original
WHATSAPP-CHECK: a dívida pública aumentou desde que o atual Governo tomou posse? (COM VÍDEO),WHATSAPP-CHECK: a dívida pública aumentou desde que o atual Governo tomou posse? (COM VÍDEO),,https://poligrafo.sapo.pt/fact-check/a-divida-publica-aumentou-desde-que-o-atual-governo-tomou-posse,0,Polígrafo - SAPO,poligrafo.sapo.pt,2018-12-06 08:53:25,True,original
Portugal é o país do mundo em que se bebe mais vinho em proporção da população?,Portugal é o país do mundo em que se bebe mais vinho em proporção da população?,,https://poligrafo.sapo.pt/fact-check/portugal-e-o-pais-do-mundo-em-que-se-bebe-mais-vinho-em-proporcao-da-populacao,0,Polígrafo - SAPO,poligrafo.sapo.pt,2020-07-31 18:15:53,True,original
Governo prometeu assegurar computadores para todos os alunos no início do novo ano letivo?,Governo prometeu assegurar computadores para todos os alunos no início do novo ano letivo?,,https://poligrafo.sapo.pt/fact-check/governo-prometeu-assegurar-computadores-para-todos-os-alunos-no-inicio-do-novo-ano-letivo,0,Polígrafo - SAPO,poligrafo.sapo.pt,2020-09-09 18:01:55,True,original
"Dados da DGS sobre a Covid-19 indicam que há mortos que deixam de o ser, que três homens morreram grávidos ...","Dados da DGS sobre a Covid-19 indicam que há mortos que deixam de o ser, que três homens morreram grávidos e que um doente morreu com 134 anos?",,https://poligrafo.sapo.pt/fact-check/dados-da-dgs-sobre-a-covid-19-indicam-que-ha-mortos-que-deixam-de-o-ser-tres-homens-morreram-gravidos-e-outro-doente-morreu-com-134-anos,0,Polígrafo - SAPO,poligrafo.sapo.pt,2020-11-13 19:45:09,False,original
Governo prometeu acelerar pagamentos do Estado aos fornecedores mas essa dívida aumentou durante a pandemia?,Governo prometeu acelerar pagamentos do Estado aos fornecedores mas essa dívida aumentou durante a pandemia?,,https://poligrafo.sapo.pt/fact-check/governo-prometeu-acelerar-pagamentos-do-estado-aos-fornecedores-mas-essa-divida-aumentou-durante-a-pandemia,0,Polígrafo - SAPO,poligrafo.sapo.pt,2020-06-15 14:00:05,True,original
Debates TV. É verdade que André Ventura defendeu o “confinamento da população cigana” em Portugal?,Debates TV. É verdade que André Ventura defendeu o “confinamento da população cigana” em Portugal?,,https://poligrafo.sapo.pt/fact-check/debates-tv-e-verdade-que-andre-ventura-defendeu-o-confinamento-da-populacao-cigana-em-portugal,0,Polígrafo - SAPO,poligrafo.sapo.pt,2021-01-09 20:00:04,True,original
Fernando Negrão: “O PSD foi o partido que menos moções de censura apresentou.” Verdade ou mentira?,Fernando Negrão: “O PSD foi o partido que menos moções de censura apresentou.” Verdade ou mentira?,,https://poligrafo.sapo.pt/fact-check/fernando-negrao-o-psd-foi-o-partido-que-menos-mocoes-de-censura-apresentou-verdade-ou-mentira,0,Polígrafo - SAPO,poligrafo.sapo.pt,2019-02-28 13:27:36,True,original
"Music-Check. Freddie Mercury ajudou a princesa Diana a entrar num ""bar gay""?","Music-Check. Freddie Mercury ajudou a princesa Diana a entrar num ""bar gay""?",,https://poligrafo.sapo.pt/fact-check/music-check-freddie-mercury-ajudou-a-princesa-diana-a-entrar-num-bar-gay,0,Polígrafo - SAPO,poligrafo.sapo.pt,2020-10-10 16:00:48,True,original
Music-Check. O primeiro artigo de Brian Warner (Marilyn Manson) foi sobre si próprio?,Music-Check. O primeiro artigo de Brian Warner (Marilyn Manson) foi sobre si próprio?,,https://poligrafo.sapo.pt/fact-check/music-check-o-primeiro-artigo-de-marilyn-manson-foi-sobre-marilyn-manson,0,Polígrafo - SAPO,poligrafo.sapo.pt,2020-03-29 12:30:07,True,original
Orçamento do Estado para 2022 previa receita de 130 milhões proveniente de multas de trânsito?,Orçamento do Estado para 2022 previa receita de 130 milhões proveniente de multas de trânsito?,,https://poligrafo.sapo.pt/fact-check/orcamento-do-estado-preve-receita-de-130-milhoes-proveniente-de-multas-de-transito,0,Polígrafo - SAPO,poligrafo.sapo.pt,2021-11-08 15:00:17,True,original
"Polígrafo SIC. André Ventura: ""Os bombeiros recebem menos que os presos."" Verdade? (Atualização)","Polígrafo SIC. André Ventura: ""Os bombeiros recebem menos que os presos."" Verdade? (Atualização)",,https://poligrafo.sapo.pt/fact-check/andre-ventura-os-bombeiros-recebem-menos-que-os-presos-verdade,0,Polígrafo - SAPO,poligrafo.sapo.pt,2019-06-04 08:00:18,True,original
Deputado bloquista diz que consumo de drogas duras baixou desde a descriminalização. É verdade?,Deputado bloquista diz que consumo de drogas duras baixou desde a descriminalização. É verdade?,,https://poligrafo.sapo.pt/fact-check/deputado-bloquista-diz-que-consumo-de-drogas-duras-baixou-desde-a-descriminalizacao-e-verdade,0,Polígrafo - SAPO,poligrafo.sapo.pt,2021-06-11 14:00:21,True,original
"Ronaldo dedicou o ""hat-trick"" frente à Suíça aos bombeiros portugueses. Ou talvez não. Esta imagem é ou não...","Ronaldo dedicou o ""hat-trick"" frente à Suíça aos bombeiros portugueses. Ou talvez não. Esta imagem é ou não uma fraude?",,https://poligrafo.sapo.pt/fact-check/ronaldo-2,0,Polígrafo - SAPO,poligrafo.sapo.pt,2019-06-08 14:24:55,False,original
"Câmara de Lisboa ""paga 115 mil euros para rebanho de 20 ovelhas pastar no Parque da Bela Vista""?","Câmara de Lisboa ""paga 115 mil euros para rebanho de 20 ovelhas pastar no Parque da Bela Vista""?",,https://poligrafo.sapo.pt/fact-check/camara-de-lisboa-paga-115-mil-euros-para-rebanho-de-20-ovelhas-pastar-no-parque-da-bela-vista,0,Polígrafo - SAPO,poligrafo.sapo.pt,2021-05-17 14:00:08,True,original
"Telmo Correia diz que os hospitais privados ""também estão cheios"". Confirma-se?","Telmo Correia diz que os hospitais privados ""também estão cheios"". Confirma-se?",,https://poligrafo.sapo.pt/fact-check/telmo-correia-diz-que-os-hospitais-privados-tambem-estao-cheios-confirma-se,0,Polígrafo - SAPO,poligrafo.sapo.pt,2021-01-21 11:00:03,True,original
"Voto de condenação ""pela agressão de uma professora grávida"" foi chumbado pelos deputados do PS?","Voto de condenação ""pela agressão de uma professora grávida"" foi chumbado pelos deputados do PS?",,https://poligrafo.sapo.pt/fact-check/voto-de-condenacao-pela-agressao-de-uma-professora-gravida-foi-chumbado-pelos-deputados-do-ps,0,Polígrafo - SAPO,poligrafo.sapo.pt,2019-12-17 20:18:53,True,original
Preços dos combustíveis em Portugal aumentaram em média 3% a 7% no início do ano? (COM VÍDEO),Preços dos combustíveis em Portugal aumentaram em média 3% a 7% no início do ano? (COM VÍDEO),,https://poligrafo.sapo.pt/fact-check/precos-dos-combustiveis-em-portugal-aumentaram-em-media-3-a-7-no-inicio-do-ano,0,Polígrafo - SAPO,poligrafo.sapo.pt,2020-03-03 09:00:00,True,original
"Serviço de Urgência do Hospital de Serpa está encerrado ""por tempo indeterminado""? (Atualizado)","Serviço de Urgência do Hospital de Serpa está encerrado ""por tempo indeterminado""? (Atualizado)",,https://poligrafo.sapo.pt/fact-check/servico-de-urgencia-do-hospital-de-serpa-esta-encerrado-por-tempo-indeterminado,0,Polígrafo - SAPO,poligrafo.sapo.pt,2021-02-09 18:50:30,True,original
"Governo ""arranjou um truque contabilístico"" para injetar mais dinheiro no Novo Banco?","Governo ""arranjou um truque contabilístico"" para injetar mais dinheiro no Novo Banco?",,https://poligrafo.sapo.pt/fact-check/governo-arranjou-um-truque-contabilistico-para-injetar-mais-dinheiro-no-novo-banco,0,Polígrafo - SAPO,poligrafo.sapo.pt,2021-12-30 09:00:19,True,original
Santana Lopes promoveu expansão da rede de saneamento na Figueira da Foz?,Santana Lopes promoveu expansão da rede de saneamento na Figueira da Foz?,,https://poligrafo.sapo.pt/fact-check/santana-lopes-promoveu-expansao-da-rede-de-saneamento-na-figueira-da-foz,0,Polígrafo - SAPO,poligrafo.sapo.pt,2021-07-26 17:00:39,True,original
A gravação de aulas online sem consentimento é ilegal?,A gravação de aulas online sem consentimento é ilegal?,,https://poligrafo.sapo.pt/fact-check/a-gravacao-de-aulas-online-sem-consentimento-e-ilegal,0,Polígrafo - SAPO,poligrafo.sapo.pt,2021-02-20 19:00:25,True,original
Music-Check. Nenhum dos Beatles sabia ler ou escrever música?,Music-Check. Nenhum dos Beatles sabia ler ou escrever música?,,https://poligrafo.sapo.pt/fact-check/music-check-nenhum-dos-beatles-sabia-ler-ou-escrever-musica,0,Polígrafo - SAPO,poligrafo.sapo.pt,2019-08-10 17:00:00,True,original
"Ex-assessor de Fernando Medina celebrou contrato com ""PS de Lisboa"" e vai ganhar ""4.615 euros por mês""?","Ex-assessor de Fernando Medina celebrou contrato com ""PS de Lisboa"" e vai ganhar ""4.615 euros por mês""?",,https://poligrafo.sapo.pt/fact-check/ex-assessor-de-fernando-medina-celebrou-contrato-com-ps-de-lisboa-e-vai-ganhar-4-615-euros-por-mes,0,Polígrafo - SAPO,poligrafo.sapo.pt,2022-04-13 14:00:00,True,original
Urgência do Hospital Distrital de Santarém esteve vários meses sem água quente?,Urgência do Hospital Distrital de Santarém esteve vários meses sem água quente?,,https://poligrafo.sapo.pt/fact-check/urgencia-do-hospital-distrital-de-santarem-esteve-quatro-meses-sem-agua-quente,0,Polígrafo - SAPO,poligrafo.sapo.pt,2020-01-21 20:00:29,True,original
Proposta do Chega para a criação do crime de enriquecimento ilícito foi chumbada no Parlamento?,Proposta do Chega para a criação do crime de enriquecimento ilícito foi chumbada no Parlamento?,,https://poligrafo.sapo.pt/fact-check/proposta-do-chega-para-a-criacao-do-crime-de-enriquecimento-ilicito-foi-chumbada-no-parlamento,0,Polígrafo - SAPO,poligrafo.sapo.pt,2021-06-25 13:00:50,True,original
"Rui Rio diz que ""a tradição"" é que PSD e CDS-PP concorram separados às legislativas. Tem fundamento?","Rui Rio diz que ""a tradição"" é que PSD e CDS-PP concorram separados às legislativas. Tem fundamento?",,https://poligrafo.sapo.pt/fact-check/rui-rio-diz-que-a-tradicao-e-que-psd-e-cds-pp-concorram-separados-as-legislativas-tem-fundamento,0,Polígrafo - SAPO,poligrafo.sapo.pt,2022-01-08 12:00:00,True,original
"Tomemos os Palácios de Belém e de S. Bento"". Publicação de Conselheiro Nacional do CDS-PP é autêntica? (CO...","Tomemos os Palácios de Belém e de S. Bento"". Publicação de Conselheiro Nacional do CDS-PP é autêntica? (COM VÍDEO)",,https://poligrafo.sapo.pt/fact-check/tomemos-os-palacios-de-belem-e-de-s-bento-publicacao-de-conselheiro-nacional-do-cds-pp-e-autentica,0,Polígrafo - SAPO,poligrafo.sapo.pt,2021-06-14 08:00:09,False,original
Benfica jogou em superioridade numérica durante 200 minutos nas últimas jornadas da Liga? (COM VÍDEO),Benfica jogou em superioridade numérica durante 200 minutos nas últimas jornadas da Liga? (COM VÍDEO),,https://poligrafo.sapo.pt/fact-check/benfica-jogou-em-superioridade-numerica-durante-200-minutos-nas-ultimas-jornadas-da-liga,0,Polígrafo - SAPO,poligrafo.sapo.pt,2021-04-21 14:00:47,True,original
"Ventura escreveu que queria ter dado um estalo a Ferro Rodrigues e apagou o ""tweet"" minutos depois?","Ventura escreveu que queria ter dado um estalo a Ferro Rodrigues e apagou o ""tweet"" minutos depois?",,https://poligrafo.sapo.pt/fact-check/ventura-escreveu-que-queria-ter-dado-um-estalo-a-ferro-rodrigues-e-apagou-o-tweet-minutos-depois,0,Polígrafo - SAPO,poligrafo.sapo.pt,2022-03-28 14:00:00,True,original
Governo Regional da Madeira gastou mais de um milhão de euros em fogo de artifício para o fim-de-ano? (COM ...,Governo Regional da Madeira gastou mais de um milhão de euros em fogo de artifício para o fim-de-ano? (COM VÍDEO),,https://poligrafo.sapo.pt/fact-check/governo-regional-da-madeira-gastou-mais-de-um-milhao-de-euros-em-fogo-de-artificio-para-o-fim-de-ano,0,Polígrafo - SAPO,poligrafo.sapo.pt,2020-12-03 08:15:38,False,original
Rui Rio alerta que Livre propõe descriminalizar ofensa à honra do Presidente da República. É verdade?,Rui Rio alerta que Livre propõe descriminalizar ofensa à honra do Presidente da República. É verdade?,,https://poligrafo.sapo.pt/fact-check/rui-rio-alerta-que-livre-propoe-descriminalizar-ofensa-a-honra-do-presidente-da-republica-e-verdade,0,Polígrafo - SAPO,poligrafo.sapo.pt,2022-01-09 12:00:00,True,original
"Iniciativa Liberal: ""Os portugueses têm hoje menos poder de compra face à média da UE do que há 20 anos""?","Iniciativa Liberal: ""Os portugueses têm hoje menos poder de compra face à média da UE do que há 20 anos""?",,https://poligrafo.sapo.pt/fact-check/iniciativa-liberal-os-portugueses-tem-hoje-menos-poder-de-compra-face-a-media-da-ue-do-que-ha-20-anos,0,Polígrafo - SAPO,poligrafo.sapo.pt,2020-10-20 10:00:55,True,original
"Líder da Comissão que avalia fim das corridas de galgos assistiu a uma e disse ser um ""extraordinário espet...","Líder da Comissão que avalia fim das corridas de galgos assistiu a uma e disse ser um ""extraordinário espetáculo""?",,https://poligrafo.sapo.pt/fact-check/lider-da-comissao-que-avalia-fim-das-corridas-de-galgos-assistiu-a-uma-e-disse-ser-um-extraordinario-espetaculo,0,Polígrafo - SAPO,poligrafo.sapo.pt,2021-10-22 14:00:38,False,original
"PSD Europa: ""Novo chefe do gabinete de Costa foi advogado do SIRESP contra o Estado"". Verdade ou falsidade?","PSD Europa: ""Novo chefe do gabinete de Costa foi advogado do SIRESP contra o Estado"". Verdade ou falsidade?",,https://poligrafo.sapo.pt/fact-check/psd-europa-novo-chefe-do-gabinete-de-costa-foi-advogado-do-siresp-contra-o-estado-verdade-ou-falsidade,0,Polígrafo - SAPO,poligrafo.sapo.pt,2019-04-08 18:49:47,True,original
"O coronavírus ""pode sobreviver em máscaras até sete dias"" após contaminação?","O coronavírus ""pode sobreviver em máscaras até sete dias"" após contaminação?",,https://poligrafo.sapo.pt/fact-check/o-coronavirus-pode-sobreviver-em-mascaras-ate-sete-dias-apos-contaminacao,0,Polígrafo - SAPO,poligrafo.sapo.pt,2020-04-28 10:00:14,True,original
"Programa eleitoral do PAN ""utiliza dezenas de vezes o verbo proibir""?","Programa eleitoral do PAN ""utiliza dezenas de vezes o verbo proibir""?",Assunção Cristas,https://poligrafo.sapo.pt/fact-check/programa-eleitoral-do-pan-utiliza-dezenas-de-vezes-o-verbo-proibir,0,Polígrafo - SAPO,poligrafo.sapo.pt,2019-09-15 08:00:26,True,original
"Duarte Marques, do PSD, no Expresso: “PS teve membros acusados de atentar contra o Estado de Direito”. Verd...","Duarte Marques, do PSD, no Expresso: “PS teve membros acusados de atentar contra o Estado de Direito”. Verdadeiro ou falso?",,https://poligrafo.sapo.pt/fact-check/duarte-marques-no-expresso-ps-teve-membros-acusados-de-atentar-contra-o-estado-de-direito-verdadeiro-ou-falso,0,Polígrafo - SAPO,poligrafo.sapo.pt,2019-03-05 20:35:52,False,original
"Livre quer dar subsídio de desemprego a quem se despede, como alegou Rui Rio?","Livre quer dar subsídio de desemprego a quem se despede, como alegou Rui Rio?",,https://poligrafo.sapo.pt/fact-check/livre-quer-dar-subsidio-de-desemprego-a-quem-se-despede-como-alegou-rui-rio,0,Polígrafo - SAPO,poligrafo.sapo.pt,2022-01-09 14:00:00,True,original
"Music-Check. Brian May, guitarrista dos Queen, é astrofísico?","Music-Check. Brian May, guitarrista dos Queen, é astrofísico?",,https://poligrafo.sapo.pt/fact-check/music-check-brian-may-guitarrista-dos-queen-e-astrofisico,0,Polígrafo - SAPO,poligrafo.sapo.pt,2022-04-09 16:00:00,True,original
"Deputados únicos tiveram direito à palavra na primeira reunião plenária, ao contrário do que aconteceu em 2...","Deputados únicos tiveram direito à palavra na primeira reunião plenária, ao contrário do que aconteceu em 2019?",,https://poligrafo.sapo.pt/fact-check/deputados-unicos-tiveram-direito-a-palavra-na-primeira-reuniao-plenaria-ao-contrario-do-que-aconteceu-em-2019,0,Polígrafo - SAPO,poligrafo.sapo.pt,2022-03-30 08:00:00,False,original
"Mário Centeno garantiu em 2019 que ""nenhum euro"" dos contribuintes vai para o Novo Banco?","Mário Centeno garantiu em 2019 que ""nenhum euro"" dos contribuintes vai para o Novo Banco?",,https://poligrafo.sapo.pt/fact-check/mario-centeno-garantiu-em-2019-que-nenhum-euro-dos-contribuintes-vai-para-o-novo-banco,0,Polígrafo - SAPO,poligrafo.sapo.pt,2020-05-10 13:25:55,True,original
"Tudo em família!"" O filho de Carlos César vai tornar-se líder parlamentar do PS Açores?","Tudo em família!"" O filho de Carlos César vai tornar-se líder parlamentar do PS Açores?",,https://poligrafo.sapo.pt/fact-check/tudo-em-familia-o-filho-de-carlos-cesar-vai-tornar-se-lider-parlamentar-do-ps-acores,0,Polígrafo - SAPO,poligrafo.sapo.pt,2019-02-23 08:45:36,True,original
Eduardo Cabrita diz que a área ardida em Portugal este ano é inferior em 26% à de 2018. Confirma-se?,Eduardo Cabrita diz que a área ardida em Portugal este ano é inferior em 26% à de 2018. Confirma-se?,,https://poligrafo.sapo.pt/fact-check/eduardo-cabrita-diz-que-a-area-ardida-em-portugal-este-ano-e-inferior-em-26-a-de-2018-confirma-se,0,Polígrafo - SAPO,poligrafo.sapo.pt,2019-08-06 16:40:11,True,original
"Costa afirmou em 2009 que o BE ""é um partido oportunista que parasita a desgraça alheia""?","Costa afirmou em 2009 que o BE ""é um partido oportunista que parasita a desgraça alheia""?",,https://poligrafo.sapo.pt/fact-check/costa-afirmou-em-2009-que-o-be-e-um-partido-oportunista-que-parasita-a-desgraca-alheia,0,Polígrafo - SAPO,poligrafo.sapo.pt,2019-09-21 08:00:44,True,original
Obras no Parque Natural do Sudoeste Alentejano e Costa Vicentina são ilegais?,Obras no Parque Natural do Sudoeste Alentejano e Costa Vicentina são ilegais?,,https://poligrafo.sapo.pt/fact-check/obras-no-parque-natural-do-sudoeste-alentejano-e-costa-vicentina-sao-ilegais,0,Polígrafo - SAPO,poligrafo.sapo.pt,2021-07-02 14:00:39,True,original
"Governo propõe ""regime de perdão de pena para quem confessar corrupção""?","Governo propõe ""regime de perdão de pena para quem confessar corrupção""?",,https://poligrafo.sapo.pt/fact-check/governo-propoe-regime-de-perdao-de-pena-para-quem-confessar-corrupcao,0,Polígrafo - SAPO,poligrafo.sapo.pt,2021-05-12 14:00:01,True,original
Imagens de manifestação do Chega na Praça do Rossio com milhares de pessoas são autênticas? (COM VÍDEO),Imagens de manifestação do Chega na Praça do Rossio com milhares de pessoas são autênticas? (COM VÍDEO),,https://poligrafo.sapo.pt/fact-check/imagens-de-manifestacao-do-chega-na-praca-do-rossio-com-milhares-de-pessoas-sao-autenticas,0,Polígrafo - SAPO,poligrafo.sapo.pt,2021-04-20 07:40:28,True,original
"Cine-Check. Traça do cartaz do filme ""O Silêncio dos Inocentes"" remete para obra de Salvador Dalí?","Cine-Check. Traça do cartaz do filme ""O Silêncio dos Inocentes"" remete para obra de Salvador Dalí?",,https://poligrafo.sapo.pt/fact-check/cine-check-traca-do-cartaz-do-filme-o-silencio-dos-inocentes-remete-para-obra-de-salvador-dali,0,Polígrafo - SAPO,poligrafo.sapo.pt,2021-12-18 15:00:44,True,original
"Carruagens que a CP comprou à Renfe tinham sido ""retiradas de serviço devido ao amianto""?","Carruagens que a CP comprou à Renfe tinham sido ""retiradas de serviço devido ao amianto""?",,https://poligrafo.sapo.pt/fact-check/carruagens-que-a-cp-comprou-a-renfe-tinham-sido-retiradas-de-servico-devido-ao-amianto,0,Polígrafo - SAPO,poligrafo.sapo.pt,2020-09-15 16:46:34,True,original
Vídeo de pessoas amontoadas num autocarro da Rodoviária de Lisboa é autêntico?,Vídeo de pessoas amontoadas num autocarro da Rodoviária de Lisboa é autêntico?,,https://poligrafo.sapo.pt/fact-check/video-de-pessoas-amontoadas-num-autocarro-da-rodoviaria-de-lisboa-e-autentico-2,0,Polígrafo - SAPO,poligrafo.sapo.pt,2020-05-10 14:45:08,True,original
WhatsApp-Check. Legionella: Em 2017 o deputado Leitão Amaro afirmou que o PSD proibiu a bactéria em Portugal?,WhatsApp-Check. Legionella: Em 2017 o deputado Leitão Amaro afirmou que o PSD proibiu a bactéria em Portugal?,,https://poligrafo.sapo.pt/fact-check/whatsapp-check-legionella-em-2017-o-deputado-leitao-amaro-afirmou-que-o-psd-proibiu-a-bacteria-em-portugal,0,Polígrafo - SAPO,poligrafo.sapo.pt,2019-02-20 14:32:54,True,original
"Rui Tavares escreveu em 2014 que um deputado que vota ""para não desagradar à direção partidária"" é um ""mau ...","Rui Tavares escreveu em 2014 que um deputado que vota ""para não desagradar à direção partidária"" é um ""mau representante dos cidadãos""?",,https://poligrafo.sapo.pt/fact-check/rui-tavares-escreveu-em-2014-que-um-deputado-que-vota-para-nao-desagradar-a-direcao-partidaria-e-um-mau-representante-dos-cidadaos,0,Polígrafo - SAPO,poligrafo.sapo.pt,2019-11-23 19:36:22,False,original
Deputado do Chega eleito em Braga está incluído na Lista Pública de Execuções e tem dívida de 80 mil euros?,Deputado do Chega eleito em Braga está incluído na Lista Pública de Execuções e tem dívida de 80 mil euros?,,https://poligrafo.sapo.pt/fact-check/deputado-do-chega-eleito-em-braga-esta-incluido-na-lista-publica-de-execucoes-e-tem-divida-de-80-mil-euros,0,Polígrafo - SAPO,poligrafo.sapo.pt,2022-01-31 14:20:00,True,original
"Fernando Medina sobre a derrota eleitoral: ""Até ao dia de hoje nenhuma sondagem dava esse resultado"". Confi...","Fernando Medina sobre a derrota eleitoral: ""Até ao dia de hoje nenhuma sondagem dava esse resultado"". Confirma-se?",,https://poligrafo.sapo.pt/fact-check/fernando-medina-sobre-a-derrota-eleitoral-ate-ao-dia-de-hoje-nenhuma-sondagem-dava-esse-resultado-confirma-se,0,Polígrafo - SAPO,poligrafo.sapo.pt,2021-09-27 08:00:59,False,original
Joe Berardo foi condecorado duas vezes pela Presidência da República? (COM VÍDEO),Joe Berardo foi condecorado duas vezes pela Presidência da República? (COM VÍDEO),,https://poligrafo.sapo.pt/fact-check/joe-berardo-foi-condecorado-duas-vezes-pela-presidencia-da-republica,0,Polígrafo - SAPO,poligrafo.sapo.pt,2019-05-15 07:30:37,True,original
"Rui Rio: ""A despesa pública representa quase 50% do PIB e a carga fiscal 35% do PIB"". Confirma-se?","Rui Rio: ""A despesa pública representa quase 50% do PIB e a carga fiscal 35% do PIB"". Confirma-se?",,https://poligrafo.sapo.pt/fact-check/rui-rio-a-despesa-publica-representa-quase-50-do-pib-e-a-carga-fiscal-35-do-pib-confirma-se,0,Polígrafo - SAPO,poligrafo.sapo.pt,2022-01-11 08:00:00,True,original
Autarca de Mondim de Basto renunciou ao mandato em 2020 e agora é candidato à Assembleia Municipal?,Autarca de Mondim de Basto renunciou ao mandato em 2020 e agora é candidato à Assembleia Municipal?,,https://poligrafo.sapo.pt/fact-check/autarca-de-mondim-de-basto-renunciou-ao-mandato-em-2020-e-agora-e-candidato-a-assembleia-municipal,0,Polígrafo - SAPO,poligrafo.sapo.pt,2021-08-30 08:00:06,True,original
WHATSAPP-CHECK: O PAN apoia o fim dos provérbios com animais?,WHATSAPP-CHECK: O PAN apoia o fim dos provérbios com animais?,,https://poligrafo.sapo.pt/fact-check/whatsapp-check-o-pan-quer-acabar-com-proverbios-como-pegar-o-touro-pelos-cornos,0,Polígrafo - SAPO,poligrafo.sapo.pt,2018-12-09 20:42:54,True,original
"Despesa com gabinetes ministeriais vai aumentar 8,8 milhões de euros no próximo ano?","Despesa com gabinetes ministeriais vai aumentar 8,8 milhões de euros no próximo ano?",,https://poligrafo.sapo.pt/fact-check/despesa-com-gabinetes-ministeriais-vai-aumentar-88-milhoes-de-euros-no-proximo-ano,0,Polígrafo - SAPO,poligrafo.sapo.pt,2019-12-19 16:59:02,True,original
Vacinação Covid-19. Imagens de ajuntamento à porta de centro de saúde em Sintra são autênticas? (COM VÍDEO),Vacinação Covid-19. Imagens de ajuntamento à porta de centro de saúde em Sintra são autênticas? (COM VÍDEO),,https://poligrafo.sapo.pt/fact-check/vacinacao-covid-19-imagens-de-ajuntamento-a-porta-de-centro-de-saude-em-sintra-sao-autenticas,0,Polígrafo - SAPO,poligrafo.sapo.pt,2021-03-03 13:24:27,True,original
Salário mínimo de Portugal é um dos mais baixos da União Europeia?,Salário mínimo de Portugal é um dos mais baixos da União Europeia?,,https://poligrafo.sapo.pt/fact-check/salario-minimo-de-portugal-e-um-dos-mais-baixos-da-uniao-europeia,0,Polígrafo - SAPO,poligrafo.sapo.pt,2020-01-13 14:16:06,True,original
António Costa sugeriu aos professores de português sem colocação que emigrem?,António Costa sugeriu aos professores de português sem colocação que emigrem?,,https://poligrafo.sapo.pt/fact-check/antonio-costa-sugeriu-aos-professores-de-portugues-sem-colocacao-que-emigrem,0,Polígrafo - SAPO,poligrafo.sapo.pt,2019-03-19 15:11:04,True,original
"As ""selfies"" com máscaras estão a servir para reeducar os algoritmos de reconhecimento facial?","As ""selfies"" com máscaras estão a servir para reeducar os algoritmos de reconhecimento facial?",,https://poligrafo.sapo.pt/fact-check/as-selfies-com-mascaras-estao-a-servir-para-reeducar-os-algoritmos-de-reconhecimento-facial,0,Polígrafo - SAPO,poligrafo.sapo.pt,2020-06-06 13:25:46,True,original
Cerca de 41% das importações de gás natural da União Europeia têm origem na Rússia?,Cerca de 41% das importações de gás natural da União Europeia têm origem na Rússia?,,https://poligrafo.sapo.pt/fact-check/cerca-de-41-das-importacoes-de-gas-natural-da-uniao-europeia-tem-origem-na-russia,0,Polígrafo - SAPO,poligrafo.sapo.pt,2022-02-25 09:00:00,True,original
Câmara de Lisboa vai gastar 18 mil euros na aquisição de carimbos?,Câmara de Lisboa vai gastar 18 mil euros na aquisição de carimbos?,,https://poligrafo.sapo.pt/fact-check/camara-de-lisboa-vai-gastar-18-mil-euros-na-aquisicao-de-carimbos,0,Polígrafo - SAPO,poligrafo.sapo.pt,2020-01-23 16:54:46,True,original
Imagem de milhares de anéis de casamento encontrados num campo de concentração nazi é verdadeira?,Imagem de milhares de anéis de casamento encontrados num campo de concentração nazi é verdadeira?,,https://poligrafo.sapo.pt/fact-check/imagem-de-milhares-de-aneis-de-casamento-encontrados-num-campo-de-concentracao-nazi-e-verdadeira,0,Polígrafo - SAPO,poligrafo.sapo.pt,2019-02-02 19:07:26,True,original
"Portugal destaca-se ""no grupo da frente"" de países da OCDE e UE ao nível de ""políticas amigas da família""?","Portugal destaca-se ""no grupo da frente"" de países da OCDE e UE ao nível de ""políticas amigas da família""?",,https://poligrafo.sapo.pt/fact-check/portugal-destaca-se-no-grupo-da-frente-de-paises-da-ocde-e-ue-ao-nivel-de-politicas-amigas-da-familia,0,Polígrafo - SAPO,poligrafo.sapo.pt,2019-06-15 10:00:44,True,original
"DEBATES AUTÁRQUICAS. Graciano disse em março que sempre esteve ""ligado à política"" mas diz agora nunca ter ...","DEBATES AUTÁRQUICAS. Graciano disse em março que sempre esteve ""ligado à política"" mas diz agora nunca ter tido ""nada a ver com a política""?",,https://poligrafo.sapo.pt/fact-check/graciano-disse-em-marco-que-sempre-esteve-ligado-a-politica-mas-diz-agora-nunca-ter-tido-nada-a-ver-com-a-politica,0,Polígrafo - SAPO,poligrafo.sapo.pt,2021-09-02 22:58:46,False,original
"António Costa: ""A TAP duplicou este ano o número de voos a partir do Porto"". É verdade?","António Costa: ""A TAP duplicou este ano o número de voos a partir do Porto"". É verdade?",,https://poligrafo.sapo.pt/fact-check/antonio-costa-a-tap-duplicou-este-ano-o-numero-de-voos-a-partir-do-porto-e-verdade,0,Polígrafo - SAPO,poligrafo.sapo.pt,2022-04-08 10:00:00,True,original
Taxa de IMI é mais alta no Porto do que em Lisboa?,Taxa de IMI é mais alta no Porto do que em Lisboa?,,https://poligrafo.sapo.pt/fact-check/taxa-de-imi-e-mais-alta-no-porto-do-que-em-lisboa,0,Polígrafo - SAPO,poligrafo.sapo.pt,2021-09-10 08:00:21,True,original
PS de Olivais (Lisboa) está a utilizar a vacinação como propaganda política?,PS de Olivais (Lisboa) está a utilizar a vacinação como propaganda política?,,https://poligrafo.sapo.pt/fact-check/ps-de-olivais-lisboa-esta-a-utilizar-a-vacinacao-como-propaganda-politica,0,Polígrafo - SAPO,poligrafo.sapo.pt,2021-06-24 09:55:42,True,original
PS está a fazer propaganda partidária utilizando medidas do Governo relativas à Covid-19?,PS está a fazer propaganda partidária utilizando medidas do Governo relativas à Covid-19?,,https://poligrafo.sapo.pt/fact-check/ps-esta-a-fazer-propaganda-partidaria-utilizando-medidas-do-governo-relativas-a-covid-19,0,Polígrafo - SAPO,poligrafo.sapo.pt,2020-04-21 14:00:11,True,original
"Em caso de acidente na auto-estrada deve ""exigir presença da GNR"" para poder ""reclamar pagamento dos danos""?","Em caso de acidente na auto-estrada deve ""exigir presença da GNR"" para poder ""reclamar pagamento dos danos""?",,https://poligrafo.sapo.pt/fact-check/em-caso-de-acidente-na-auto-estrada-deve-exigir-presenca-da-gnr-para-poder-reclamar-pagamento-dos-danos,0,Polígrafo - SAPO,poligrafo.sapo.pt,2020-01-27 13:43:47,True,original
"Confirma-se que mais de ""99% dos primeiros fundos aprovados no PRR vão para o setor público""?","Confirma-se que mais de ""99% dos primeiros fundos aprovados no PRR vão para o setor público""?",,https://poligrafo.sapo.pt/fact-check/confirma-se-que-mais-de-99-dos-primeiros-fundos-aprovados-no-prr-vao-para-o-setor-publico,0,Polígrafo - SAPO,poligrafo.sapo.pt,2022-02-09 11:00:00,True,original
Jorge Coelho fez contas certas na SIC Notícias,Jorge Coelho fez contas certas na SIC Notícias,Jorge Coelho,https://poligrafo.sapo.pt/fact-check/jorge-coelho-fez-contas-certas-na-sic-noticias,0,Polígrafo - SAPO,poligrafo.sapo.pt,2018-10-26 10:09:07,True,original
Coronavírus: Fotografia que mostra enfermeiros a levantar colega exausto é autêntica e foi captada em Portu...,Coronavírus: Fotografia que mostra enfermeiros a levantar colega exausto é autêntica e foi captada em Portugal? (COM VÍDEO),,https://poligrafo.sapo.pt/fact-check/coronavirus-fotografia-que-mostra-enfermeiros-a-levantar-colega-exausto-e-autentica-e-foi-captada-em-portugal,0,Polígrafo - SAPO,poligrafo.sapo.pt,2020-10-27 11:00:09,False,original
"Comando da PSP de Faro pretende colocar ""agentes a trabalhar nas obras""?","Comando da PSP de Faro pretende colocar ""agentes a trabalhar nas obras""?",,https://poligrafo.sapo.pt/fact-check/comando-da-psp-de-faro-pretende-colocar-agentes-a-trabalhar-nas-obras,0,Polígrafo - SAPO,poligrafo.sapo.pt,2022-03-21 12:00:00,True,original
"Cardeal disse que ""o aborto é um escândalo moral pior do que padres abusando de crianças""?","Cardeal disse que ""o aborto é um escândalo moral pior do que padres abusando de crianças""?",,https://poligrafo.sapo.pt/fact-check/cardeal-disse-que-o-aborto-e-um-escandalo-moral-pior-do-que-padres-abusando-de-criancas,0,Polígrafo - SAPO,poligrafo.sapo.pt,2019-09-17 14:10:51,True,original
Portugal é o quarto país da UE em que mais pessoas não conseguem aquecer a habitação?,Portugal é o quarto país da UE em que mais pessoas não conseguem aquecer a habitação?,,https://poligrafo.sapo.pt/fact-check/portugal-e-o-quarto-pais-da-ue-em-que-mais-pessoas-nao-conseguem-aquecer-a-habitacao,0,Polígrafo - SAPO,poligrafo.sapo.pt,2021-01-11 15:00:28,True,original
Homem norte-americano que recusou utilizar máscara acabou por morrer de Covid-19?,Homem norte-americano que recusou utilizar máscara acabou por morrer de Covid-19?,,https://poligrafo.sapo.pt/fact-check/homem-norte-americano-que-recusou-utilizar-mascara-acabou-por-morrer-de-covid-19,0,Polígrafo - SAPO,poligrafo.sapo.pt,2020-07-19 08:30:44,True,original
Comentadora espanhola acusa Mariana Mortágua de receber dinheiro do BES e vai ser processada?,Comentadora espanhola acusa Mariana Mortágua de receber dinheiro do BES e vai ser processada?,,https://poligrafo.sapo.pt/fact-check/comentadora-espanhola-acusa-mariana-mortagua-de-receber-dinheiro-do-bes-e-vai-ser-processada,0,Polígrafo - SAPO,poligrafo.sapo.pt,2021-11-15 19:00:04,True,original
"Portugal não produzia ventiladores no início da pandemia, como lembra João Oliveira?","Portugal não produzia ventiladores no início da pandemia, como lembra João Oliveira?",,https://poligrafo.sapo.pt/fact-check/portugal-nao-produzia-ventiladores-no-inicio-da-pandemia-como-lembra-joao-oliveira,0,Polígrafo - SAPO,poligrafo.sapo.pt,2022-01-13 09:00:00,True,original
Fotografia de pessoas amontoadas no metro de Lisboa é autêntica?,Fotografia de pessoas amontoadas no metro de Lisboa é autêntica?,,https://poligrafo.sapo.pt/fact-check/fotografia-de-pessoas-amontoadas-no-metro-de-lisboa-e-autentica,0,Polígrafo - SAPO,poligrafo.sapo.pt,2020-06-26 16:30:19,True,original
"Rui Rio critica ""julgamentos na praça pública"" mas fê-lo recentemente com Rui Moreira?","Rui Rio critica ""julgamentos na praça pública"" mas fê-lo recentemente com Rui Moreira?",,https://poligrafo.sapo.pt/fact-check/rui-rio-critica-julgamentos-na-praca-publica-mas-fez-isso-recentemente-com-rui-moreira,0,Polígrafo - SAPO,poligrafo.sapo.pt,2022-01-24 09:00:00,True,original
"Ventura diz que Chega tem cerca de 40 mil militantes, mas apenas 10% reelegeram o líder?","Ventura diz que Chega tem cerca de 40 mil militantes, mas apenas 10% reelegeram o líder?",,https://poligrafo.sapo.pt/fact-check/chega-tem-cerca-de-40-mil-militantes-mas-apenas-10-reelegeram-andre-ventura,0,Polígrafo - SAPO,poligrafo.sapo.pt,2021-12-03 18:00:26,True,original
Obra de arte que Joacine K. Moreira quer retirar do Parlamento não representa escravos?,Obra de arte que Joacine K. Moreira quer retirar do Parlamento não representa escravos?,,https://poligrafo.sapo.pt/fact-check/obra-de-arte-que-joacine-k-moreira-quer-retirar-do-parlamento-nao-representa-escravos,0,Polígrafo - SAPO,poligrafo.sapo.pt,2021-09-25 10:00:14,True,original
"Assunção Cristas na véspera da moção de censura: ""Produtividade está muito abaixo da média europeia"" (COM V...","Assunção Cristas na véspera da moção de censura: ""Produtividade está muito abaixo da média europeia"" (COM VÍDEO)",Assunção Cristas,https://poligrafo.sapo.pt/fact-check/assuncao-cristas-na-vespera-da-mocao-de-censura-produtividade-esta-muito-abaixo-da-media-europeia,0,Polígrafo - SAPO,poligrafo.sapo.pt,2019-02-19 19:35:45,False,original
Rui Rio defendeu que Portugal tem o 3º menor PIB per capita da zona Euro. É verdade? (COM VÍDEO),Rui Rio defendeu que Portugal tem o 3º menor PIB per capita da zona Euro. É verdade? (COM VÍDEO),,https://poligrafo.sapo.pt/fact-check/rui-rio-portugal-tem-o-3o-menor-rendimento-per-capita-da-zona-euro-verdadeiro-ou-falso,0,Polígrafo - SAPO,poligrafo.sapo.pt,2019-09-17 08:02:19,True,original
"Guerra da Ucrânia. Reino Unido ""bloqueou e congelou os bens"" de Roman Abramovich?","Guerra da Ucrânia. Reino Unido ""bloqueou e congelou os bens"" de Roman Abramovich?",,https://poligrafo.sapo.pt/fact-check/guerra-da-ucrania-reino-unido-bloqueou-e-congelou-os-bens-de-roman-abramovich,0,Polígrafo - SAPO,poligrafo.sapo.pt,2022-03-15 15:00:00,True,original
"Governo aprovou ""isenção fiscal"" para a final da Liga dos Campeões em Lisboa?","Governo aprovou ""isenção fiscal"" para a final da Liga dos Campeões em Lisboa?",,https://poligrafo.sapo.pt/fact-check/governo-aprovou-isencao-fiscal-para-a-final-da-liga-dos-campeoes-em-lisboa,0,Polígrafo - SAPO,poligrafo.sapo.pt,2020-07-02 18:00:29,True,original
"Um défice de 0,2% em 2019 é uma marca histórica?","Um défice de 0,2% em 2019 é uma marca histórica?",Marques Mendes,https://poligrafo.sapo.pt/fact-check/um-defice-de-02-em-2019-e-uma-marca-historica,0,Polígrafo - SAPO,poligrafo.sapo.pt,2018-10-07 21:00:51,True,original
Empresa pública de estacionamento de Almada recebeu apoio de 770 mil euros?,Empresa pública de estacionamento de Almada recebeu apoio de 770 mil euros?,,https://poligrafo.sapo.pt/fact-check/empresa-publica-de-estacionamento-de-almada-recebeu-apoio-de-770-mil-euros,0,Polígrafo - SAPO,poligrafo.sapo.pt,2021-06-11 08:00:59,True,original
"Governo assegurou que adeptos ingleses vinham ""em bolha"" mas não cumpriu?","Governo assegurou que adeptos ingleses vinham ""em bolha"" mas não cumpriu?",,https://poligrafo.sapo.pt/fact-check/governo-assegurou-que-adeptos-ingleses-vinham-em-bolha-mas-nao-cumpriu,0,Polígrafo - SAPO,poligrafo.sapo.pt,2021-05-30 17:04:37,True,original
O Governo nomeou um primo de Carlos César para a Administração da NAV?,O Governo nomeou um primo de Carlos César para a Administração da NAV?,,https://poligrafo.sapo.pt/fact-check/o-governo-nomeou-um-primo-de-carlos-cesar-para-a-administracao-da-nav,0,Polígrafo - SAPO,poligrafo.sapo.pt,2019-05-01 08:00:31,True,original
"Fotografia de ""cemitério"" de carros elétricos na China é autêntica?","Fotografia de ""cemitério"" de carros elétricos na China é autêntica?",,https://poligrafo.sapo.pt/fact-check/fotografia-de-cemiterio-de-carros-eletricos-na-china-e-autentica,0,Polígrafo - SAPO,poligrafo.sapo.pt,2021-07-02 17:00:59,True,original
André Ventura foi o líder partidário com mais faltas aos plenários no Parlamento?,André Ventura foi o líder partidário com mais faltas aos plenários no Parlamento?,,https://poligrafo.sapo.pt/fact-check/andre-ventura-foi-o-lider-partidario-com-mais-faltas-aos-plenarios-no-parlamento,0,Polígrafo - SAPO,poligrafo.sapo.pt,2021-08-06 10:00:30,True,original
"Debate OE. José Soeiro: ""Os pensionistas vão perder poder de compra."" Tem razão?","Debate OE. José Soeiro: ""Os pensionistas vão perder poder de compra."" Tem razão?",,https://poligrafo.sapo.pt/fact-check/debate-oe-jose-soeiro-os-pensionistas-vao-perder-poder-de-compra-tem-razao,0,Polígrafo - SAPO,poligrafo.sapo.pt,2022-04-29 10:00:00,True,original
Novo secretário de Estado da Transição Digital trabalhava na Microsoft e já exercera funções no Ministério ...,Novo secretário de Estado da Transição Digital trabalhava na Microsoft e já exercera funções no Ministério da Saúde?,,https://poligrafo.sapo.pt/fact-check/novo-secretario-de-estado-da-transicao-digital-trabalhava-na-microsoft-e-ja-exercera-funcoes-no-ministerio-da-saude,0,Polígrafo - SAPO,poligrafo.sapo.pt,2019-10-23 15:18:18,False,original
"Chicão"" disse em 2018 que o PSD de Rui Rio é como ""a moda do pisca pisca"" de Ruth Marlene?","Chicão"" disse em 2018 que o PSD de Rui Rio é como ""a moda do pisca pisca"" de Ruth Marlene?",,https://poligrafo.sapo.pt/fact-check/chicao-disse-em-2018-que-o-psd-de-rui-rio-e-como-a-moda-do-pisca-pisca-de-ruth-marlene,0,Polígrafo - SAPO,poligrafo.sapo.pt,2021-10-31 11:16:07,True,original
"Transporte de crianças com menos de quatro anos em cadeiras ""voltadas para trás"" é mais seguro?","Transporte de crianças com menos de quatro anos em cadeiras ""voltadas para trás"" é mais seguro?",,https://poligrafo.sapo.pt/fact-check/transporte-de-criancas-com-menos-de-quatro-anos-em-cadeiras-voltadas-para-tras-e-mais-seguro,0,Polígrafo - SAPO,poligrafo.sapo.pt,2021-04-14 17:00:00,True,original
Ministra da Saúde nega que Portugal seja um dos países da UE que faz menos testes à Covid-19. Tem razão? (A...,Ministra da Saúde nega que Portugal seja um dos países da UE que faz menos testes à Covid-19. Tem razão? (Atualização),,https://poligrafo.sapo.pt/fact-check/ministra-da-saude-nega-que-portugal-seja-um-dos-paises-da-ue-que-faz-menos-testes-a-covid-19-tem-razao,0,Polígrafo - SAPO,poligrafo.sapo.pt,2021-04-15 14:00:14,False,original
Autarca do Montijo chamou a polícia por vereador querer filmar-se durante intervenção em direto?,Autarca do Montijo chamou a polícia por vereador querer filmar-se durante intervenção em direto?,,https://poligrafo.sapo.pt/fact-check/autarca-do-montijo-chamou-a-policia-por-vereador-querer-filmar-se-durante-intervencao-em-direto,0,Polígrafo - SAPO,poligrafo.sapo.pt,2021-06-20 17:30:30,True,original
"Ventura sublinha que ""o PSD Madeira sozinho não consegue fazer aprovar"" o OE2022. Verdadeiro ou falso?","Ventura sublinha que ""o PSD Madeira sozinho não consegue fazer aprovar"" o OE2022. Verdadeiro ou falso?",,https://poligrafo.sapo.pt/fact-check/ventura-sublinha-que-o-psd-madeira-sozinho-nao-consegue-fazer-aprovar-o-oe2022-verdadeiro-ou-falso,0,Polígrafo - SAPO,poligrafo.sapo.pt,2021-10-27 09:00:21,True,original
"Cuba aprova decreto-lei para regulamentar a Internet ""que inibe manifestações contra o Governo""?","Cuba aprova decreto-lei para regulamentar a Internet ""que inibe manifestações contra o Governo""?",,https://poligrafo.sapo.pt/fact-check/cuba-aprova-decreto-lei-para-regulamentar-a-internet-que-inibe-manifestacoes-contra-o-governo,0,Polígrafo - SAPO,poligrafo.sapo.pt,2021-08-29 17:00:09,True,original
Empresa de Gaia promove carne de vitela branca associada a imagem de mulher em biquini? (COM VÍDEO),Empresa de Gaia promove carne de vitela branca associada a imagem de mulher em biquini? (COM VÍDEO),,https://poligrafo.sapo.pt/fact-check/empresa-de-gaia-promove-carne-de-vitela-branca-associada-a-imagem-de-mulher-em-biquini,0,Polígrafo - SAPO,poligrafo.sapo.pt,2019-07-16 08:00:40,True,original
"Comissão Parlamentar de Saúde tem vários deputados ""ligados a interesses privados"" no setor da Saúde?","Comissão Parlamentar de Saúde tem vários deputados ""ligados a interesses privados"" no setor da Saúde?",,https://poligrafo.sapo.pt/fact-check/comissao-parlamentar-de-saude-tem-deputados-ligados-a-interesses-privados-no-setor-da-saude,0,Polígrafo - SAPO,poligrafo.sapo.pt,2019-06-13 08:00:00,True,original
Fotografia da nova ministra Ana Abrunhosa na festa do Pontal do PSD é verdadeira?,Fotografia da nova ministra Ana Abrunhosa na festa do Pontal do PSD é verdadeira?,,https://poligrafo.sapo.pt/fact-check/fotografia-da-nova-ministra-ana-abrunhosa-na-festa-do-pontal-do-psd-e-verdadeira,0,Polígrafo - SAPO,poligrafo.sapo.pt,2019-10-21 16:18:14,True,original
"Marques Mendes na SIC: “Este é um Governo velho só com duas caras novas."" Verdadeiro ou falso?","Marques Mendes na SIC: “Este é um Governo velho só com duas caras novas."" Verdadeiro ou falso?",,https://poligrafo.sapo.pt/fact-check/marques-mendes-na-sic-este-e-um-governo-velho-so-com-duas-caras-novas-verdadeiro-ou-falso,0,Polígrafo - SAPO,poligrafo.sapo.pt,2019-10-21 08:00:51,True,original
"Foram os ""partidos de esquerda"" que chumbaram a ""criminalização dos maus-tratos a idosos""?","Foram os ""partidos de esquerda"" que chumbaram a ""criminalização dos maus-tratos a idosos""?",,https://poligrafo.sapo.pt/fact-check/foram-os-partidos-de-esquerda-que-chumbaram-a-criminalizacao-dos-maus-tratos-a-idosos,0,Polígrafo - SAPO,poligrafo.sapo.pt,2019-06-10 17:00:34,True,original
Padrão dos Descobrimentos. Imagem que mostra quinas mal posicionadas após restauro é autêntica?,Padrão dos Descobrimentos. Imagem que mostra quinas mal posicionadas após restauro é autêntica?,,https://poligrafo.sapo.pt/fact-check/padrao-dos-descobrimentos-imagem-que-mostra-quinas-mal-posicionadas-apos-restauro-e-autentica,0,Polígrafo - SAPO,poligrafo.sapo.pt,2021-12-29 09:00:20,True,original
Oeiras começou a instalar iluminação de Natal na primeira semana de setembro?,Oeiras começou a instalar iluminação de Natal na primeira semana de setembro?,,https://poligrafo.sapo.pt/fact-check/oeiras-comecou-a-instalar-iluminacao-de-natal-na-primeira-semana-de-setembro,0,Polígrafo - SAPO,poligrafo.sapo.pt,2021-09-24 08:00:13,True,original
Coronavírus: Primeiro morto em Portugal é o amigo que Jorge Jesus referiu erradamente que já tinha falecido?,Coronavírus: Primeiro morto em Portugal é o amigo que Jorge Jesus referiu erradamente que já tinha falecido?,,https://poligrafo.sapo.pt/fact-check/coronavirus-primeiro-morto-em-portugal-e-o-amigo-que-jorge-jesus-referiu-erradamente-que-ja-tinha-falecido,0,Polígrafo - SAPO,poligrafo.sapo.pt,2020-03-16 16:13:44,True,original
Lei prevê que rendimentos provenientes de atividades ilícitas devem ser declarados à Autoridade Tributária?,Lei prevê que rendimentos provenientes de atividades ilícitas devem ser declarados à Autoridade Tributária?,,https://poligrafo.sapo.pt/fact-check/lei-preve-que-rendimentos-provenientes-de-atividades-ilicitas-devem-ser-declarados-a-autoridade-tributaria,0,Polígrafo - SAPO,poligrafo.sapo.pt,2021-04-16 10:00:26,True,original
Imagem de radar de controlo de velocidade atrás de caixotes do lixo é autêntica e foi captada em Portugal?,Imagem de radar de controlo de velocidade atrás de caixotes do lixo é autêntica e foi captada em Portugal?,,https://poligrafo.sapo.pt/fact-check/imagem-de-radar-de-controlo-de-velocidade-atras-de-caixotes-do-lixo-e-autentica-e-foi-captada-em-portugal,0,Polígrafo - SAPO,poligrafo.sapo.pt,2020-11-09 11:00:13,True,original
António Costa já tinha anunciado em 2020 inevitabilidade de eleições caso Orçamento fosse chumbado?,António Costa já tinha anunciado em 2020 inevitabilidade de eleições caso Orçamento fosse chumbado?,,https://poligrafo.sapo.pt/fact-check/antonio-costa-ja-tinha-anunciado-em-2020-inevitabilidade-de-eleicoes-caso-orcamento-fosse-chumbado,0,Polígrafo - SAPO,poligrafo.sapo.pt,2021-11-02 08:30:37,True,original
"Fernando Medina: Aumento do salário mínimo ""não teve impacto"" ao nível do desemprego. Confirma-se?","Fernando Medina: Aumento do salário mínimo ""não teve impacto"" ao nível do desemprego. Confirma-se?",,https://poligrafo.sapo.pt/fact-check/fernando-medina-aumento-do-salario-minimo-nao-teve-impacto-ao-nivel-do-desemprego-confirma-se,0,Polígrafo - SAPO,poligrafo.sapo.pt,2022-02-03 15:00:00,True,original
A receita fiscal aumentou sempre que a taxa de IRC diminuiu?,A receita fiscal aumentou sempre que a taxa de IRC diminuiu?,,https://poligrafo.sapo.pt/fact-check/a-receita-fiscal-aumentou-sempre-que-a-taxa-de-irc-diminuiu,0,Polígrafo - SAPO,poligrafo.sapo.pt,2021-02-10 11:00:04,True,original
Combate à corrupção era uma das prioridades do programa do segundo Governo de Sócrates?,Combate à corrupção era uma das prioridades do programa do segundo Governo de Sócrates?,,https://poligrafo.sapo.pt/fact-check/combate-a-corrupcao-era-uma-das-prioridades-do-programa-do-segundo-governo-de-socrates,0,Polígrafo - SAPO,poligrafo.sapo.pt,2019-06-02 14:50:50,True,original
"Portugal tem um ""plano de proteção"" relativamente a desastres nucleares?","Portugal tem um ""plano de proteção"" relativamente a desastres nucleares?",,https://poligrafo.sapo.pt/fact-check/portugal-tem-um-plano-de-protecao-relativamente-a-desastres-nucleares,0,Polígrafo - SAPO,poligrafo.sapo.pt,2022-03-16 12:00:00,True,original
Segurança Social pagou 4 milhões de euros a pensionistas já falecidos? (COM VÍDEO),Segurança Social pagou 4 milhões de euros a pensionistas já falecidos? (COM VÍDEO),,https://poligrafo.sapo.pt/fact-check/seguranca-social-pagou-4-milhoes-de-euros-a-pensionistas-ja-falecidos,0,Polígrafo - SAPO,poligrafo.sapo.pt,2019-12-30 09:00:03,True,original
Nike propôs quebra de 70% no salário de atleta olímpica devido a gravidez?,Nike propôs quebra de 70% no salário de atleta olímpica devido a gravidez?,,https://poligrafo.sapo.pt/fact-check/nike-propos-quebra-de-70-no-salario-de-atleta-olimpica-devido-a-gravidez,0,Polígrafo - SAPO,poligrafo.sapo.pt,2021-08-23 17:00:03,True,original
Jair Bolsonaro escreveu comentário desrespeitoso sobre a esposa de Emmanuel Macron? (COM VÍDEO),Jair Bolsonaro escreveu comentário desrespeitoso sobre a esposa de Emmanuel Macron? (COM VÍDEO),,https://poligrafo.sapo.pt/fact-check/jair-bolsonaro-escreveu-comentario-desrespeitoso-sobre-a-esposa-de-emmanuel-macron,0,Polígrafo - SAPO,poligrafo.sapo.pt,2019-08-26 14:26:38,True,original
Fotografia de concerto com distanciamento social no Reino Unido é autêntica?,Fotografia de concerto com distanciamento social no Reino Unido é autêntica?,,https://poligrafo.sapo.pt/fact-check/fotografia-de-concerto-com-distanciamento-social-no-reino-unido-e-autentica,0,Polígrafo - SAPO,poligrafo.sapo.pt,2020-08-19 14:00:14,True,original
Cristiano Ronaldo alguma vez afirmou que queria ter mais Bolas de Ouro do que Messi?,Cristiano Ronaldo alguma vez afirmou que queria ter mais Bolas de Ouro do que Messi?,,https://poligrafo.sapo.pt/fact-check/cristiano-ronaldo-alguma-vez-afirmou-que-queria-ter-mais-bolas-de-ouro-do-que-messi,0,Polígrafo - SAPO,poligrafo.sapo.pt,2021-11-30 17:16:07,True,original
Pedro Nuno Santos entrou em contradição sobre despedimentos na TAP?,Pedro Nuno Santos entrou em contradição sobre despedimentos na TAP?,,https://poligrafo.sapo.pt/fact-check/pedro-nuno-santos-entrou-em-contradicao-sobre-despedimentos-na-tap,0,Polígrafo - SAPO,poligrafo.sapo.pt,2020-07-10 10:00:30,True,original
Valor máximo de Imposto Único de Circulação pago em Portugal é muito superior ao de Espanha?,Valor máximo de Imposto Único de Circulação pago em Portugal é muito superior ao de Espanha?,,https://poligrafo.sapo.pt/fact-check/valor-maximo-de-imposto-unico-de-circulacao-pago-em-portugal-e-muito-superior-ao-de-espanha,0,Polígrafo - SAPO,poligrafo.sapo.pt,2022-02-15 11:00:00,True,original
Ministra Vieira da Silva deixou cair bandeira nacional no chão numa inauguração em Lamego?,Ministra Vieira da Silva deixou cair bandeira nacional no chão numa inauguração em Lamego?,,https://poligrafo.sapo.pt/fact-check/ministra-vieira-da-silva-deixou-cair-bandeira-nacional-no-chao-numa-inauguracao-em-lamego,0,Polígrafo - SAPO,poligrafo.sapo.pt,2020-11-23 12:18:55,True,original
O PS nunca propôs um candidato presidencial?,O PS nunca propôs um candidato presidencial?,António Costa,https://poligrafo.sapo.pt/fact-check/o-ps-nunca-apresentou-um-candidato-presidencial,0,Polígrafo - SAPO,poligrafo.sapo.pt,2018-10-02 14:38:33,True,original
É verdade que as sondagens subestimam o CDS?,É verdade que as sondagens subestimam o CDS?,Assunção Cristas,https://poligrafo.sapo.pt/fact-check/e-verdade-que-as-sondagens-subestimam-o-cds,0,Polígrafo - SAPO,poligrafo.sapo.pt,2018-10-14 17:53:29,True,original
"Governo estima ""crescimento de 3.066 milhões de euros da receita fiscal"" em 2022?",Post no Facebook garante que o Governo estima crescimento de 3.066 milhões de euros da receita fiscal em 2022,,https://poligrafo.sapo.pt/fact-check/governo-estima-crescimento-de-3-066-milhoes-de-euros-da-receita-fiscal-em-2022,0,Polígrafo - SAPO,poligrafo.sapo.pt,2022-05-04 11:00:00,False,original
"Ministra da Saúde tinha assegurado que encerrar a urgência pediátrica do Hospital Garcia de Orta estava ""fo...","Ministra da Saúde tinha assegurado que encerrar a urgência pediátrica do Hospital Garcia de Orta estava ""fora de questão""?",,https://poligrafo.sapo.pt/fact-check/ministra-da-saude-tinha-assegurado-que-encerrar-a-urgencia-pediatrica-do-hospital-garcia-de-orta-estava-fora-de-questao,0,Polígrafo - SAPO,poligrafo.sapo.pt,2019-11-20 08:30:55,False,original
Passageiros são obrigados a baixar a máscara para embarcar num avião?,Passageiros são obrigados a baixar a máscara para embarcar num avião?,,https://poligrafo.sapo.pt/fact-check/passageiros-sao-obrigados-a-baixar-a-mascara-para-embarcar-num-aviao,0,Polígrafo - SAPO,poligrafo.sapo.pt,2022-02-04 15:00:00,True,original
Jerónimo contraria PS e afirma que PCP propôs salário mínimo de 755 euros. Tem razão?,Jerónimo contraria PS e afirma que PCP propôs salário mínimo de 755 euros. Tem razão?,,https://poligrafo.sapo.pt/fact-check/jeronimo-contraria-ps-e-afirma-que-pcp-propos-salario-minimo-de-755-euros-tem-razao,0,Polígrafo - SAPO,poligrafo.sapo.pt,2021-11-05 18:17:53,True,original
"Rui Rio: ""PS andou quatro anos a aumentar impostos."" Verdadeiro ou falso? (atualizado)","Rui Rio: ""PS andou quatro anos a aumentar impostos."" Verdadeiro ou falso? (atualizado)",Rui Rio,https://poligrafo.sapo.pt/fact-check/rui-rio-ps-andou-quatro-anos-a-aumentar-impostos-verdadeiro-ou-falso,0,Polígrafo - SAPO,poligrafo.sapo.pt,2019-07-29 08:00:43,True,original
"Ventura acusa autoridades de preparar ataque contra si através de ""processos judiciais com base em provas f...","Ventura acusa autoridades de preparar ataque contra si através de ""processos judiciais com base em provas falsas""?",,https://poligrafo.sapo.pt/fact-check/ventura-acusa-autoridades-de-preparar-ataque-contra-si-atraves-de-processos-judiciais-com-base-em-provas-falsas,0,Polígrafo - SAPO,poligrafo.sapo.pt,2021-10-24 08:00:06,False,original
Jovem que gravou abordagem ilegal de agente da PSP vai ter que pagar multa de 800 euros?,Jovem que gravou abordagem ilegal de agente da PSP vai ter que pagar multa de 800 euros?,,https://poligrafo.sapo.pt/fact-check/jovem-que-gravou-abordagem-ilegal-de-agente-da-psp-vai-ter-que-pagar-multa-de-800-euros,0,Polígrafo - SAPO,poligrafo.sapo.pt,2021-11-15 08:40:29,True,original
Vídeo mostra protesto em Berlim organizado por apoiantes da Rússia?,Vídeo mostra protesto em Berlim organizado por apoiantes da Rússia?,,https://poligrafo.sapo.pt/fact-check/video-mostra-protesto-em-berlim-organizado-por-apoiantes-da-russia,0,Polígrafo - SAPO,poligrafo.sapo.pt,2022-04-12 16:00:00,True,original
Imagem de bombardeiros furtivos norte-americanos estacionados na Base das Lajes é autêntica?,Imagem de bombardeiros furtivos norte-americanos estacionados na Base das Lajes é autêntica?,,https://poligrafo.sapo.pt/fact-check/imagem-de-bombardeiros-furtivos-norte-americanos-estacionados-na-base-das-lajes-e-autentica,0,Polígrafo - SAPO,poligrafo.sapo.pt,2021-04-07 18:00:57,True,original
"Há mais de 200 ex-políticos que ""acumulam sem limite subvenções vitalícias e reformas""?","Há mais de 200 ex-políticos que ""acumulam sem limite subvenções vitalícias e reformas""?",,https://poligrafo.sapo.pt/fact-check/ha-mais-de-200-ex-politicos-que-acumulam-sem-limite-subvencoes-vitalicias-e-reformas,0,Polígrafo - SAPO,poligrafo.sapo.pt,2020-06-21 14:30:35,True,original
Patriarcado de Lisboa desviou 245 mil euros destinados a Cabo Verde?,Patriarcado de Lisboa desviou 245 mil euros destinados a Cabo Verde?,,https://poligrafo.sapo.pt/fact-check/patriarcado-de-lisboa-desviou-245-mil-euros-destinados-a-cabo-verde,0,Polígrafo - SAPO,poligrafo.sapo.pt,2019-12-28 11:18:12,True,original
"André Silva diz que Assunção Cristas ""olha para a tourada como um bailado"". Verdade ou falsidade?","André Silva diz que Assunção Cristas ""olha para a tourada como um bailado"". Verdade ou falsidade?",André Silva,https://poligrafo.sapo.pt/fact-check/andre-silva-diz-que-assuncao-cristas-olha-para-a-tourada-como-um-bailado-verdade-ou-falsidade,0,Polígrafo - SAPO,poligrafo.sapo.pt,2019-10-04 16:13:07,True,original
"André Ventura ""promove nazis a dirigentes do Chega""?","André Ventura ""promove nazis a dirigentes do Chega""?",,https://poligrafo.sapo.pt/fact-check/andre-ventura-promove-nazis-a-dirigentes-do-chega,0,Polígrafo - SAPO,poligrafo.sapo.pt,2020-01-17 08:47:05,True,original
António Costa defendeu mudança do Tribunal Constitucional para Coimbra em 2018?,António Costa defendeu mudança do Tribunal Constitucional para Coimbra em 2018?,,https://poligrafo.sapo.pt/fact-check/antonio-costa-defendeu-mudanca-do-tribunal-constitucional-para-coimbra-em-2018,0,Polígrafo - SAPO,poligrafo.sapo.pt,2021-09-21 12:06:57,True,original
PS pagou jantar e transporte para levar jovens à apresentação da mandatária às eleições europeias?,PS pagou jantar e transporte para levar jovens à apresentação da mandatária às eleições europeias?,,https://poligrafo.sapo.pt/fact-check/ps-pagou-jantar-e-transporte-para-levar-jovens-a-apresentacao-da-mandataria-as-eleicoes-europeias,0,Polígrafo - SAPO,poligrafo.sapo.pt,2019-04-18 13:16:51,True,original
Loja de vestuário para pesca vende camisolas e coletes com desenho que sugere violência contra as mulheres?,Loja de vestuário para pesca vende camisolas e coletes com desenho que sugere violência contra as mulheres?,,https://poligrafo.sapo.pt/fact-check/loja-de-vestuario-para-pesca-vende-camisolas-e-coletes-com-desenho-que-sugere-violencia-contra-as-mulheres,0,Polígrafo - SAPO,poligrafo.sapo.pt,2019-10-18 08:00:22,True,original
"IVA da eletricidade vai baixar mas ""só para quem tem potência contratada mínima""?","IVA da eletricidade vai baixar mas ""só para quem tem potência contratada mínima""?",,https://poligrafo.sapo.pt/fact-check/iva-da-eletricidade-vai-baixar-mas-so-para-quem-tem-potencia-contratada-minima,0,Polígrafo - SAPO,poligrafo.sapo.pt,2019-04-27 18:33:47,True,original
"Navio de guerra russo, vão-se lixar!"" Correios da Ucrânia emitiram selo com este título e imagem?","Navio de guerra russo, vão-se lixar!"" Correios da Ucrânia emitiram selo com este título e imagem?",,https://poligrafo.sapo.pt/fact-check/navio-de-guerra-russo-vao-se-lixar-correios-da-ucrania-emitiram-selo-com-este-titulo-e-imagem,0,Polígrafo - SAPO,poligrafo.sapo.pt,2022-03-22 12:00:00,True,original
Covid-19. Jardim zoológico nos EUA está a administrar vacinas aos animais?,Covid-19. Jardim zoológico nos EUA está a administrar vacinas aos animais?,,https://poligrafo.sapo.pt/fact-check/covid-19-jardim-zoologico-nos-eua-esta-a-administrar-vacinas-aos-animais,0,Polígrafo - SAPO,poligrafo.sapo.pt,2021-09-12 10:00:13,True,original
É verdade. Obras de nova estação de metro em Lisboa vão obrigar a abater árvores no Jardim da Parada,Obras de nova estação de metro vão obrigar a abater árvores em “jardim histórico” de Lisboa,,https://poligrafo.sapo.pt/fact-check/e-verdade-obras-de-nova-estacao-de-metro-em-lisboa-vao-obrigar-a-abater-arvores-no-jardim-da-parada,0,Polígrafo - SAPO,poligrafo.sapo.pt,2022-05-06 11:00:00,False,original
"Carga fiscal em Portugal alcançou máximo histórico em 2020, como sublinhou André Ventura?","Carga fiscal em Portugal alcançou máximo histórico em 2020, como sublinhou André Ventura?",,https://poligrafo.sapo.pt/fact-check/carga-fiscal-em-portugal-alcancou-maximo-historico-em-2020-como-sublinhou-andre-ventura,0,Polígrafo - SAPO,poligrafo.sapo.pt,2022-01-06 23:30:00,True,original
"Music-Check. JJ Cale é o autor de “Cocaine”, popularizada por Eric Clapton?","Music-Check. JJ Cale é o autor de “Cocaine”, popularizada por Eric Clapton?",,https://poligrafo.sapo.pt/fact-check/music-check-jj-cale-e-o-autor-de-cocaine-popularizada-por-eric-clapton,0,Polígrafo - SAPO,poligrafo.sapo.pt,2019-10-13 13:00:03,True,original
"Milhões de cidadãos dos Países Bálticos formaram ""corrente humana"" para se ""libertarem da União Soviética""?","Milhões de cidadãos dos Países Bálticos formaram ""corrente humana"" para se ""libertarem da União Soviética""?",,https://poligrafo.sapo.pt/fact-check/milhoes-de-cidadaos-dos-paises-balticos-formaram-corrente-humana-para-se-libertarem-da-uniao-sovietica,0,Polígrafo - SAPO,poligrafo.sapo.pt,2022-03-20 15:00:00,True,original
Notas de euro vandalizadas por negacionistas devem ser retiradas de circulação?,Notas de euro vandalizadas por negacionistas devem ser retiradas de circulação?,,https://poligrafo.sapo.pt/fact-check/notas-de-euro-vandalizadas-por-negacionistas-devem-ser-retiradas-de-circulacao,0,Polígrafo - SAPO,poligrafo.sapo.pt,2021-10-01 17:00:40,True,original
Navios em Lisboa emitem mais CO2 do que carros das oito maiores cidades do país?,Navios em Lisboa emitem mais CO2 do que carros das oito maiores cidades do país?,,https://poligrafo.sapo.pt/fact-check/debates-autarquicas-navios-em-lisboa-emitem-mais-co2-do-que-carros-das-oito-maiores-cidades-do-pais,0,Polígrafo - SAPO,poligrafo.sapo.pt,2021-09-16 14:40:18,True,original
"Comunicado da Fábrica Braço de Prata contra ""agenda política securitária"" é verdadeiro?","Comunicado da Fábrica Braço de Prata contra ""agenda política securitária"" é verdadeiro?",,https://poligrafo.sapo.pt/fact-check/comunicado-da-fabrica-braco-de-prata-contra-agenda-politica-securitaria-e-verdadeiro,0,Polígrafo - SAPO,poligrafo.sapo.pt,2020-03-14 12:45:57,True,original
Variante Delta é pelo menos duas vezes mais contagiosa que o SARS-CoV-2 original?,Variante Delta é pelo menos duas vezes mais contagiosa que o SARS-CoV-2 original?,,https://poligrafo.sapo.pt/fact-check/variante-delta-e-pelo-menos-duas-vezes-mais-contagiosa-que-o-sars-cov-2-original,0,Polígrafo - SAPO,poligrafo.sapo.pt,2021-10-24 14:00:59,True,original
"Os generais do Pentágono têm melhor ar e são mais fortes do que Tom Cruise"". Trump afirmou-o?","Os generais do Pentágono têm melhor ar e são mais fortes do que Tom Cruise"". Trump afirmou-o?",,https://poligrafo.sapo.pt/fact-check/os-generais-do-pentagono-tem-melhor-ar-e-sao-mais-fortes-do-que-tom-cruise-trump-afirmou-o,0,Polígrafo - SAPO,poligrafo.sapo.pt,2019-04-18 15:18:45,True,original
Motoristas da Carris são obrigados a ajudar passageiros com mobilidade reduzida? (COM VÍDEO),Motoristas da Carris são obrigados a ajudar passageiros com mobilidade reduzida? (COM VÍDEO),,https://poligrafo.sapo.pt/fact-check/motoristas-da-carris-sao-obrigados-a-ajudar-passageiros-com-mobilidade-reduzida,0,Polígrafo - SAPO,poligrafo.sapo.pt,2021-07-12 08:00:20,True,original
Catarina Martins alega que o número de utentes sem médico de família aumentou desde 2017. Está certa?,Catarina Martins alega que o número de utentes sem médico de família aumentou desde 2017. Está certa?,,https://poligrafo.sapo.pt/fact-check/catarina-martins-alega-que-o-numero-de-utentes-sem-medico-de-familia-aumentou-desde-2017-esta-certa,0,Polígrafo - SAPO,poligrafo.sapo.pt,2022-01-05 14:36:08,True,original
Bombeiros madeirenses começaram a ser vacinados em janeiro e os de Portugal Continental só em fevereiro?,Bombeiros madeirenses começaram a ser vacinados em janeiro e os de Portugal Continental só em fevereiro?,,https://poligrafo.sapo.pt/fact-check/bombeiros-madeirenses-comecaram-a-ser-vacinados-em-janeiro-e-em-portugal-continental-so-em-fevereiro,0,Polígrafo - SAPO,poligrafo.sapo.pt,2021-02-20 15:30:14,True,original
Parlamento discute hoje expansão do Metro para Loures. Ana Paula Vitorino já a tinha anunciado há 10 anos?,Parlamento discute hoje expansão do Metro para Loures. Ana Paula Vitorino já a tinha anunciado há 10 anos?,,https://poligrafo.sapo.pt/fact-check/ana-paula-vitorino-anunciou-em-2009-a-expansao-do-metro-de-lisboa-ate-loures,0,Polígrafo - SAPO,poligrafo.sapo.pt,2019-07-04 14:15:10,True,original
José Sócrates e António Costa extinguiram os guardas florestais em 2006? (COM VÍDEO),José Sócrates e António Costa extinguiram os guardas florestais em 2006? (COM VÍDEO),,https://poligrafo.sapo.pt/fact-check/jose-socrates-e-antonio-costa-extinguiram-os-guardas-florestais-em-2006,0,Polígrafo - SAPO,poligrafo.sapo.pt,2019-03-28 08:45:10,True,original
"Marques Mendes na SIC: ""Há quatro contratos e acordos” no negócio do Novo Banco. Verdadeiro ou falso?","Marques Mendes na SIC: ""Há quatro contratos e acordos” no negócio do Novo Banco. Verdadeiro ou falso?",,https://poligrafo.sapo.pt/fact-check/marques-mendes-na-sic-ha-quatro-contratos-sobre-o-novo-banco-verdadeiro-ou-falso,0,Polígrafo - SAPO,poligrafo.sapo.pt,2020-05-25 18:30:52,True,original
"Candidata do Chega a Vendas Novas dá ""consultas de Tarot e Cartomancia""?","Candidata do Chega a Vendas Novas dá ""consultas de Tarot e Cartomancia""?",,https://poligrafo.sapo.pt/fact-check/candidata-do-chega-a-vendas-novas-da-consultas-de-tarot-e-cartomancia,0,Polígrafo - SAPO,poligrafo.sapo.pt,2021-08-13 10:06:02,True,original
Hospital de Faro enviou carta de pêsames a mãe de bebé que afinal estava vivo?,Hospital de Faro enviou carta de pêsames a mãe de bebé que afinal estava vivo?,,https://poligrafo.sapo.pt/fact-check/hospital-de-faro-enviou-carta-de-pesames-a-mae-de-bebe-que-afinal-estava-vivo,0,Polígrafo - SAPO,poligrafo.sapo.pt,2020-02-10 11:00:54,True,original
Confirma-se que cerca de um terço do gás natural consumido na Europa provém da Rússia?,Confirma-se que cerca de um terço do gás natural consumido na Europa provém da Rússia?,,https://poligrafo.sapo.pt/fact-check/confirma-se-que-cerca-de-um-terco-do-gas-natural-consumido-na-europa-provem-da-russia,0,Polígrafo - SAPO,poligrafo.sapo.pt,2022-04-25 08:00:00,True,original
"Líder dos ""taliban"" encontrou-se recentemente com o ministro dos Negócios Estrangeiros da China?","Líder dos ""taliban"" encontrou-se recentemente com o ministro dos Negócios Estrangeiros da China?",,https://poligrafo.sapo.pt/fact-check/lider-dos-taliban-encontrou-se-recentemente-com-o-ministro-dos-negocios-estrangeiros-da-china,0,Polígrafo - SAPO,poligrafo.sapo.pt,2021-08-20 10:00:12,True,original
Imagem de crianças (uma vacinada e outra não) que foram expostas à varíola é autêntica?,Imagem de crianças (uma vacinada e outra não) que foram expostas à varíola é autêntica?,,https://poligrafo.sapo.pt/fact-check/imagem-de-criancas-uma-vacinada-e-outra-nao-que-foram-expostas-a-variola-e-autentica,0,Polígrafo - SAPO,poligrafo.sapo.pt,2021-01-31 13:30:23,True,original
Câmara de Lisboa enviou dados de manifestantes pró-Palestina à Embaixada de Israel em 2019?,Câmara de Lisboa enviou dados de manifestantes pró-Palestina à Embaixada de Israel em 2019?,,https://poligrafo.sapo.pt/fact-check/camara-de-lisboa-enviou-dados-de-manifestantes-pro-palestina-a-embaixada-de-israel-em-2019,0,Polígrafo - SAPO,poligrafo.sapo.pt,2021-06-12 08:00:18,True,original
Reta do Cabo na EN10 vai ter radares que medem velocidade média entre dois pontos?,Reta do Cabo na EN10 vai ter radares que medem velocidade média entre dois pontos?,,https://poligrafo.sapo.pt/fact-check/reta-do-cabo-na-en10-vai-ter-radares-que-medem-velocidade-media-entre-dois-pontos,0,Polígrafo - SAPO,poligrafo.sapo.pt,2020-08-22 08:30:10,True,original
Pílula contraceptiva tem maior probabilidade de criar coágulos sanguíneos do que vacina da AstraZeneca?,Pílula contraceptiva tem maior probabilidade de criar coágulos sanguíneos do que vacina da AstraZeneca?,,https://poligrafo.sapo.pt/fact-check/pilula-contraceptiva-tem-maior-probabilidade-de-criar-coagulos-sanguineos-do-que-vacina-da-astrazeneca,0,Polígrafo - SAPO,poligrafo.sapo.pt,2021-03-21 09:00:18,True,original
"Cabrita condecorou SEF com medalha de ouro por ""serviços distintos"" antes de deixar o cargo?","Cabrita condecorou SEF com medalha de ouro por ""serviços distintos"" antes de deixar o cargo?",,https://poligrafo.sapo.pt/fact-check/cabrita-condecorou-sef-com-medalha-de-ouro-por-servicos-distintos-antes-de-deixar-o-cargo,0,Polígrafo - SAPO,poligrafo.sapo.pt,2021-12-17 19:15:49,True,original
Vídeo que mostra mulher a ser morta a tiro em Moçambique por homens com uniforme militar é autêntico? (COM ...,Vídeo que mostra mulher a ser morta a tiro em Moçambique por homens com uniforme militar é autêntico? (COM VÍDEO),,https://poligrafo.sapo.pt/fact-check/video-que-mostra-mulher-a-ser-morta-a-tiro-em-mocambique-por-homens-com-uniforme-militar-e-autentico,0,Polígrafo - SAPO,poligrafo.sapo.pt,2020-09-16 08:00:11,False,original
Livre pagou mil euros a restaurante de primo de Rui Tavares em iniciativa de campanha eleitoral?,Livre pagou mil euros a restaurante de primo de Rui Tavares em iniciativa de campanha eleitoral?,,https://poligrafo.sapo.pt/fact-check/livre-pagou-mil-euros-a-restaurante-de-primo-de-rui-tavares-em-iniciativa-de-campanha-eleitoral,0,Polígrafo - SAPO,poligrafo.sapo.pt,2020-09-10 10:00:20,True,original
Casa da Comédia em Lisboa foi demolida e vai dar lugar a zona de habitação?,Casa da Comédia em Lisboa foi demolida e vai dar lugar a zona de habitação?,,https://poligrafo.sapo.pt/fact-check/casa-da-comedia-em-lisboa-foi-demolida-e-vai-dar-lugar-a-zona-de-habitacao,0,Polígrafo - SAPO,poligrafo.sapo.pt,2021-07-23 08:00:12,True,original
"Autarquia de Setúbal reduziu o IMI em 0,01% e aumentou o estacionamento pago em mais de 500%?","Autarquia de Setúbal reduziu o IMI em 0,01% e aumentou o estacionamento pago em mais de 500%?",,https://poligrafo.sapo.pt/fact-check/autarquia-de-setubal-reduziu-o-imi-em-001-e-aumentou-o-estacionamento-pago-em-mais-de-500,0,Polígrafo - SAPO,poligrafo.sapo.pt,2021-04-22 17:00:32,True,original
"Matos Fernandes diz que produção hidroelétrica ""reduziu-se bastante"" nos últimos meses. Confirma-se?","Matos Fernandes diz que produção hidroelétrica ""reduziu-se bastante"" nos últimos meses. Confirma-se?",,https://poligrafo.sapo.pt/fact-check/matos-fernandes-diz-que-producao-hidroeletrica-reduziu-se-bastante-nos-ultimos-meses-confirma-se,0,Polígrafo - SAPO,poligrafo.sapo.pt,2022-02-26 09:00:00,True,original
Mandatário do RIR por Beja era também militante e dirigente do Chega?,Mandatário do RIR por Beja era também militante e dirigente do Chega?,,https://poligrafo.sapo.pt/fact-check/mandatario-do-rir-por-beja-era-tambem-militante-e-dirigente-do-chega,0,Polígrafo - SAPO,poligrafo.sapo.pt,2021-11-30 11:00:58,True,original
"Cerca de 99% do território português ""está em seca moderada, severa ou extrema""?","Cerca de 99% do território português ""está em seca moderada, severa ou extrema""?",,https://poligrafo.sapo.pt/fact-check/cerca-de-99-do-territorio-portugues-esta-em-seca-moderada-severa-ou-extrema,0,Polígrafo - SAPO,poligrafo.sapo.pt,2022-02-22 18:42:00,True,original
Governo quer manter estratégia da TAP no Porto apesar de ter garantido que ouviria o país se a empresa foss...,Governo quer manter estratégia da TAP no Porto apesar de ter garantido que ouviria o país se a empresa fosse para o Estado?,,https://poligrafo.sapo.pt/fact-check/governo-quer-manter-estrategia-da-tap-no-porto-apesar-de-ter-garantido-que-ouviria-o-pais-se-a-empresa-fosse-para-o-estado,0,Polígrafo - SAPO,poligrafo.sapo.pt,2022-01-11 15:00:00,False,original
Fotografias e vídeos partilhados de cães subnutridos de João Moura nas redes sociais são autênticos?,Fotografias e vídeos partilhados de cães subnutridos de João Moura nas redes sociais são autênticos?,,https://poligrafo.sapo.pt/fact-check/fotografias-partilhadas-de-caes-de-joao-moura-nas-redes-sociais-sao-autenticas,0,Polígrafo - SAPO,poligrafo.sapo.pt,2020-02-20 16:00:21,True,original
Covid-19. Em janeiro de 2022 registam-se cinco vezes menos mortes do que em janeiro de 2021?,Covid-19. Em janeiro de 2022 registam-se cinco vezes menos mortes do que em janeiro de 2021?,,https://poligrafo.sapo.pt/fact-check/covid-19-em-janeiro-de-2022-registam-se-cinco-vezes-menos-mortes-do-que-em-janeiro-de-2021,0,Polígrafo - SAPO,poligrafo.sapo.pt,2022-01-18 16:08:00,True,original
"Francisco Louçã na SIC-N: ""Os deputados não têm direito a uma reforma especial ao fim de oito anos no cargo","Francisco Louçã na SIC-N: ""Os deputados não têm direito a uma reforma especial ao fim de oito anos no cargo",,https://poligrafo.sapo.pt/fact-check/os-deputados-tem-direito-a-uma-reforma-especial-quando-completam-oito-anos-no-cargo,0,Polígrafo - SAPO,poligrafo.sapo.pt,2018-12-08 20:24:18,True,original
"Os 10 países que entraram na UE em 2004 estão ""prestes a ultrapassar Portugal no PIB per capita""?","Os 10 países que entraram na UE em 2004 estão ""prestes a ultrapassar Portugal no PIB per capita""?",,https://poligrafo.sapo.pt/fact-check/os-10-paises-que-entraram-na-ue-em-2004-estao-prestes-a-ultrapassar-portugal-no-pib-per-capita,0,Polígrafo - SAPO,poligrafo.sapo.pt,2020-02-27 11:39:48,True,original
"Portal ""Mais Transparência"" oculta verbas que empresas ""recebem dos projetos em que são parceiras""? (COM VÍ...","Portal ""Mais Transparência"" oculta verbas que empresas ""recebem dos projetos em que são parceiras""? (COM VÍDEO)",,https://poligrafo.sapo.pt/fact-check/portal-mais-transparencia-oculta-verbas-que-empresas-recebem-dos-projetos-em-que-sao-parceiras,0,Polígrafo - SAPO,poligrafo.sapo.pt,2021-05-11 16:20:27,False,original
António Costa: “Portugal foi o primeiro país a assumir objectivo da neutralidade carbónica em 2015?” Verdad...,António Costa: “Portugal foi o primeiro país a assumir objectivo da neutralidade carbónica em 2015?” Verdadeiro ou falso?,António Costa,https://poligrafo.sapo.pt/fact-check/5630,0,Polígrafo - SAPO,poligrafo.sapo.pt,2019-09-24 18:26:25,False,original
"Aumento do IVA da eletricidade em 2011 foi uma medida ""provisória"" no âmbito do memorando da ""troika""?","Aumento do IVA da eletricidade em 2011 foi uma medida ""provisória"" no âmbito do memorando da ""troika""?",,https://poligrafo.sapo.pt/fact-check/aumento-do-iva-da-eletricidade-em-2011-foi-uma-medida-provisoria-no-ambito-do-memorando-da-troika,0,Polígrafo - SAPO,poligrafo.sapo.pt,2020-02-06 13:36:57,True,original
Mais de uma centena de novas viaturas da PSP estão paradas à espera da cerimónia de entrega?,Mais de uma centena de novas viaturas da PSP estão paradas à espera da cerimónia de entrega?,,https://poligrafo.sapo.pt/fact-check/mais-de-uma-centena-de-novas-viaturas-da-psp-estao-paradas-a-espera-da-cerimonia-de-entrega,0,Polígrafo - SAPO,poligrafo.sapo.pt,2021-06-22 15:55:09,True,original
"Bolsonaro vai ser ""denunciado por crime contra a humanidade"" e ""ecocídio"" no Tribunal Penal Internacional?","Bolsonaro vai ser ""denunciado por crime contra a humanidade"" e ""ecocídio"" no Tribunal Penal Internacional?",,https://poligrafo.sapo.pt/fact-check/bolsonaro-vai-ser-denunciado-por-crime-contra-a-humanidade-na-holanda,0,Polígrafo - SAPO,poligrafo.sapo.pt,2019-09-06 10:00:58,True,original
12 Estados-membros da UE assinaram carta sobre construção de muros para travar imigração ilegal?,12 Estados-membros da UE assinaram carta sobre construção de muros para travar imigração ilegal?,,https://poligrafo.sapo.pt/fact-check/12-estados-membros-da-ue-assinaram-carta-sobre-construcao-de-muros-para-travar-imigracao-ilegal,0,Polígrafo - SAPO,poligrafo.sapo.pt,2021-11-23 11:00:19,True,original
Gasolina em Portugal mais cara 17 cêntimos/litro do que média da UE no último trimestre de 2021?,Gasolina em Portugal mais cara 17 cêntimos/litro do que média da UE no último trimestre de 2021?,,https://poligrafo.sapo.pt/fact-check/gasolina-em-portugal-mais-cara-17-centimos-litro-do-que-media-da-ue-no-ultimo-trimestre-de-2021,0,Polígrafo - SAPO,poligrafo.sapo.pt,2022-02-12 14:55:00,True,original
Bebé Matilde: Pedro Chagas Freitas mentiu no Facebook ao dizer que o Estado recusou pagar o tratamento?,Bebé Matilde: Pedro Chagas Freitas mentiu no Facebook ao dizer que o Estado recusou pagar o tratamento?,,https://poligrafo.sapo.pt/fact-check/bebe-matilde-pedro-chagas-freitas-mentiu-no-facebook-sobre-o-papel-do-estado-no-processo,0,Polígrafo - SAPO,poligrafo.sapo.pt,2019-07-04 18:55:54,True,original
"Criminalidade geral diminuiu em 2020 mas registaram-se ""mais homicídios, mais roubos e mais extorsão""?","Criminalidade geral diminuiu em 2020 mas registaram-se ""mais homicídios, mais roubos e mais extorsão""?",,https://poligrafo.sapo.pt/fact-check/criminalidade-geral-diminuiu-em-2020-mas-registaram-se-mais-homicidios-mais-roubos-e-mais-extorsao,0,Polígrafo - SAPO,poligrafo.sapo.pt,2021-04-02 10:00:57,True,original
As funções da mulher do ministro Siza Vieira podem originar conflitos de interesses?,As funções da mulher do ministro Siza Vieira podem originar conflitos de interesses?,Pedro Siza Vieira,https://poligrafo.sapo.pt/fact-check/siza,0,Polígrafo - SAPO,poligrafo.sapo.pt,2018-10-19 21:48:49,True,original
Bolsonaro autorizou plantação de cana de açúcar na Amazónia e no Pantanal?,Bolsonaro autorizou plantação de cana de açúcar na Amazónia e no Pantanal?,,https://poligrafo.sapo.pt/fact-check/bolsonaro-autorizou-plantacao-de-cana-de-acucar-na-amazonia-e-no-pantanal,0,Polígrafo - SAPO,poligrafo.sapo.pt,2019-11-12 16:55:23,True,original
Prejuízos da TAP cifraram-se em 493 milhões de euros no primeiro semestre de 2021?,Prejuízos da TAP cifraram-se em 493 milhões de euros no primeiro semestre de 2021?,,https://poligrafo.sapo.pt/fact-check/prejuizos-da-tap-cifraram-se-em-493-milhoes-de-euros-no-primeiro-semestre-de-2021,0,Polígrafo - SAPO,poligrafo.sapo.pt,2021-09-06 10:00:13,True,original
Papa Francisco recusou que fiéis beijassem o anel papal?,Papa Francisco recusou que fiéis beijassem o anel papal?,,https://poligrafo.sapo.pt/fact-check/papa-francisco-recusou-que-fieis-beijassem-o-anel-papal,0,Polígrafo - SAPO,poligrafo.sapo.pt,2019-04-05 20:09:59,True,original
"Fundador dos autodenominados ""Médicos pela Verdade"" foi detido na Argentina? (COM VÍDEO)","Fundador dos autodenominados ""Médicos pela Verdade"" foi detido na Argentina? (COM VÍDEO)",,https://poligrafo.sapo.pt/fact-check/fundador-dos-autodenominados-medicos-pela-verdade-foi-detido-na-argentina,0,Polígrafo - SAPO,poligrafo.sapo.pt,2021-06-11 10:00:33,True,original
"Máscara cirúrgica descartável deve ser renovada ""de quatro em quatro horas e sempre que estiver húmida""?","Máscara cirúrgica descartável deve ser renovada ""de quatro em quatro horas e sempre que estiver húmida""?",,https://poligrafo.sapo.pt/fact-check/mascara-cirurgica-descartavel-deve-ser-renovada-de-quatro-em-quatro-horas-e-sempre-que-estiver-humida,0,Polígrafo - SAPO,poligrafo.sapo.pt,2020-10-15 14:00:08,True,original
Intervenção artística em Arroios custou 37 mil euros ao erário público?,Intervenção artística em Arroios custou 37 mil euros ao erário público?,,https://poligrafo.sapo.pt/fact-check/intervencao-artistica-em-arroios-custou-37-mil-euros-ao-erario-publico,0,Polígrafo - SAPO,poligrafo.sapo.pt,2021-04-09 17:00:23,True,original
"Autarca da Trofa disse que o ministro do Ambiente ""é um alienado e um alucinado""?","Autarca da Trofa disse que o ministro do Ambiente ""é um alienado e um alucinado""?",,https://poligrafo.sapo.pt/fact-check/autarca-da-trofa-disse-que-o-ministro-do-ambiente-e-um-alienado-e-um-alucinado,0,Polígrafo - SAPO,poligrafo.sapo.pt,2020-01-24 11:00:50,True,original
"Feedzai é a primeira empresa portuguesa ao nível ""startup unicórnio"" com sede em Portugal?","Feedzai é a primeira empresa portuguesa ao nível ""startup unicórnio"" com sede em Portugal?",,https://poligrafo.sapo.pt/fact-check/feedzai-e-a-primeira-empresa-portuguesa-ao-nivel-startup-unicornio-com-sede-em-portugal,0,Polígrafo - SAPO,poligrafo.sapo.pt,2021-03-29 12:15:50,True,original
Concelhia do PS aprova recandidatura de Valdemar Alves à presidência da Câmara de Pedrógão Grande?,Concelhia do PS aprova recandidatura de Valdemar Alves à presidência da Câmara de Pedrógão Grande?,,https://poligrafo.sapo.pt/fact-check/concelhia-do-ps-aprova-recandidatura-de-valdemar-alves-a-presidencia-da-camara-de-pedrogao-grande,0,Polígrafo - SAPO,poligrafo.sapo.pt,2021-03-13 17:52:16,True,original
Gráfico que mostra queda do investimento na autarquia do Porto durante a presidência de Rui Rio tem dados c...,Gráfico que mostra queda do investimento na autarquia do Porto durante a presidência de Rui Rio tem dados corretos?,,https://poligrafo.sapo.pt/fact-check/grafico-que-mostra-queda-do-investimento-na-autarquia-do-porto-durante-a-presidencia-de-rui-rio-tem-dados-corretos,0,Polígrafo - SAPO,poligrafo.sapo.pt,2022-01-10 18:00:00,False,original
"Rússia e EUA possuem em conjunto ""90% do arsenal nuclear mundial""?","Rússia e EUA possuem em conjunto ""90% do arsenal nuclear mundial""?",,https://poligrafo.sapo.pt/fact-check/russia-e-eua-possuem-em-conjunto-90-do-arsenal-nuclear-mundial,0,Polígrafo - SAPO,poligrafo.sapo.pt,2022-04-11 11:00:00,True,original
"Paulo Portas disse em 2009 que ""o RSI é um financiamento à preguiça""?","Paulo Portas disse em 2009 que ""o RSI é um financiamento à preguiça""?",,https://poligrafo.sapo.pt/fact-check/paulo-portas-disse-em-2009-que-o-rsi-e-um-financiamento-a-preguica,0,Polígrafo - SAPO,poligrafo.sapo.pt,2021-01-27 10:00:59,True,original
"Cabrita diz que Portugal é ""referência de segurança"" a nível europeu e mundial. Confirma-se?","Cabrita diz que Portugal é ""referência de segurança"" a nível europeu e mundial. Confirma-se?",,https://poligrafo.sapo.pt/fact-check/cabrita-diz-que-portugal-e-referencia-de-seguranca-a-nivel-europeu-e-mundial-confirma-se,0,Polígrafo - SAPO,poligrafo.sapo.pt,2021-08-28 17:00:02,True,original
Cristina Rodrigues defende fim das touradas mas vai ser assessora do Chega?,Cristina Rodrigues defende fim das touradas mas vai ser assessora do Chega?,,https://poligrafo.sapo.pt/fact-check/cristina-rodrigues-defende-fim-das-touradas-mas-vai-ser-assessora-do-chega,0,Polígrafo - SAPO,poligrafo.sapo.pt,2022-03-23 16:33:43,True,original
"PCP é ""o partido com mais dinheiro no banco"" apesar de ser ""anti-capitalista""?","PCP é ""o partido com mais dinheiro no banco"" apesar de ser ""anti-capitalista""?",,https://poligrafo.sapo.pt/fact-check/pcp-e-o-partido-com-mais-dinheiro-no-banco-apesar-de-ser-anti-capitalista,0,Polígrafo - SAPO,poligrafo.sapo.pt,2019-07-13 08:00:13,True,original
Chega defende regime de exclusividade de deputados mas André Ventura acumula salário de consultor privado? ...,Chega defende regime de exclusividade de deputados mas André Ventura acumula salário de consultor privado? (ATUALIZADO),,https://poligrafo.sapo.pt/fact-check/andre-ventura-defende-regime-de-exclusividade-de-deputados-mas-acumula-salario-de-consultor-privado,0,Polígrafo - SAPO,poligrafo.sapo.pt,2020-02-21 08:58:28,False,original
Morreram cerca de 72 mil portugueses em acidentes de viação desde 1975?,Morreram cerca de 72 mil portugueses em acidentes de viação desde 1975?,,https://poligrafo.sapo.pt/fact-check/morreram-cerca-de-72-mil-portugueses-em-acidentes-de-viacao-desde-1975,0,Polígrafo - SAPO,poligrafo.sapo.pt,2022-01-26 15:00:00,True,original
Ex-deputada do PAN quer faltas justificadas por luto de animais?,Ex-deputada do PAN quer faltas justificadas por luto de animais?,,https://poligrafo.sapo.pt/fact-check/ex-deputada-do-pan-quer-faltas-justificadas-por-luto-de-animais,0,Polígrafo - SAPO,poligrafo.sapo.pt,2020-10-18 22:00:25,True,original
"Jornalista disse que jogador do Real Madrid era ""mais negro do que o próprio fato""?","Jornalista disse que jogador do Real Madrid era ""mais negro do que o próprio fato""?",,https://poligrafo.sapo.pt/fact-check/jornalista-disse-que-jogador-do-real-madrid-era-mais-negro-do-que-o-proprio-fato,0,Polígrafo - SAPO,poligrafo.sapo.pt,2021-10-04 17:00:58,True,original
Preços dos combustíveis na Madeira são muito inferiores aos do território continental?,Preços dos combustíveis na Madeira são muito inferiores aos do território continental?,,https://poligrafo.sapo.pt/fact-check/precos-dos-combustiveis-na-madeira-sao-muito-inferiores-aos-do-territorio-continental,0,Polígrafo - SAPO,poligrafo.sapo.pt,2022-03-09 17:00:00,True,original
Rio afirma que PS nunca viabilizou um governo minoritário do PSD. Confirma-se?,Rio afirma que PS nunca viabilizou um governo minoritário do PSD. Confirma-se?,,https://poligrafo.sapo.pt/fact-check/rio-afirma-que-ps-nunca-viabilizou-um-governo-minoritario-do-psd-confirma-se,0,Polígrafo - SAPO,poligrafo.sapo.pt,2021-12-19 09:30:18,True,original
"Confirma-se que ""um milhão de reformados recebe menos de 300 euros"" de pensão por mês?","Confirma-se que ""um milhão de reformados recebe menos de 300 euros"" de pensão por mês?",,https://poligrafo.sapo.pt/fact-check/confirma-se-que-um-milhao-de-reformados-recebe-menos-de-300-euros-de-pensao-por-mes,0,Polígrafo - SAPO,poligrafo.sapo.pt,2022-03-22 17:00:00,True,original
Music-Check. Vocalista dos Alice in Chains agrediu fã durante um concerto em Estocolmo?,Music-Check. Vocalista dos Alice in Chains agrediu fã durante um concerto em Estocolmo?,,https://poligrafo.sapo.pt/fact-check/music-check-vocalista-dos-alice-in-chains-agrediu-fa-durante-um-concerto-em-estocolmo,0,Polígrafo - SAPO,poligrafo.sapo.pt,2021-04-11 15:00:00,True,original
"Quem assumiu o compromisso de privatizar a TAP ""foi Sócrates em 2011"" com a ""troika""?","Quem assumiu o compromisso de privatizar a TAP ""foi Sócrates em 2011"" com a ""troika""?",,https://poligrafo.sapo.pt/fact-check/quem-assumiu-o-compromisso-de-privatizar-a-tap-foi-socrates-em-2011-com-a-troika,0,Polígrafo - SAPO,poligrafo.sapo.pt,2020-07-08 10:00:12,True,original
Câmara de Coimbra instalou passadeira para peões em rotunda rodoviária? (COM VÍDEO),Câmara de Coimbra instalou passadeira para peões em rotunda rodoviária? (COM VÍDEO),,https://poligrafo.sapo.pt/fact-check/camara-de-coimbra-instalou-passadeira-para-peoes-em-rotunda-rodoviaria,0,Polígrafo - SAPO,poligrafo.sapo.pt,2021-03-30 08:00:17,True,original
"Morte de Arnaldo de Matos: 45 anos depois do 25 de Abril o revolucionário usava os nomes de código ""Espárta...","Morte de Arnaldo de Matos: 45 anos depois do 25 de Abril o revolucionário usava os nomes de código ""Espártaco"", ""João"" e ""Viriato""?",,https://poligrafo.sapo.pt/fact-check/45-anos-depois-do-25-de-abril-arnaldo-de-matos-ainda-usava-os-nomes-de-codigo-espartaco-joao-e-viriato,0,Polígrafo - SAPO,poligrafo.sapo.pt,2019-02-22 13:54:14,False,original
"Criança portuguesa de 13 anos toureou novilhos no México, mesmo depois de ter desmaiado na praça de touros?","Criança portuguesa de 13 anos toureou novilhos no México, mesmo depois de ter desmaiado na praça de touros?",,https://poligrafo.sapo.pt/fact-check/crianca-portuguesa-de-13-anos-toureou-novilhos-no-mexico-mesmo-depois-de-ter-desmaiado-na-praca-de-touros,0,Polígrafo - SAPO,poligrafo.sapo.pt,2020-11-28 17:00:16,True,original
Sócrates deu o maior aumento à Função Pública nos últimos anos e iniciou congelamento da carreira docente? ...,Sócrates deu o maior aumento à Função Pública nos últimos anos e iniciou congelamento da carreira docente? (COM VÍDEO),,https://poligrafo.sapo.pt/fact-check/socrates-concedeu-o-maior-aumento-dos-salarios-da-funcao-publica-nas-ultimas-decadas-e-iniciou-congelamento-da-carreira-dos-professores,0,Polígrafo - SAPO,poligrafo.sapo.pt,2018-12-28 08:41:50,False,original
Jerónimo de Sousa pode reclamar autoria da proposta de atribuição de livros gratuitos,Jerónimo de Sousa pode reclamar autoria da proposta de atribuição de livros gratuitos,Jerónimo de Sousa,https://poligrafo.sapo.pt/fact-check/683,0,Polígrafo - SAPO,poligrafo.sapo.pt,2018-10-31 21:11:31,True,original
Clientes dos CTT estão a ser alvo de esquema fraudulento via SMS?,Clientes dos CTT estão a ser alvo de esquema fraudulento via SMS?,,https://poligrafo.sapo.pt/fact-check/clientes-dos-ctt-estao-a-ser-alvo-de-esquema-fraudulento-via-sms,0,Polígrafo - SAPO,poligrafo.sapo.pt,2021-02-26 18:00:14,True,original
Vídeo viral que mostra dezenas de pessoas em animação noturna numa rua de Albufeira é atual?,Vídeo viral que mostra dezenas de pessoas em animação noturna numa rua de Albufeira é atual?,,https://poligrafo.sapo.pt/fact-check/video-viral-que-mostra-dezenas-de-pessoas-em-animacao-noturna-numa-rua-de-albufeira-e-atual,0,Polígrafo - SAPO,poligrafo.sapo.pt,2021-06-10 17:00:32,True,original
Portugal tem mais eleitores registados do que população residente? (COM VÍDEO),Portugal tem mais eleitores registados do que população residente? (COM VÍDEO),,https://poligrafo.sapo.pt/fact-check/portugal-tem-mais-eleitores-registados-do-que-populacao-residente,0,Polígrafo - SAPO,poligrafo.sapo.pt,2021-01-26 09:00:54,True,original
Ferro Rodrigues tem direito a subvenção mensal vitalícia?,Ferro Rodrigues tem direito a subvenção mensal vitalícia?,,https://poligrafo.sapo.pt/fact-check/ferro-rodrigues-tem-direito-a-subvencao-mensal-vitalicia,0,Polígrafo - SAPO,poligrafo.sapo.pt,2021-11-28 09:00:32,True,original
"Jerónimo enviou carta a Maduro com ""calorosas saudações"" pela tomada de posse na Venezuela? (COM VÍDEO)","Jerónimo enviou carta a Maduro com ""calorosas saudações"" pela tomada de posse na Venezuela? (COM VÍDEO)",,https://poligrafo.sapo.pt/fact-check/jeronimo-enviou-carta-a-maduro-com-calorosas-saudacoes-pela-tomada-de-posse-na-venezuela,0,Polígrafo - SAPO,poligrafo.sapo.pt,2019-01-12 09:23:37,True,original
O gabinete de António Costa custa 162 mil euros por mês. Verdadeiro ou falso?,O gabinete de António Costa custa 162 mil euros por mês. Verdadeiro ou falso?,,https://poligrafo.sapo.pt/fact-check/gabinete-de-antonio-costa-custa-162-mil-euros-por-mes,0,Polígrafo - SAPO,poligrafo.sapo.pt,2019-04-13 08:00:54,True,original
"Autoridade Tributária quer cobrar IMI à Fundação Gil Eannes que está ""instalada num navio""?","Autoridade Tributária quer cobrar IMI à Fundação Gil Eannes que está ""instalada num navio""?",,https://poligrafo.sapo.pt/fact-check/autoridade-tributaria-quer-cobrar-imi-a-fundacao-gil-eannes-que-esta-instalada-num-navio,0,Polígrafo - SAPO,poligrafo.sapo.pt,2020-12-01 11:30:30,True,original
"Transexualidade. Maria Vieira disse que ""o homem nasce homem e a mulher nasce mulher""?","Transexualidade. Maria Vieira disse que ""o homem nasce homem e a mulher nasce mulher""?",,https://poligrafo.sapo.pt/fact-check/transexualidade-maria-vieira-disse-que-o-homem-nasce-homem-e-a-mulher-nasce-mulher,0,Polígrafo - SAPO,poligrafo.sapo.pt,2021-12-02 15:00:58,True,original
Fotografias de paredes degradadas no Hospital das Caldas da Rainha são autênticas?,Fotografias de paredes degradadas no Hospital das Caldas da Rainha são autênticas?,,https://poligrafo.sapo.pt/fact-check/fotografias-de-paredes-degradadas-no-hospital-das-caldas-da-rainha-sao-autenticas,0,Polígrafo - SAPO,poligrafo.sapo.pt,2020-02-06 11:14:23,True,original
PSP abriu inquérito sobre agentes de Lagos acusados de matar cidadão estrangeiro à pancada?,PSP abriu inquérito sobre agentes de Lagos acusados de matar cidadão estrangeiro à pancada?,,https://poligrafo.sapo.pt/fact-check/psp-abriu-inquerito-sobre-agentes-de-lagos-acusados-de-matar-cidadao-estrangeiro-a-pancada,0,Polígrafo - SAPO,poligrafo.sapo.pt,2021-09-16 08:00:32,True,original
"Portugal gastou 200 mil euros em alcatifas e ""ofertas institucionais"" para eventos da Presidência Europeia?","Portugal gastou 200 mil euros em alcatifas e ""ofertas institucionais"" para eventos da Presidência Europeia?",,https://poligrafo.sapo.pt/fact-check/portugal-gastou-200-mil-euros-em-alcatifas-e-ofertas-institucionais-para-eventos-da-presidencia-europeia,0,Polígrafo - SAPO,poligrafo.sapo.pt,2021-03-11 11:00:47,True,original
Não mudar a hora é recomendado pela ciência?,Não mudar a hora é recomendado pela ciência?,,https://poligrafo.sapo.pt/fact-check/nao-mudar-a-hora-e-recomendado-pela-ciencia,0,Polígrafo - SAPO,poligrafo.sapo.pt,2018-10-02 00:22:04,True,original
Portagens. Viagem entre Porto e Faro custa quatro vezes mais do que entre Vilar Formoso e Valência?,Portagens. Viagem entre Porto e Faro custa quatro vezes mais do que entre Vilar Formoso e Valência?,,https://poligrafo.sapo.pt/fact-check/portagens-viagem-entre-porto-e-faro-custa-quatro-vezes-mais-do-que-entre-vilar-formoso-e-valencia,0,Polígrafo - SAPO,poligrafo.sapo.pt,2021-07-02 10:00:34,True,original
"Votos nulos ou em branco e abstenção têm ""valor zero"" nos resultados eleitorais e financiamento dos partidos?","Votos nulos ou em branco e abstenção têm ""valor zero"" nos resultados eleitorais e financiamento dos partidos?",,https://poligrafo.sapo.pt/fact-check/votos-nulos-ou-em-branco-e-abstencao-tem-valor-zero-nos-resultados-eleitorais-e-financiamento-dos-partidos,0,Polígrafo - SAPO,poligrafo.sapo.pt,2021-07-27 08:00:18,True,original
Imagens que mostram a Praça Luís de Camões repleta de lixo e sujidade são autênticas?,Imagens que mostram a Praça Luís de Camões repleta de lixo e sujidade são autênticas?,,https://poligrafo.sapo.pt/fact-check/imagens-que-mostram-a-praca-luis-de-camoes-repleta-de-lixo-e-sujidade-sao-autenticas,0,Polígrafo - SAPO,poligrafo.sapo.pt,2021-09-17 10:00:49,True,original
Ventura faltou a votação de medidas anticorrupção para estar com Le Pen em Bruxelas?,Ventura faltou a votação de medidas anticorrupção para estar com Le Pen em Bruxelas?,,https://poligrafo.sapo.pt/fact-check/ventura-faltou-a-votacao-de-medidas-anticorrupcao-para-estar-com-le-pen-em-bruxelas,0,Polígrafo - SAPO,poligrafo.sapo.pt,2021-11-19 15:56:21,True,original
Jovem no Cartaxo foi multada em 200 euros por estar a almoçar no interior de um automóvel? (COM VÍDEO),Jovem no Cartaxo foi multada em 200 euros por estar a almoçar no interior de um automóvel? (COM VÍDEO),,https://poligrafo.sapo.pt/fact-check/jovem-no-cartaxo-foi-multada-em-200-euros-por-estar-a-almocar-no-interior-de-um-automovel,0,Polígrafo - SAPO,poligrafo.sapo.pt,2021-04-07 07:50:48,True,original
Mendes tem razão ao dizer que há um orçamento manipulado?,Mendes tem razão ao dizer que há um orçamento manipulado?,Marques Mendes,https://poligrafo.sapo.pt/fact-check/marques-mendes,0,Polígrafo - SAPO,poligrafo.sapo.pt,2018-10-29 23:27:46,True,original
"Ramalho Eanes recusou pagamento de 1,3 milhões de euros em retroativos a que tinha direito?","Ramalho Eanes recusou pagamento de 1,3 milhões de euros em retroativos a que tinha direito?",,https://poligrafo.sapo.pt/fact-check/ramalho-eanes-recusou-pagamento-de-13-milhoes-de-euros-em-retroativos-a-que-tinha-direito,0,Polígrafo - SAPO,poligrafo.sapo.pt,2021-05-21 10:00:20,True,original
A Estátua da Liberdade em Nova Iorque mudou de cor devido à oxidação?,A Estátua da Liberdade em Nova Iorque mudou de cor devido à oxidação?,,https://poligrafo.sapo.pt/fact-check/a-estatua-da-liberdade-em-nova-iorque-mudou-de-cor-devido-a-oxidacao,0,Polígrafo - SAPO,poligrafo.sapo.pt,2019-12-22 14:00:17,True,original
Imagens de comboios da Linha de Sintra sobrelotados na manhã de 20 de janeiro são autênticas?,Imagens de comboios da Linha de Sintra sobrelotados na manhã de 20 de janeiro são autênticas?,,https://poligrafo.sapo.pt/fact-check/imagens-de-comboios-da-linha-de-sintra-sobrelotados-na-manha-de-20-de-janeiro-sao-autenticas,0,Polígrafo - SAPO,poligrafo.sapo.pt,2021-01-21 19:00:42,True,original
Arnaldo Matos referiu-se ao primeiro-ministro António Costa como “monhé”?,Arnaldo Matos referiu-se ao primeiro-ministro António Costa como “monhé”?,Miguel Sousa Tavares,https://poligrafo.sapo.pt/fact-check/arnaldo-matos-referiu-se-ao-primeiro-ministro-antonio-costa-como-monhe,0,Polígrafo - SAPO,poligrafo.sapo.pt,2018-12-18 08:37:14,True,original
"Centeno faltou à verdade ao dizer que ""é falso que tenha havido um aumento de impostos nesta legislatura”?","Centeno faltou à verdade ao dizer que ""é falso que tenha havido um aumento de impostos nesta legislatura”?",,https://poligrafo.sapo.pt/fact-check/e-falso-que-tenha-havido-um-aumento-de-impostos-nesta-legislatura-como-declarou-centeno,0,Polígrafo - SAPO,poligrafo.sapo.pt,2019-02-06 21:32:50,True,original
É verdade que os doentes com cancro só recebem 55% a 75% do seu salário bruto em caso de baixa médica?,É verdade que os doentes com cancro só recebem 55% a 75% do seu salário bruto em caso de baixa médica?,,https://poligrafo.sapo.pt/fact-check/e-verdade-que-os-doentes-com-cancro-so-recebem-55-a-75-do-seu-salario-bruto-em-caso-de-baixa-medica,0,Polígrafo - SAPO,poligrafo.sapo.pt,2019-06-24 18:38:26,True,original
"Debates TV. Marisa Matias: ""SNS acabou 2020 com menos 961 médicos do que no início do ano"". É verdade?","Debates TV. Marisa Matias: ""SNS acabou 2020 com menos 961 médicos do que no início do ano"". É verdade?",,https://poligrafo.sapo.pt/fact-check/debates-tv-sns-acabou-2020-com-menos-961-medicos-do-que-no-inicio-do-ano-como-diz-marisa-matias,0,Polígrafo - SAPO,poligrafo.sapo.pt,2021-01-09 16:00:34,True,original
Governo norte-americano gasta milhões em Viagra para os militares?,Governo norte-americano gasta milhões em Viagra para os militares?,,https://poligrafo.sapo.pt/fact-check/governo-norte-americano-gasta-milhoes-em-viagra-para-os-militares,0,Polígrafo - SAPO,poligrafo.sapo.pt,2019-05-27 12:10:17,True,original
Trabalhadores da Câmara Municipal de Setúbal têm prioridade para realizar testes à Covid-19?,Trabalhadores da Câmara Municipal de Setúbal têm prioridade para realizar testes à Covid-19?,,https://poligrafo.sapo.pt/fact-check/trabalhadores-da-camara-municipal-de-setubal-tem-prioridade-para-realizar-testes-a-covid-19,0,Polígrafo - SAPO,poligrafo.sapo.pt,2022-01-14 18:00:00,True,original
Carlos Moedas prometeu remover a ciclovia da Avenida Almirante Reis e agora admite mantê-la?,Carlos Moedas prometeu remover a ciclovia da Avenida Almirante Reis e agora admite mantê-la?,,https://poligrafo.sapo.pt/fact-check/carlos-moedas-prometeu-remover-a-ciclovia-da-avenida-almirante-reis-e-agora-admite-mante-la,0,Polígrafo - SAPO,poligrafo.sapo.pt,2022-03-07 12:00:00,True,original
Costa prometeu computadores para todos os alunos em 2020 mas ainda falta entregar 600 mil?,Costa prometeu computadores para todos os alunos em 2020 mas ainda falta entregar 600 mil?,,https://poligrafo.sapo.pt/fact-check/costa-prometeu-computadores-para-todos-os-alunos-em-2020-mas-ainda-faltam-entregar-600-mil,0,Polígrafo - SAPO,poligrafo.sapo.pt,2021-11-25 11:00:35,True,original
"Portugal registou ""a quarta maior"" quebra de produção industrial ""de toda a UE"" em maio?","Portugal registou ""a quarta maior"" quebra de produção industrial ""de toda a UE"" em maio?",,https://poligrafo.sapo.pt/fact-check/portugal-registou-a-quarta-maior-quebra-de-producao-industrial-de-toda-a-ue-em-maio,0,Polígrafo - SAPO,poligrafo.sapo.pt,2020-07-14 14:30:07,True,original
"BE pugna pela ""saída de Portugal da NATO"" e PCP exige ""dissolução da NATO""?","BE pugna pela ""saída de Portugal da NATO"" e PCP exige ""dissolução da NATO""?",,https://poligrafo.sapo.pt/fact-check/be-pugna-pela-saida-de-portugal-da-nato-e-pcp-exige-dissolucao-da-nato,0,Polígrafo - SAPO,poligrafo.sapo.pt,2022-03-02 19:00:00,True,original
"Portugal está a ser ""ultrapassado no PIB 'per capita'"" pelos 10 países que aderiram à UE em 2004?","Portugal está a ser ""ultrapassado no PIB 'per capita'"" pelos 10 países que aderiram à UE em 2004?",,https://poligrafo.sapo.pt/fact-check/portugal-esta-a-ser-ultrapassado-no-pib-per-capita-pelos-10-paises-que-aderiram-a-ue-em-2004,0,Polígrafo - SAPO,poligrafo.sapo.pt,2020-07-13 13:05:51,True,original
Freguesia liderada por autarca do PS apanhada a levar fruta do mercado sem a pagar foi umas das mais penali...,Freguesia liderada por autarca do PS apanhada a levar fruta do mercado sem a pagar foi umas das mais penalizadas em Lisboa?,,https://poligrafo.sapo.pt/fact-check/freguesia-liderada-por-autarca-apanhada-a-levar-fruta-no-mercado-sem-a-pagar-foi-onde-o-ps-perdeu-mais-votos-nas-autarquicas-em-lisboa,0,Polígrafo - SAPO,poligrafo.sapo.pt,2021-10-03 10:00:59,False,original
A Sociedade Portuguesa de Autores emitiu um comunicado contra a greve dos motoristas?,A Sociedade Portuguesa de Autores emitiu um comunicado contra a greve dos motoristas?,,https://poligrafo.sapo.pt/fact-check/a-sociedade-portuguesa-de-autores-emitiu-um-comunicado-contra-a-greve-dos-motoristas,0,Polígrafo - SAPO,poligrafo.sapo.pt,2019-08-13 18:44:20,True,original
Portugal é o país da Europa Ocidental com o mais baixo rendimento líquido de salários?,Portugal é o país da Europa Ocidental com o mais baixo rendimento líquido de salários?,,https://poligrafo.sapo.pt/fact-check/portugal-e-o-pais-da-europa-ocidental-com-o-mais-baixo-rendimento-liquido-de-salarios,0,Polígrafo - SAPO,poligrafo.sapo.pt,2021-10-16 08:00:12,True,original
Debates TV: Ventura critica Marcelo por ter elogiado legados de Costa e Centeno. Verdadeiro ou falso?,Debates TV: Ventura critica Marcelo por ter elogiado legados de Costa e Centeno. Verdadeiro ou falso?,,https://poligrafo.sapo.pt/fact-check/debates-tv-ventura-critica-marcelo-por-ter-elogiado-legados-de-costa-e-centeno-verdadeiro-ou-falso,0,Polígrafo - SAPO,poligrafo.sapo.pt,2021-01-07 08:51:26,True,original
"Está a desenvolver-se um projeto de retina artificial que poderá ""devolver visão a cegos""?","Está a desenvolver-se um projeto de retina artificial que poderá ""devolver visão a cegos""?",,https://poligrafo.sapo.pt/fact-check/esta-a-desenvolver-se-um-projeto-de-retina-artificial-que-podera-devolver-visao-a-cegos,0,Polígrafo - SAPO,poligrafo.sapo.pt,2019-12-08 15:52:24,True,original
Canal do Chega no YouTube tem mais subscritores do que os canais dos outros partidos todos juntos?,Canal do Chega no YouTube tem mais subscritores do que os canais dos outros partidos todos juntos?,,https://poligrafo.sapo.pt/fact-check/canal-do-chega-no-youtube-tem-mais-subscritores-do-que-os-canais-dos-outros-partidos-todos-juntos,0,Polígrafo - SAPO,poligrafo.sapo.pt,2019-12-17 11:00:39,True,original
Coronavírus: Colocar a máscara no queixo pode gerar contaminação? (COM VÍDEO),Coronavírus: Colocar a máscara no queixo pode gerar contaminação? (COM VÍDEO),,https://poligrafo.sapo.pt/fact-check/coronavirus-colocar-a-mascara-no-queixo-pode-gerar-contaminacao,0,Polígrafo - SAPO,poligrafo.sapo.pt,2020-07-31 08:00:16,True,original
Heloísa Apolónia foi nomeada consultora do Grupo Parlamentar do PEV?,Heloísa Apolónia foi nomeada consultora do Grupo Parlamentar do PEV?,,https://poligrafo.sapo.pt/fact-check/heloisa-apolonia-foi-nomeada-consultora-do-grupo-parlamentar-do-pev,0,Polígrafo - SAPO,poligrafo.sapo.pt,2019-12-03 10:33:49,True,original
Esquerda já viabilizou orçamentos deste Governo depois de os criticar duramente e ameaçar chumbá-los?,Esquerda já viabilizou orçamentos deste Governo depois de os criticar duramente e ameaçar chumbá-los?,,https://poligrafo.sapo.pt/fact-check/esquerda-ja-viabilizou-orcamentos-deste-governo-depois-de-os-criticar-duramente-e-ameacar-chumba-los,0,Polígrafo - SAPO,poligrafo.sapo.pt,2021-10-19 14:00:02,True,original
Rui Rio diz que um professor no topo da carreira ganha menos do que um juiz estagiário. Verdade ou falsidade?,Rui Rio diz que um professor no topo da carreira ganha menos do que um juiz estagiário. Verdade ou falsidade?,Rui Rio,https://poligrafo.sapo.pt/fact-check/rui-rio-diz-que-um-professor-no-topo-da-carreira-ganha-menos-do-que-um-juiz-estagiario-verdade-ou-falsidade,0,Polígrafo - SAPO,poligrafo.sapo.pt,2019-06-01 08:05:34,True,original
"Catarina Martins lembra que o PS ""assumia no seu programa"" em 2015 ""que iria manter as pensões congeladas""....","Catarina Martins lembra que o PS ""assumia no seu programa"" em 2015 ""que iria manter as pensões congeladas"". É verdade?",Catarina Martins,https://poligrafo.sapo.pt/fact-check/catarina-martins-lembra-que-o-ps-assumia-no-seu-programa-em-2015-que-iria-manter-as-pensoes-congeladas-e-verdade,0,Polígrafo - SAPO,poligrafo.sapo.pt,2019-09-30 13:50:48,False,original
"Portugal foi ultrapassado no PIB ""per capita"" por seis países (dos atuais 27 membros da UE) desde 2001?","Portugal foi ultrapassado no PIB ""per capita"" por seis países (dos atuais 27 membros da UE) desde 2001?",,https://poligrafo.sapo.pt/fact-check/portugal-foi-ultrapassado-no-pib-per-capita-por-seis-paises-dos-atuais-27-membros-da-ue-desde-2001,0,Polígrafo - SAPO,poligrafo.sapo.pt,2022-05-02 08:00:00,True,original
Há dívidas de portagens que podem ultrapassar os 60 mil euros?,Há dívidas de portagens que podem ultrapassar os 60 mil euros?,,https://poligrafo.sapo.pt/fact-check/ha-dividas-de-portagens-que-podem-ultrapassar-os-60-mil-euros,0,Polígrafo - SAPO,poligrafo.sapo.pt,2021-11-11 15:07:57,True,original
WhatsApp-Check: É verdade que Pedro Nuno Santos vendeu o seu Porsche 911 por ser “incompatível” com o socia...,WhatsApp-Check: É verdade que Pedro Nuno Santos vendeu o seu Porsche 911 por ser “incompatível” com o socialismo?,,https://poligrafo.sapo.pt/fact-check/whatsapp-check-e-verdade-que-pedro-nuno-santos-vendeu-o-seu-porsche-911-por-ser-incompativel-com-o-seu-socialismo,0,Polígrafo - SAPO,poligrafo.sapo.pt,2019-04-03 15:25:20,False,original
"Rui Rio sublinha que Paulo Rangel ""teve o pior resultado da história do PSD"". Verdadeiro ou falso?","Rui Rio sublinha que Paulo Rangel ""teve o pior resultado da história do PSD"". Verdadeiro ou falso?",,https://poligrafo.sapo.pt/fact-check/rui-rio-sublinha-que-paulo-rangel-teve-o-pior-resultado-da-historia-do-psd-verdadeiro-ou-falso,0,Polígrafo - SAPO,poligrafo.sapo.pt,2021-10-30 08:00:41,True,original
António Costa afirma que Portugal tem um saldo migratório positivo desde 2017. Verdade ou falsidade?,António Costa afirma que Portugal tem um saldo migratório positivo desde 2017. Verdade ou falsidade?,António Costa,https://poligrafo.sapo.pt/fact-check/antonio-costa-afirma-que-portugal-tem-um-saldo-migratorio-positivo-desde-2017-verdade-ou-falsidade,0,Polígrafo - SAPO,poligrafo.sapo.pt,2019-08-24 11:10:12,True,original
Governo contradiz-se no discurso relativo aos impostos sobre os combustíveis?,Governo contradiz-se no discurso relativo aos impostos sobre os combustíveis?,,https://poligrafo.sapo.pt/fact-check/governo-contradiz-se-no-discurso-relativo-aos-impostos-sobre-os-combustiveis,0,Polígrafo - SAPO,poligrafo.sapo.pt,2021-10-25 08:00:48,True,original
Febre alta e desmaios são efeitos secundários de uma das vacinas testadas contra a Covid-19?,Febre alta e desmaios são efeitos secundários de uma das vacinas testadas contra a Covid-19?,,https://poligrafo.sapo.pt/fact-check/febre-alta-e-desmaios-sao-efeitos-secundarios-de-uma-das-vacinas-testadas-contra-a-covid-19,0,Polígrafo - SAPO,poligrafo.sapo.pt,2020-07-06 10:37:17,True,original
Houve um aumento do consumo de álcool e drogas durante a pandemia nos Estados Unidos?,Houve um aumento do consumo de álcool e drogas durante a pandemia nos Estados Unidos?,,https://poligrafo.sapo.pt/fact-check/houve-um-aumento-do-consumo-de-alcool-e-drogas-durante-a-pandemia-nos-estados-unidos,0,Polígrafo - SAPO,poligrafo.sapo.pt,2020-10-31 11:30:38,True,original
Estão a ser gastos 200 mil euros de fundos públicos para a classificação das touradas como Património Cultu...,Estão a ser gastos 200 mil euros de fundos públicos para a classificação das touradas como Património Cultural Imaterial?,,https://poligrafo.sapo.pt/fact-check/estao-a-ser-gastos-200-mil-euros-de-fundos-publicos-para-a-classificacao-das-touradas-como-patrimonio-cultural-imaterial,0,Polígrafo - SAPO,poligrafo.sapo.pt,2019-08-05 17:00:37,False,original
"Imigrantes contribuem para a Segurança Social com ""mais 884,4 milhões de euros do que aquilo que dela receb...","Imigrantes contribuem para a Segurança Social com ""mais 884,4 milhões de euros do que aquilo que dela recebem”?",,https://poligrafo.sapo.pt/fact-check/imigrantes-contribuem-para-a-seguranca-social-com-mais-8844-milhoes-de-euros-do-que-aquilo-que-dela-recebem,0,Polígrafo - SAPO,poligrafo.sapo.pt,2021-03-09 10:18:07,False,original
Médicos costumavam prescrever cigarros para o tratamento de asma?,Médicos costumavam prescrever cigarros para o tratamento de asma?,,https://poligrafo.sapo.pt/fact-check/medicos-costumavam-prescrever-cigarros-para-o-tratamento-de-asma,0,Polígrafo - SAPO,poligrafo.sapo.pt,2021-06-19 17:00:00,True,original
O PAN propôs destinar 10% do Orçamento do Estado para investigação de métodos científicos sem animais?,O PAN propôs destinar 10% do Orçamento do Estado para investigação de métodos científicos sem animais?,,https://poligrafo.sapo.pt/fact-check/o-pan-propos-destinar-10-do-orcamento-do-estado-para-investigacao-de-metodos-cientificos-sem-animais,0,Polígrafo - SAPO,poligrafo.sapo.pt,2020-02-17 06:03:00,True,original
"Dirigente do Chega afirmou que ""Ventura mandou Katar Moreira para a terra dela no seu direito de patriota""?","Dirigente do Chega afirmou que ""Ventura mandou Katar Moreira para a terra dela no seu direito de patriota""?",,https://poligrafo.sapo.pt/fact-check/dirigente-do-chega-afirmou-que-ventura-mandou-katar-moreira-para-a-terra-dela-no-seu-direito-de-patriota,0,Polígrafo - SAPO,poligrafo.sapo.pt,2021-06-14 10:00:26,True,original
Casal passeou com corpo de filho recém-nascido durante 16 dias depois da sua morte?,Casal passeou com corpo de filho recém-nascido durante 16 dias depois da sua morte?,,https://poligrafo.sapo.pt/fact-check/casal-passeia-com-corpo-de-recem-nascido-16-dias-depois-do-seu-falecimento,0,Polígrafo - SAPO,poligrafo.sapo.pt,2019-10-15 13:52:47,True,original
"Em campanha, Pedro Marques está mais ""na sombra"" de António Costa do que Paulo Rangel está de Rui Rio?","Em campanha, Pedro Marques está mais ""na sombra"" de António Costa do que Paulo Rangel está de Rui Rio?",,https://poligrafo.sapo.pt/fact-check/em-campanha-pedro-marques-esta-mais-na-sombra-de-antonio-costa-do-que-paulo-rangel-esta-de-rui-rio,0,Polígrafo - SAPO,poligrafo.sapo.pt,2019-05-21 16:10:43,True,original
Debates TV: Marisa Matias diz que se agravou precariedade ao aumentar período experimental para 180 dias. C...,Debates TV: Marisa Matias diz que se agravou precariedade ao aumentar período experimental para 180 dias. Confirma-se?,,https://poligrafo.sapo.pt/fact-check/marisa-matias-diz-que-se-agravou-precariedade-ao-aumentar-periodo-experimental-para-180-dias-confirma-se,0,Polígrafo - SAPO,poligrafo.sapo.pt,2021-01-02 23:38:27,False,original
"Costa destaca que em 2021 foram realizadas ""mais 2.200 cirurgias"" no SNS do que em 2019. Está certo?","Costa destaca que em 2021 foram realizadas ""mais 2.200 cirurgias"" no SNS do que em 2019. Está certo?",,https://poligrafo.sapo.pt/fact-check/costa-destaca-que-em-2021-foram-realizadas-mais-2-200-cirurgias-no-sns-do-que-em-2019-esta-certo,0,Polígrafo - SAPO,poligrafo.sapo.pt,2022-01-18 10:00:00,True,original
"Music-Check. Suzanne Vega é uma espécie de ""mãe"" do mp3?","Music-Check. Suzanne Vega é uma espécie de ""mãe"" do mp3?",,https://poligrafo.sapo.pt/fact-check/music-check-suzanne-vega-e-uma-especie-de-mae-do-mp3,0,Polígrafo - SAPO,poligrafo.sapo.pt,2020-07-04 13:00:09,True,original
"Marcelo alertou em 2018 para o populismo que ""estava a crescer na sociedade portuguesa""?","Marcelo alertou em 2018 para o populismo que ""estava a crescer na sociedade portuguesa""?",,https://poligrafo.sapo.pt/fact-check/marcelo-alertou-em-2018-para-o-populismo-que-estava-a-crescer-na-sociedade-portuguesa,0,Polígrafo - SAPO,poligrafo.sapo.pt,2021-01-19 11:00:26,True,original
Hospital de Viseu gastou 82.900 euros em teclados e ratos nos últimos 10 meses?,Hospital de Viseu gastou 82.900 euros em teclados e ratos nos últimos 10 meses?,,https://poligrafo.sapo.pt/fact-check/hospital-de-viseu-gastou-82-900-euros-em-teclados-e-ratos-nos-ultimos-10-meses,0,Polígrafo - SAPO,poligrafo.sapo.pt,2021-01-30 18:58:05,True,original
Guizos nas coleiras de gatos são prejudiciais e podem causar problemas físicos e comportamentais?,Guizos nas coleiras de gatos são prejudiciais e podem causar problemas físicos e comportamentais?,,https://poligrafo.sapo.pt/fact-check/guizos-nas-coleiras-de-gatos-sao-prejudiciais-e-podem-causar-problemas-fisicos-e-comportamentais,0,Polígrafo - SAPO,poligrafo.sapo.pt,2021-08-22 14:00:35,True,original
Campus de Justiça de Lisboa foi inagurado pelo primeiro-ministro José Sócrates em 2009?,Campus de Justiça de Lisboa foi inagurado pelo primeiro-ministro José Sócrates em 2009?,,https://poligrafo.sapo.pt/fact-check/campus-de-justica-de-lisboa-foi-inagurado-pelo-primeiro-ministro-jose-socrates-em-2009,0,Polígrafo - SAPO,poligrafo.sapo.pt,2021-04-12 12:20:43,True,original
Imagens virais de desabamento no Metro de Lisboa são autênticas?,Imagens virais de desabamento no Metro de Lisboa são autênticas?,,https://poligrafo.sapo.pt/fact-check/imagens-virais-de-desabamento-no-metro-de-lisboa-sao-autenticas,0,Polígrafo - SAPO,poligrafo.sapo.pt,2020-09-29 22:30:13,True,original
WHATSAPP-CHECK: Mário Soares ajudou Ricardo Salgado a comprar o Banco Espírito Santo?,WHATSAPP-CHECK: Mário Soares ajudou Ricardo Salgado a comprar o Banco Espírito Santo?,,https://poligrafo.sapo.pt/fact-check/mario-soares-ajudou-ricardo-salgado-a-comprar-o-banco-espirito-santo,0,Polígrafo - SAPO,poligrafo.sapo.pt,2019-01-29 09:02:52,True,original
Candidato do PS à Câmara de Nelas utilizou futuras obras a construir com fundos europeus como trunfo eleito...,Candidato do PS à Câmara de Nelas utilizou futuras obras a construir com fundos europeus como trunfo eleitoral?,,https://poligrafo.sapo.pt/fact-check/candidato-do-ps-a-camara-de-nelas-utilizou-futuras-obras-a-construir-com-fundos-europeus-como-trunfo-eleitoral,0,Polígrafo - SAPO,poligrafo.sapo.pt,2021-09-24 10:00:31,False,original
Grupo de mulheres é suspeito de assaltos a residências em Alverca?,Grupo de mulheres é suspeito de assaltos a residências em Alverca?,,https://poligrafo.sapo.pt/fact-check/grupo-de-mulheres-e-suspeito-de-assaltos-a-residencias-em-alverca,0,Polígrafo - SAPO,poligrafo.sapo.pt,2021-08-11 14:00:28,True,original
"Confirma-se que uma em cada três portuguesas era analfabeta em 1970, antes do 25 de abril?","Confirma-se que uma em cada três portuguesas era analfabeta em 1970, antes do 25 de abril?",,https://poligrafo.sapo.pt/fact-check/confirma-se-que-uma-em-cada-tres-portuguesas-era-analfabeta-em-1970-antes-do-25-de-abril,0,Polígrafo - SAPO,poligrafo.sapo.pt,2022-03-29 11:00:00,True,original
Portas reuniu Conselho Nacional para cancelar congresso com menos antecedência do que o atual líder do CDS?,Portas reuniu Conselho Nacional para cancelar congresso com menos antecedência do que o atual líder do CDS?,,https://poligrafo.sapo.pt/fact-check/portas-reuniu-conselho-nacional-para-cancelar-congresso-com-menos-antecedencia-do-que-o-atual-lider-do-cds,0,Polígrafo - SAPO,poligrafo.sapo.pt,2021-11-04 08:40:16,True,original
"WhatsApp-Check: Partido Comunista está no banco dos réus, acusado de ter despedido ilegalmente um funcionário?","WhatsApp-Check: Partido Comunista está no banco dos réus, acusado de ter despedido ilegalmente um funcionário?",,https://poligrafo.sapo.pt/fact-check/3041,0,Polígrafo - SAPO,poligrafo.sapo.pt,2019-03-31 08:17:02,True,original
António Costa propôs o programa “Erasmus Interior”. Rui Rio acusa-o de copiar uma ideia apresentada pelo PS...,António Costa propôs o programa “Erasmus Interior”. Rui Rio acusa-o de copiar uma ideia apresentada pelo PSD há um ano. Tem razão?,Rui Rio,https://poligrafo.sapo.pt/fact-check/antonio-costa-propos-o-programa-erasmus-interior-rui-rio-acusa-o-de-copiar-uma-ideia-apresentada-pelo-psd-ha-um-ano-tem-razao,0,Polígrafo - SAPO,poligrafo.sapo.pt,2019-09-09 15:20:25,False,original
"Em Portugal temos cerca de 4.000 taxas"". Rodrigues dos Santos está correto?","Em Portugal temos cerca de 4.000 taxas"". Rodrigues dos Santos está correto?",,https://poligrafo.sapo.pt/fact-check/em-portugal-temos-cerca-de-4-000-taxas-rodrigues-dos-santos-esta-correto,0,Polígrafo - SAPO,poligrafo.sapo.pt,2022-01-15 10:00:00,True,original
WhatsApp-Check: Ex-secretário de Estado chamou “javardo” a Sérgio Conceição?,WhatsApp-Check: Ex-secretário de Estado chamou “javardo” a Sérgio Conceição?,,https://poligrafo.sapo.pt/fact-check/whatsapp-check-ex-secretario-de-estado-chamou-javardo-a-sergio-conceicao,0,Polígrafo - SAPO,poligrafo.sapo.pt,2019-04-02 19:38:31,True,original
Portugal não aplicou a maior parte das recomendações anti-corrupção do Conselho da Europa?,Portugal não aplicou a maior parte das recomendações anti-corrupção do Conselho da Europa?,,https://poligrafo.sapo.pt/fact-check/portugal-nao-aplicou-a-maior-parte-das-recomendacoes-anti-corrupcao-do-conselho-da-europa,0,Polígrafo - SAPO,poligrafo.sapo.pt,2020-06-03 17:26:07,True,original
"Iniciativa Liberal usou ""privilégio partidário"" para organizar arraial depois de ter criticado o PCP? (COM ...","Iniciativa Liberal usou ""privilégio partidário"" para organizar arraial depois de ter criticado o PCP? (COM VÍDEO)",,https://poligrafo.sapo.pt/fact-check/iniciativa-liberal-usou-privilegio-partidario-para-organizar-arraial-depois-de-ter-criticado-o-pcp,0,Polígrafo - SAPO,poligrafo.sapo.pt,2021-06-15 07:50:20,False,original
"Rui Moreira considerou Circuito da Boavista ""importante para o Porto"" e agora classifica-o como ""capricho d...","Rui Moreira considerou Circuito da Boavista ""importante para o Porto"" e agora classifica-o como ""capricho do seu antecessor""?",,https://poligrafo.sapo.pt/fact-check/rui-moreira-considerou-circuito-da-boavista-importante-para-o-porto-e-agora-classifica-o-como-capricho-do-seu-antecessor,0,Polígrafo - SAPO,poligrafo.sapo.pt,2021-09-24 16:00:28,False,original
Farmacêuticos estão habilitados para administrar vacinas e medicamentos injetáveis desde 2007?,Farmacêuticos estão habilitados para administrar vacinas e medicamentos injetáveis desde 2007?,,https://poligrafo.sapo.pt/fact-check/farmaceuticos-estao-habilitados-para-administrar-vacinas-e-medicamentos-injetaveis-desde-2007,0,Polígrafo - SAPO,poligrafo.sapo.pt,2021-03-31 10:00:32,True,original
Há outro culpado no caso das falsas presenças de José Silvano?,Há outro culpado no caso das falsas presenças de José Silvano?,José Silvano,https://poligrafo.sapo.pt/fact-check/ha-outro-culpado-no-caso-das-falsas-presencas-de-jose-silvano,0,Polígrafo - SAPO,poligrafo.sapo.pt,2018-11-08 14:36:35,True,original
"Há uma sondagem falsa da Universidade Católica que atribui 39,1% das intenções de voto ao PS?","Há uma sondagem falsa da Universidade Católica que atribui 39,1% das intenções de voto ao PS?",,https://poligrafo.sapo.pt/fact-check/ha-uma-sondagem-falsa-da-universidade-catolica-que-atribui-391-das-intencoes-de-voto-ao-ps,0,Polígrafo - SAPO,poligrafo.sapo.pt,2019-09-13 17:00:03,True,original
Marques Mendes na SIC: pesadelo na CGD acabou. Acabou mesmo?,Marques Mendes na SIC: pesadelo na CGD acabou. Acabou mesmo?,,https://poligrafo.sapo.pt/fact-check/marques-mendes-na-sic-pesadelo-na-cgd-acabou-acabou-mesmo,0,Polígrafo - SAPO,poligrafo.sapo.pt,2019-02-04 08:47:02,True,original
Deputada do PS pagou mil euros como contrapartida para arquivar processo relacionado com falsificação de do...,Deputada do PS pagou mil euros como contrapartida para arquivar processo relacionado com falsificação de documento?,,https://poligrafo.sapo.pt/fact-check/deputada-do-ps-pagou-mil-euros-como-contrapartida-para-arquivar-processo-relacionado-com-falsificacao-de-documento,0,Polígrafo - SAPO,poligrafo.sapo.pt,2020-09-20 14:00:36,False,original
"Ventura diz que Costa sugeriu que os professores de português sem colocação ""poderiam emigrar"". Verdade ou ...","Ventura diz que Costa sugeriu que os professores de português sem colocação ""poderiam emigrar"". Verdade ou mentira?",,https://poligrafo.sapo.pt/fact-check/ventura-diz-que-costa-sugeriu-que-os-professores-de-portugues-sem-colocacao-poderiam-emigrar-verdade-ou-mentira,0,Polígrafo - SAPO,poligrafo.sapo.pt,2019-11-13 17:14:04,False,original
Hospital de Egas Moniz está a utilizar contentores frigoríficos para guardar mortos? (COM VÍDEO),Hospital de Egas Moniz está a utilizar contentores frigoríficos para guardar mortos? (COM VÍDEO),,https://poligrafo.sapo.pt/fact-check/hospital-de-egas-moniz-esta-a-utilizar-contentores-frigorificos-para-guardar-mortos,0,Polígrafo - SAPO,poligrafo.sapo.pt,2021-02-05 09:00:34,True,original
Ursula von der Leyen foi induzida em erro sobre sistema para Certificado de Covid-19 em Portugal?,Ursula von der Leyen foi induzida em erro sobre sistema para Certificado de Covid-19 em Portugal?,,https://poligrafo.sapo.pt/fact-check/ursula-von-der-leyen-foi-induzida-em-erro-sobre-sistema-para-certificado-de-covid-19-em-portugal,0,Polígrafo - SAPO,poligrafo.sapo.pt,2021-06-18 14:00:24,True,original
O preço da gasolina superou os dois euros por litro?,O preço da gasolina superou os dois euros por litro?,,https://poligrafo.sapo.pt/fact-check/o-preco-da-gasolina-superou-os-dois-euros-por-litro,0,Polígrafo - SAPO,poligrafo.sapo.pt,2021-10-14 08:00:45,True,original
"Câmara de Gondomar firmou ajuste direto com membros da ACES que apoiou candidatura a ""Cidade Europeia do De...","Câmara de Gondomar firmou ajuste direto com membros da ACES que apoiou candidatura a ""Cidade Europeia do Desporto""?",,https://poligrafo.sapo.pt/fact-check/camara-de-gondomar-firmou-ajuste-direto-com-membros-da-aces-que-apoiou-candidatura-a-cidade-europeia-do-desporto,0,Polígrafo - SAPO,poligrafo.sapo.pt,2021-08-06 08:00:26,False,original
O primeiro-ministro e o ministro da Educação assistiram a jogo da Liga dos Campeões em camarote do Estádio ...,O primeiro-ministro e o ministro da Educação assistiram a jogo da Liga dos Campeões em camarote do Estádio da Luz?,,https://poligrafo.sapo.pt/fact-check/o-primeiro-ministro-e-o-ministro-da-educacao-assistiram-a-jogo-da-liga-dos-campeoes-em-camarote-do-estadio-da-luz,0,Polígrafo - SAPO,poligrafo.sapo.pt,2020-08-21 14:00:07,False,original
PIB de Portugal cresceu acima da média da União Europeia entre 2016 e 2019?,PIB de Portugal cresceu acima da média da União Europeia entre 2016 e 2019?,,https://poligrafo.sapo.pt/fact-check/pib-de-portugal-cresceu-acima-da-media-da-uniao-europeia-entre-2016-e-2019,0,Polígrafo - SAPO,poligrafo.sapo.pt,2022-01-25 18:55:00,True,original
Vídeo viral de cidadão indiano a ser agredido por populares em Loulé é autêntico?,Vídeo viral de cidadão indiano a ser agredido por populares em Loulé é autêntico?,,https://poligrafo.sapo.pt/fact-check/video-viral-de-cidadao-indiano-a-ser-agredido-por-populares-em-loule-e-autentico,0,Polígrafo - SAPO,poligrafo.sapo.pt,2019-12-14 15:35:42,True,original
"Francisco Louçã diz que os hospitais em PPP servem ""dois milhões de utentes"". Verdade ou falsidade?","Francisco Louçã diz que os hospitais em PPP servem ""dois milhões de utentes"". Verdade ou falsidade?",,https://poligrafo.sapo.pt/fact-check/francisco-louca-diz-que-os-hospitais-em-ppp-servem-dois-milhoes-de-utentes-verdade-ou-falsidade,0,Polígrafo - SAPO,poligrafo.sapo.pt,2019-06-29 08:00:49,True,original
"Ex-candidato do PNR saltou para a direção do Chega, de André Ventura? (COM VÍDEO)","Ex-candidato do PNR saltou para a direção do Chega, de André Ventura? (COM VÍDEO)",,https://poligrafo.sapo.pt/fact-check/ex-candidato-do-pnr-saltou-para-a-direcao-do-novo-partido-chega-de-andre-ventura,0,Polígrafo - SAPO,poligrafo.sapo.pt,2019-04-11 08:00:54,True,original
"Itália, Bélgica e Suíça criaram novas companhias aéreas com ativos das anteriores que faliram?","Itália, Bélgica e Suíça criaram novas companhias aéreas com ativos das anteriores que faliram?",,https://poligrafo.sapo.pt/fact-check/italia-belgica-e-suica-criaram-novas-companhias-aereas-com-ativos-das-anteriores-que-faliram,0,Polígrafo - SAPO,poligrafo.sapo.pt,2021-10-21 14:00:47,True,original
Suécia reintroduziu o serviço militar obrigatório e aumentou o orçamento da Defesa?,Suécia reintroduziu o serviço militar obrigatório e aumentou o orçamento da Defesa?,,https://poligrafo.sapo.pt/fact-check/suecia-reintroduziu-o-servico-militar-obrigatorio-e-aumentou-o-orcamento-da-defesa,0,Polígrafo - SAPO,poligrafo.sapo.pt,2022-03-05 09:00:00,True,original
Desflorestação na Amazónia brasileira atingiu uma área maior do que Londres durante o mês de julho?,Desflorestação na Amazónia brasileira atingiu uma área maior do que Londres durante o mês de julho?,,https://poligrafo.sapo.pt/fact-check/desflorestacao-na-amazonia-brasileira-atingiu-uma-area-maior-do-que-londres-durante-o-mes-de-julho,0,Polígrafo - SAPO,poligrafo.sapo.pt,2019-08-08 12:05:16,True,original
Grelha de programação da Telescola divulgada nas redes sociais é verdadeira?,Grelha de programação da Telescola divulgada nas redes sociais é verdadeira?,,https://poligrafo.sapo.pt/fact-check/grelha-de-programacao-da-telescola-divulgada-nas-redes-sociais-e-verdadeira,0,Polígrafo - SAPO,poligrafo.sapo.pt,2020-04-10 13:24:16,True,original
Cerca de 43% da população está em risco de pobreza mas apenas 2% beneficia de RSI?,Cerca de 43% da população está em risco de pobreza mas apenas 2% beneficia de RSI?,,https://poligrafo.sapo.pt/fact-check/cerca-de-43-da-populacao-esta-em-risco-de-pobreza-mas-apenas-2-beneficia-de-rsi,0,Polígrafo - SAPO,poligrafo.sapo.pt,2022-03-17 09:00:00,True,original
As três setas do símbolo do PSD têm origem na luta dos sociais-democratas contra o nazismo? (COM VÍDEO),As três setas do símbolo do PSD têm origem na luta dos sociais-democratas contra o nazismo? (COM VÍDEO),,https://poligrafo.sapo.pt/fact-check/as-tres-setas-do-simbolo-do-psd-tem-origem-na-luta-dos-sociais-democratas-contra-o-nazismo,0,Polígrafo - SAPO,poligrafo.sapo.pt,2019-01-18 09:03:48,True,original
Catarina Martins disse que a reivindicação de aumento do salário mínimo para 600 euros em 2016 era demagógica?,Catarina Martins disse que a reivindicação de aumento do salário mínimo para 600 euros em 2016 era demagógica?,,https://poligrafo.sapo.pt/fact-check/catarina-martins-disse-que-a-reivindicacao-de-aumento-do-salario-minimo-para-600-euros-em-2016-era-demagogica,0,Polígrafo - SAPO,poligrafo.sapo.pt,2019-08-06 13:00:04,True,original
"Juiz negacionista acusou presidente da Associação dos Juízes de ser um ""verme"" brando com pedófilos?","Juiz negacionista acusou presidente da Associação dos Juízes de ser um ""verme"" brando com pedófilos?",,https://poligrafo.sapo.pt/fact-check/juiz-negacionista-acusou-presidente-da-associacao-dos-juizes-de-ser-um-verme-brando-com-pedofilos,0,Polígrafo - SAPO,poligrafo.sapo.pt,2021-10-07 08:00:50,True,original
"Portugueses destacam-se ""entre os europeus com menor capacidade para pagar contas dentro do prazo""?","Portugueses destacam-se ""entre os europeus com menor capacidade para pagar contas dentro do prazo""?",,https://poligrafo.sapo.pt/fact-check/portugueses-destacam-se-entre-os-europeus-com-menor-capacidade-para-pagar-contas-dentro-do-prazo,0,Polígrafo - SAPO,poligrafo.sapo.pt,2022-04-28 08:00:00,True,original
Lista de contratos de aquisição de obras de arte pela Câmara de Lisboa é autêntica?,Lista de contratos de aquisição de obras de arte pela Câmara de Lisboa é autêntica?,,https://poligrafo.sapo.pt/fact-check/lista-de-contratos-de-aquisicao-de-obras-de-arte-pela-camara-de-lisboa-e-autentica,0,Polígrafo - SAPO,poligrafo.sapo.pt,2021-10-12 10:00:20,True,original
Nuno Graciano cedeu a sua casa a uma família de refugiados em 2015?,Nuno Graciano cedeu a sua casa a uma família de refugiados em 2015?,,https://poligrafo.sapo.pt/fact-check/nuno-graciano-cedeu-a-sua-casa-a-uma-familia-de-refugiados-em-2015,0,Polígrafo - SAPO,poligrafo.sapo.pt,2021-03-16 18:48:34,True,original
Diabéticos podem tomar vacina para gripe mas não tomar a terceira dose para a Covid-19?,Diabéticos podem tomar vacina para gripe mas não tomar a terceira dose para a Covid-19?,,https://poligrafo.sapo.pt/fact-check/diabeticos-podem-tomar-vacina-para-gripe-mas-nao-tomar-a-terceira-dose-para-a-covid-19,0,Polígrafo - SAPO,poligrafo.sapo.pt,2021-11-11 11:00:18,True,original
Estado já gastou mais de 70 milhões em estudos e consultorias para escolher local do novo aeroporto?,Estado já gastou mais de 70 milhões em estudos e consultorias para escolher local do novo aeroporto?,,https://poligrafo.sapo.pt/fact-check/estado-ja-gastou-mais-de-70-milhoes-em-estudos-e-consultorias-para-escolher-local-do-novo-aeroporto,0,Polígrafo - SAPO,poligrafo.sapo.pt,2021-03-08 19:00:04,True,original
"Não sou coveiro"". Foi esta a resposta de Bolsonaro ao ser questionado sobre o número de mortos por Covid-19?","Não sou coveiro"". Foi esta a resposta de Bolsonaro ao ser questionado sobre o número de mortos por Covid-19?",,https://poligrafo.sapo.pt/fact-check/nao-sou-coveiro-foi-esta-a-resposta-de-bolsonaro-ao-ser-questionado-sobre-o-numero-de-mortos-por-covid-19,0,Polígrafo - SAPO,poligrafo.sapo.pt,2020-04-25 17:00:26,True,original
Proposta do Chega “beneficia ricos e prejudica famílias comuns”?,Proposta do Chega “beneficia ricos e prejudica famílias comuns”?,,https://poligrafo.sapo.pt/fact-check/proposta-do-chega-beneficia-ricos-e-prejudica-familias-comuns,0,Polígrafo - SAPO,poligrafo.sapo.pt,2020-08-25 07:58:00,True,original
Music-Check. “Because The Night” é uma canção de Bruce Springsteen?,Music-Check. “Because The Night” é uma canção de Bruce Springsteen?,,https://poligrafo.sapo.pt/fact-check/music-check-because-the-night-e-uma-cancao-de-bruce-springsteen,0,Polígrafo - SAPO,poligrafo.sapo.pt,2018-12-15 16:34:15,True,original
"É impossível trabalhar para um assassino"". Diretora de teatro de Moscovo demite-se em protesto contra a gu...","É impossível trabalhar para um assassino"". Diretora de teatro de Moscovo demite-se em protesto contra a guerra?",,https://poligrafo.sapo.pt/fact-check/e-impossivel-trabalhar-para-um-assassino-diretora-de-teatro-de-moscovo-demite-se-em-protesto-contra-a-guerra,0,Polígrafo - SAPO,poligrafo.sapo.pt,2022-02-28 19:00:00,False,original
Durante o ano de 2019 emigraram cerca de 80 mil portugueses?,Durante o ano de 2019 emigraram cerca de 80 mil portugueses?,,https://poligrafo.sapo.pt/fact-check/durante-o-ano-de-2019-emigraram-cerca-de-80-mil-portugueses,0,Polígrafo - SAPO,poligrafo.sapo.pt,2021-03-24 11:00:11,True,original
Vice-presidente do Grupo Parlamentar do PS foi acusado do crime de recebimento indevido de vantagem?,Vice-presidente do Grupo Parlamentar do PS foi acusado do crime de recebimento indevido de vantagem?,,https://poligrafo.sapo.pt/fact-check/vice-presidente-do-grupo-parlamentar-do-ps-foi-acusado-do-crime-de-recebimento-indevido-de-vantagem,0,Polígrafo - SAPO,poligrafo.sapo.pt,2019-05-12 12:04:15,True,original
Há 13 anos Nuno Melo antecipou no Parlamento que o Estado podia perder a opção de compra da coleção Berardo?,Há 13 anos Nuno Melo antecipou no Parlamento que o Estado podia perder a opção de compra da coleção Berardo?,,https://poligrafo.sapo.pt/fact-check/ha-13-anos-nuno-melo-antecipou-no-parlamento-que-o-estado-podia-perder-a-opcao-de-compra-da-colecao-berardo,0,Polígrafo - SAPO,poligrafo.sapo.pt,2019-05-17 16:39:05,True,original
É verdade que os políticos são os únicos servidores públicos que ainda não viram repostos os cortes salaria...,É verdade que os políticos são os únicos servidores públicos que ainda não viram repostos os cortes salariais? (COM VÍDEO),António Costa,https://poligrafo.sapo.pt/fact-check/e-verdade-que-os-politicos-sao-os-unicos-servidores-publicos-que-ainda-nao-viram-repostos-os-cortes-salariais,0,Polígrafo - SAPO,poligrafo.sapo.pt,2019-09-13 08:00:18,False,original
Nunca tivemos tantas pessoas a receber salário mínimo em Portugal?,Nunca tivemos tantas pessoas a receber salário mínimo em Portugal?,,https://poligrafo.sapo.pt/fact-check/nunca-tivemos-tantas-pessoas-a-receber-salario-minimo-em-portugal,0,Polígrafo - SAPO,poligrafo.sapo.pt,2018-11-15 09:49:26,True,original
"Portugal é ""o primeiro país da Europa"" a tomar medidas para combater a subida do preço dos combustíveis?","Portugal é ""o primeiro país da Europa"" a tomar medidas para combater a subida do preço dos combustíveis?",,https://poligrafo.sapo.pt/fact-check/portugal-e-o-primeiro-pais-da-europa-a-tomar-medidas-para-combater-a-subida-do-preco-dos-combustiveis,0,Polígrafo - SAPO,poligrafo.sapo.pt,2021-10-22 17:43:08,True,original
Music-Check. O duo Neil Frances “roubou” os seus dois temas mais ouvidos no Spotify?,Music-Check. O duo Neil Frances “roubou” os seus dois temas mais ouvidos no Spotify?,,https://poligrafo.sapo.pt/fact-check/music-check-o-duo-neil-frances-roubou-os-seus-dois-temas-mais-ouvidos-no-spotify,0,Polígrafo - SAPO,poligrafo.sapo.pt,2019-11-23 14:00:52,True,original
"Vox exigiu ""anulação da lei contra a violência de género"" para dar maioria ao PP em Castela e Leão?","Vox exigiu ""anulação da lei contra a violência de género"" para dar maioria ao PP em Castela e Leão?",,https://poligrafo.sapo.pt/fact-check/vox-exigiu-anulacao-da-lei-contra-a-violencia-de-genero-para-dar-maioria-ao-pp-em-castela-e-leao,0,Polígrafo - SAPO,poligrafo.sapo.pt,2022-02-17 11:00:00,True,original
Sócrates também foi condecorado tal como Berardo? Marques Mendes diz que sim e pede retirada da Grã-Cruz (C...,Sócrates também foi condecorado tal como Berardo? Marques Mendes diz que sim e pede retirada da Grã-Cruz (COM VÍDEO),,https://poligrafo.sapo.pt/fact-check/socrates-tambem-foi-condecorado-tal-como-berardo-marques-mendes-diz-que-sim-e-pede-retirada-da-gracruz,0,Polígrafo - SAPO,poligrafo.sapo.pt,2019-05-20 09:00:13,False,original
"PS chumbou contratação de professores e agora criou ""task force"" para ajudar com falta de docentes?","PS chumbou contratação de professores e agora criou ""task force"" para ajudar com falta de docentes?",,https://poligrafo.sapo.pt/fact-check/ps-chumbou-contratacao-de-professores-e-agora-criou-task-force-para-ajudar-com-falta-de-docentes,0,Polígrafo - SAPO,poligrafo.sapo.pt,2021-11-23 10:00:17,True,original
Cerca de 60% do preço de venda da gasolina em Portugal corresponde a impostos?,Cerca de 60% do preço de venda da gasolina em Portugal corresponde a impostos?,,https://poligrafo.sapo.pt/fact-check/cerca-de-60-do-preco-de-venda-da-gasolina-em-portugal-corresponde-a-impostos,0,Polígrafo - SAPO,poligrafo.sapo.pt,2021-06-26 13:25:42,True,original
Marcelo é o único candidato que não utiliza redes sociais na campanha para as presidenciais?,Marcelo é o único candidato que não utiliza redes sociais na campanha para as presidenciais?,,https://poligrafo.sapo.pt/fact-check/marcelo-e-o-unico-candidato-que-nao-utiliza-redes-sociais-na-campanha-para-as-presidenciais,0,Polígrafo - SAPO,poligrafo.sapo.pt,2021-01-22 11:00:56,True,original
"Coronavírus: Isolamento é para ""quem testou positivo"" e quarentena ""para quem esteve em contacto com um inf...","Coronavírus: Isolamento é para ""quem testou positivo"" e quarentena ""para quem esteve em contacto com um infetado""?",,https://poligrafo.sapo.pt/fact-check/coronavirus-isolamento-e-para-quem-testou-positivo-e-quarentena-para-quem-esteve-em-contacto-com-um-infetado,0,Polígrafo - SAPO,poligrafo.sapo.pt,2020-09-15 14:00:34,False,original
Licença para uso de isqueiros e acendedores era obrigatória no Estado Novo?,Licença para uso de isqueiros e acendedores era obrigatória no Estado Novo?,,https://poligrafo.sapo.pt/fact-check/licenca-para-uso-de-isqueiros-e-acendedores-era-obrigatoria-no-estado-novo,0,Polígrafo - SAPO,poligrafo.sapo.pt,2021-05-09 11:00:42,True,original
WHATSAPP-CHECK: Mário Centeno disse ao Financial Times o contrário do que garantiu aos portugueses?,WHATSAPP-CHECK: Mário Centeno disse ao Financial Times o contrário do que garantiu aos portugueses?,,https://poligrafo.sapo.pt/fact-check/whatsapp-check-mario-centeno-disse-ao-finantial-times-o-contrario-do-que-afirmou-aos-portugueses,0,Polígrafo - SAPO,poligrafo.sapo.pt,2019-04-11 16:10:26,True,original
Catarina Martins na SIC: “Pensão de Jardim Gonçalves não é paga com o dinheiro dos contribuintes.” Verdade?,Catarina Martins na SIC: “Pensão de Jardim Gonçalves não é paga com o dinheiro dos contribuintes.” Verdade?,Catarina Martins,https://poligrafo.sapo.pt/fact-check/catarina-martins-na-sic-pensao-de-jardim-goncalves-nao-e-paga-com-o-dinheiro-dos-contribuintes,0,Polígrafo - SAPO,poligrafo.sapo.pt,2019-09-08 14:40:22,True,original
Figueira da Foz. Candidatura de Santana Lopes divulgou sondagens não registadas e depois apagou? (COM VÍDEO),Figueira da Foz. Candidatura de Santana Lopes divulgou sondagens não registadas e depois apagou? (COM VÍDEO),,https://poligrafo.sapo.pt/fact-check/figueira-da-foz-candidatura-de-santana-lopes-divulgou-sondagens-nao-registadas-e-depois-apagou,0,Polígrafo - SAPO,poligrafo.sapo.pt,2021-05-12 10:00:51,True,original
Mortes em lares representam 40% do total de óbitos por Covid-19 em Portugal? (COM VÍDEO),Mortes em lares representam 40% do total de óbitos por Covid-19 em Portugal? (COM VÍDEO),,https://poligrafo.sapo.pt/fact-check/mortes-em-lares-representam-40-do-total-de-obitos-por-covid-19-em-portugal,0,Polígrafo - SAPO,poligrafo.sapo.pt,2020-08-13 08:00:00,True,original
"Sousa Real diz que PSD tem ""apenas seis mulheres"" como cabeças-de-lista ""em 22 distritos"". Confirma-se?","Sousa Real diz que PSD tem ""apenas seis mulheres"" como cabeças-de-lista ""em 22 distritos"". Confirma-se?",,https://poligrafo.sapo.pt/fact-check/sousa-real-diz-que-psd-tem-apenas-seis-mulheres-como-cabecas-de-lista-em-22-distritos-confirma-se,0,Polígrafo - SAPO,poligrafo.sapo.pt,2022-01-15 22:18:00,True,original
"Desemprego no Algarve aumentou 202,4% em maio de 2020 face ao período homólogo de 2019?","Desemprego no Algarve aumentou 202,4% em maio de 2020 face ao período homólogo de 2019?",,https://poligrafo.sapo.pt/fact-check/desemprego-no-algarve-aumentou-2024-em-maio-de-2020-face-ao-periodo-homologo-de-2019,0,Polígrafo - SAPO,poligrafo.sapo.pt,2020-06-22 18:00:33,True,original
"O procurador José Guerra é irmão de Carlos Guerra que viabilizou ""Freeport"" em Alcochete?","O procurador José Guerra é irmão de Carlos Guerra que viabilizou ""Freeport"" em Alcochete?",,https://poligrafo.sapo.pt/fact-check/o-procurador-jose-guerra-e-irmao-de-carlos-guerra-que-viabilizou-freeport-em-alcochete,0,Polígrafo - SAPO,poligrafo.sapo.pt,2021-01-12 09:00:22,True,original
"Portugal é, em média, mais corrupto do que os restantes países da União Europeia? (COM VÍDEO)","Portugal é, em média, mais corrupto do que os restantes países da União Europeia? (COM VÍDEO)",,https://poligrafo.sapo.pt/fact-check/portugal-e-em-media-mais-corrupto-do-que-os-restantes-paises-da-europa,0,Polígrafo - SAPO,poligrafo.sapo.pt,2019-01-29 15:41:02,True,original
"Em caso de danos no automóvel por causa de buracos na estrada deve parar, fotografar e chamar autoridades?","Em caso de danos no automóvel por causa de buracos na estrada deve parar, fotografar e chamar autoridades?",,https://poligrafo.sapo.pt/fact-check/em-caso-de-danos-no-automovel-por-causa-de-buracos-na-estrada-deve-parar-fotografar-e-chamar-autoridades,0,Polígrafo - SAPO,poligrafo.sapo.pt,2021-05-15 08:00:33,True,original
Número de portugueses sem médico de família subiu para 700 mil entre 2018 e 2019? (COM VÍDEO),Número de portugueses sem médico de família subiu para 700 mil entre 2018 e 2019? (COM VÍDEO),,https://poligrafo.sapo.pt/fact-check/numero-de-portugueses-sem-medico-de-familia-subiu-para-700-mil-entre-2018-e-2019,0,Polígrafo - SAPO,poligrafo.sapo.pt,2020-09-18 08:00:36,True,original
"Debates TV: Ana Gomes acusa João Ferreira de ""querer sair"" do euro. Verdadeiro ou falso?","Debates TV: Ana Gomes acusa João Ferreira de ""querer sair"" do euro. Verdadeiro ou falso?",,https://poligrafo.sapo.pt/fact-check/debates-tv-joao-ferreira-e-a-favor-da-saida-de-portugal-da-moeda-unica-europeia,0,Polígrafo - SAPO,poligrafo.sapo.pt,2021-01-06 09:25:46,True,original
Receita fiscal do Estado aumentou cerca de 50% em 2019 relativamente a 2009?,Receita fiscal do Estado aumentou cerca de 50% em 2019 relativamente a 2009?,,https://poligrafo.sapo.pt/fact-check/receita-fiscal-do-estado-aumentou-cerca-de-50-em-2019-relativamente-a-2009,0,Polígrafo - SAPO,poligrafo.sapo.pt,2022-03-21 17:00:00,True,original
"Debates quinzenais foram “uma das invenções mais estúpidas"" do Parlamento. Costa disse isto em 2013?","Debates quinzenais foram “uma das invenções mais estúpidas"" do Parlamento. Costa disse isto em 2013?",,https://poligrafo.sapo.pt/fact-check/debates-quinzenais-foram-uma-das-invencoes-mais-estupidas-do-parlamento-costa-disse-isto,0,Polígrafo - SAPO,poligrafo.sapo.pt,2020-07-09 10:00:13,True,original
Sócrates aumentou salários da Função Pública antes das eleições e logo a seguir reduziu-os? (COM VÍDEO),Sócrates aumentou salários da Função Pública antes das eleições e logo a seguir reduziu-os? (COM VÍDEO),,https://poligrafo.sapo.pt/fact-check/socrates-aumentou-salarios-da-funcao-publica-antes-das-eleicoes-e-logo-a-seguir-reduziu-os,0,Polígrafo - SAPO,poligrafo.sapo.pt,2020-11-19 09:00:00,True,original
"Jovens desempregados não pagam IRS em Portugal, onde taxa de desemprego jovem é a quinta mais alta da UE?","Jovens desempregados não pagam IRS em Portugal, onde taxa de desemprego jovem é a quinta mais alta da UE?",,https://poligrafo.sapo.pt/fact-check/jovens-desempregados-nao-pagam-irs-em-portugal-onde-taxa-de-desemprego-jovem-e-a-quinta-mais-alta-da-ue,0,Polígrafo - SAPO,poligrafo.sapo.pt,2022-02-08 11:00:00,True,original
"Catarina Martins destaca que ""trabalhar não chega para sair da pobreza em Portugal"". Tem razão?","Catarina Martins destaca que ""trabalhar não chega para sair da pobreza em Portugal"". Tem razão?",,https://poligrafo.sapo.pt/fact-check/catarina-martins-destaca-que-trabalhar-nao-chega-para-sair-da-pobreza-em-portugal-tem-razao,0,Polígrafo - SAPO,poligrafo.sapo.pt,2021-10-30 16:30:23,True,original
"Nunca mais foi criado um equipamento cultural na Amadora"" desde que CDU deixou presidência?","Nunca mais foi criado um equipamento cultural na Amadora"" desde que CDU deixou presidência?",,https://poligrafo.sapo.pt/fact-check/nunca-mais-foi-criado-um-equipamento-cultural-na-amadora-desde-que-cdu-deixou-presidencia,0,Polígrafo - SAPO,poligrafo.sapo.pt,2021-09-07 17:00:56,True,original
"Há 11 devedores e sete ex-gestores"" da Caixa Geral de Depósitos condecorados pela Presidência da República?","Há 11 devedores e sete ex-gestores"" da Caixa Geral de Depósitos condecorados pela Presidência da República?",,https://poligrafo.sapo.pt/fact-check/ha-11-devedores-e-sete-ex-gestores-da-caixa-geral-de-depositos-condecorados-pela-presidencia-da-republica,0,Polígrafo - SAPO,poligrafo.sapo.pt,2019-05-22 07:30:53,True,original
"Condutor foi multado por ter um ""buraco no banco"" do automóvel?","Condutor foi multado por ter um ""buraco no banco"" do automóvel?",,https://poligrafo.sapo.pt/fact-check/condutor-foi-multado-por-ter-um-buraco-no-banco-do-automovel,0,Polígrafo - SAPO,poligrafo.sapo.pt,2021-11-24 09:00:20,True,original
"Bloco de Esquerda ""é o único partido parlamentar com contas sem irregularidades""?","Bloco de Esquerda ""é o único partido parlamentar com contas sem irregularidades""?",,https://poligrafo.sapo.pt/fact-check/bloco-de-esquerda-e-o-unico-partido-parlamentar-com-contas-sem-irregularidades,0,Polígrafo - SAPO,poligrafo.sapo.pt,2019-06-10 08:00:08,True,original
"Em Wuhan, local onde começou a pandemia de Covid-19, já se retomou a ""vida normal""?","Em Wuhan, local onde começou a pandemia de Covid-19, já se retomou a ""vida normal""?",,https://poligrafo.sapo.pt/fact-check/em-wuhan-local-onde-comecou-a-pandemia-de-covid-19-ja-se-retomou-a-vida-normal,0,Polígrafo - SAPO,poligrafo.sapo.pt,2020-11-14 15:30:55,True,original
República Checa anuncia pena de prisão de um a três anos para quem apoie publicamente a Rússia?,República Checa anuncia pena de prisão de um a três anos para quem apoie publicamente a Rússia?,,https://poligrafo.sapo.pt/fact-check/republica-checa-anuncia-pena-de-prisao-de-um-a-tres-anos-para-quem-apoie-publicamente-a-russia,0,Polígrafo - SAPO,poligrafo.sapo.pt,2022-03-04 12:00:00,True,original
"WHATSAPP-CHECK: 2 meses antes de ser preso, José Sócrates foi a restaurante de luxo no Brasil e não pagou a...","WHATSAPP-CHECK: 2 meses antes de ser preso, José Sócrates foi a restaurante de luxo no Brasil e não pagou a conta?",,https://poligrafo.sapo.pt/fact-check/whatsapp-check-2-meses-antes-de-ser-preso-jose-socrates-foi-a-restaurante-de-luxo-no-brasil-e-nao-pagou-a-conta,0,Polígrafo - SAPO,poligrafo.sapo.pt,2019-02-03 09:12:52,False,original
ISP e IVA representam mais de metade do preço de venda dos combustíveis em Portugal?,ISP e IVA representam mais de metade do preço de venda dos combustíveis em Portugal?,,https://poligrafo.sapo.pt/fact-check/isp-e-iva-representam-mais-de-metade-do-preco-de-venda-dos-combustiveis-em-portugal,0,Polígrafo - SAPO,poligrafo.sapo.pt,2022-01-29 15:00:00,True,original
Fotografia de Vitalino Canas à mesa com José Sócrates é autêntica? (COM VÍDEO),Fotografia de Vitalino Canas à mesa com José Sócrates é autêntica? (COM VÍDEO),,https://poligrafo.sapo.pt/fact-check/fotografia-de-vitalino-canas-a-mesa-com-jose-socrates-e-autentica,0,Polígrafo - SAPO,poligrafo.sapo.pt,2020-02-24 09:42:33,True,original
Music-Check. Os The Doors foram a primeira banda a publicitar um disco num cartaz?,Music-Check. Os The Doors foram a primeira banda a publicitar um disco num cartaz?,,https://poligrafo.sapo.pt/fact-check/music-check-os-the-doors-foram-a-primeira-banda-a-publicitar-um-disco-num-cartaz,0,Polígrafo - SAPO,poligrafo.sapo.pt,2020-07-25 15:03:28,True,original
Isaltino Morais inaugurou um obelisco que custou 600 mil euros por ajuste direto?,Isaltino Morais inaugurou um obelisco que custou 600 mil euros por ajuste direto?,,https://poligrafo.sapo.pt/fact-check/isaltino-morais-inaugurou-um-obelisco-que-custou-600-mil-euros-por-ajuste-direto,0,Polígrafo - SAPO,poligrafo.sapo.pt,2021-04-30 14:00:46,True,original
Governo falhou a promessa de que todos os portugueses teriam médico de família?,Governo falhou a promessa de que todos os portugueses teriam médico de família?,,https://poligrafo.sapo.pt/fact-check/governo-falhou-a-promessa-de-que-todos-os-portugueses-teriam-medico-de-familia,0,Polígrafo - SAPO,poligrafo.sapo.pt,2021-05-21 16:50:33,True,original
Music-Check. Os The Postal Service foram ameaçados pelos correios americanos?,Music-Check. Os The Postal Service foram ameaçados pelos correios americanos?,,https://poligrafo.sapo.pt/fact-check/music-check-os-postal-service-foram-ameacados-pelos-correios-americanos,0,Polígrafo - SAPO,poligrafo.sapo.pt,2020-01-25 14:00:33,True,original
"Ferro Rodrigues demonstrou ""ignorância veemente"" numa entrevista sobre comunicação social? (COM VÍDEO)","Ferro Rodrigues demonstrou ""ignorância veemente"" numa entrevista sobre comunicação social? (COM VÍDEO)",,https://poligrafo.sapo.pt/fact-check/ijijoi,0,Polígrafo - SAPO,poligrafo.sapo.pt,2019-04-25 19:32:11,True,original
"PS tem chumbado, nos últimos anos, propostas de lei para criminalizar o enriquecimento ilícito? (COM VÍDEO)","PS tem chumbado, nos últimos anos, propostas de lei para criminalizar o enriquecimento ilícito? (COM VÍDEO)",,https://poligrafo.sapo.pt/fact-check/ps-tem-chumbado-nos-ultimos-anos-propostas-de-lei-para-criminalizar-o-enriquecimento-ilicito,0,Polígrafo - SAPO,poligrafo.sapo.pt,2021-04-29 07:35:11,True,original
FC Porto tem mais do dobro de vitórias do que o SL Benfica no historial da Liga dos Campeões?,FC Porto tem mais do dobro de vitórias do que o SL Benfica no historial da Liga dos Campeões?,,https://poligrafo.sapo.pt/fact-check/fc-porto-tem-mais-do-dobro-de-vitorias-do-que-o-sl-benfica-no-historial-da-liga-dos-campeoes,0,Polígrafo - SAPO,poligrafo.sapo.pt,2019-11-14 19:01:26,True,original
"ANA tem dado ""centenas de milhões de euros de lucro por ano"" desde a privatização?","ANA tem dado ""centenas de milhões de euros de lucro por ano"" desde a privatização?",,https://poligrafo.sapo.pt/fact-check/ana-tem-dado-centenas-de-milhoes-de-euros-de-lucro-por-ano-desde-a-privatizacao,0,Polígrafo - SAPO,poligrafo.sapo.pt,2020-12-15 18:00:19,True,original
Automóvel de alta cilindrada utilizado pela GNR para o transporte de órgãos está parado?,Automóvel de alta cilindrada utilizado pela GNR para o transporte de órgãos está parado?,,https://poligrafo.sapo.pt/fact-check/automovel-de-alta-cilindrada-utilizado-pela-gnr-para-o-transporte-de-orgaos-esta-parado,0,Polígrafo - SAPO,poligrafo.sapo.pt,2021-08-16 14:00:19,True,original
Adjunto do gabinete da presidência da Câmara de Olhão ameaçou cidadão com um machado na via pública?,Adjunto do gabinete da presidência da Câmara de Olhão ameaçou cidadão com um machado na via pública?,,https://poligrafo.sapo.pt/fact-check/adjunto-do-gabinete-da-camara-de-olhao-atacou-cidadao-com-um-machado-na-via-publica,0,Polígrafo - SAPO,poligrafo.sapo.pt,2022-02-15 15:00:00,True,original
Refugiados: Portugal aceitou apenas 17 pedidos de asilo por milhão de habitantes em 2019?,Refugiados: Portugal aceitou apenas 17 pedidos de asilo por milhão de habitantes em 2019?,,https://poligrafo.sapo.pt/fact-check/refugiados-portugal-aceitou-apenas-17-pedidos-de-asilo-por-milhao-de-habitantes-em-2019,0,Polígrafo - SAPO,poligrafo.sapo.pt,2021-01-16 09:00:45,True,original
"SNS 24 não recomenda ""manobras de desobstrução"" em vítimas de engasgamento?","SNS 24 não recomenda ""manobras de desobstrução"" em vítimas de engasgamento?",,https://poligrafo.sapo.pt/fact-check/sns-24-nao-recomenda-manobras-de-desobstrucao-em-vitimas-de-engasgamento,0,Polígrafo - SAPO,poligrafo.sapo.pt,2021-03-03 10:00:22,True,original
Governador do Banco de Portugal aufere salário mensal de cerca de 17 mil euros?,Governador do Banco de Portugal aufere salário mensal de cerca de 17 mil euros?,,https://poligrafo.sapo.pt/fact-check/governador-do-banco-de-portugal-aufere-salario-mensal-de-cerca-de-17-mil-euros,0,Polígrafo - SAPO,poligrafo.sapo.pt,2020-06-17 10:00:54,True,original
Music-Check. Joan Jett não foi a primeira a cantar “I Love Rock and Roll”?,Music-Check. Joan Jett não foi a primeira a cantar “I Love Rock and Roll”?,,https://poligrafo.sapo.pt/fact-check/music-check-joan-jett-nao-foi-a-primeira-a-cantar-i-love-rock-and-roll,0,Polígrafo - SAPO,poligrafo.sapo.pt,2019-03-16 15:00:28,True,original
Dirigente do CDS-PP publicou comentário homofóbico em imagem do banco Santander com cores da bandeira LGBTI...,Dirigente do CDS-PP publicou comentário homofóbico em imagem do banco Santander com cores da bandeira LGBTI? (COM VÍDEO),,https://poligrafo.sapo.pt/fact-check/dirigente-do-cds-pp-publicou-comentario-homofobico-em-imagem-do-banco-santander-com-cores-da-bandeira-lgbti,0,Polígrafo - SAPO,poligrafo.sapo.pt,2021-06-28 07:30:20,False,original
Fotografias que mostram a Casa da Cultura de Beja degradada são autênticas?,Fotografias que mostram a Casa da Cultura de Beja degradada são autênticas?,,https://poligrafo.sapo.pt/fact-check/fotografias-que-mostram-a-casa-da-cultura-de-beja-degradada-sao-autenticas,0,Polígrafo - SAPO,poligrafo.sapo.pt,2021-09-05 17:00:08,True,original
O advogado e porta-voz da ANTRAM é militante do PS e foi nomeado para dois cargos pelo atual Governo? (COM ...,O advogado e porta-voz da ANTRAM é militante do PS e foi nomeado para dois cargos pelo atual Governo? (COM VÍDEO),,https://poligrafo.sapo.pt/fact-check/o-porta-voz-da-antram-e-militante-do-ps-e-foi-nomeado-para-dois-cargos-pelo-atual-governo,0,Polígrafo - SAPO,poligrafo.sapo.pt,2019-08-08 08:00:14,False,original
"PSD do Seixal realizou ""ação concertada"" para ""limpar o comunismo das ruas"" do concelho?","PSD do Seixal realizou ""ação concertada"" para ""limpar o comunismo das ruas"" do concelho?",,https://poligrafo.sapo.pt/fact-check/psd-do-seixal-realizou-acao-concertada-para-limpar-o-comunismo-das-ruas-do-concelho,0,Polígrafo - SAPO,poligrafo.sapo.pt,2021-08-18 08:00:09,True,original
Cotrim de Figueiredo diz que Chega votou de três formas distintas sobre Novo Banco em 12 horas. Confirma-se?,Cotrim de Figueiredo diz que Chega votou de três formas distintas sobre Novo Banco em 12 horas. Confirma-se?,,https://poligrafo.sapo.pt/fact-check/cotrim-de-figueiredo-diz-que-chega-votou-de-tres-formas-distintas-sobre-novo-banco-em-12-horas-confirma-se,0,Polígrafo - SAPO,poligrafo.sapo.pt,2022-01-10 11:00:00,True,original
"Spielberg afirmou que a Netflix seria ""o fim das salas de cinema"" e agora vai produzir filmes para a plataf...","Spielberg afirmou que a Netflix seria ""o fim das salas de cinema"" e agora vai produzir filmes para a plataforma?",,https://poligrafo.sapo.pt/fact-check/spielberg-afirmou-que-a-netflix-seria-o-fim-das-salas-de-cinema-e-agora-vai-produzir-filmes-para-a-plataforma,0,Polígrafo - SAPO,poligrafo.sapo.pt,2021-06-27 13:00:15,False,original
Veja o vídeo viral de João Soares em dança tribal no funeral de Savimbi. É verdadeiro ou falso?,Veja o vídeo viral de João Soares em dança tribal no funeral de Savimbi. É verdadeiro ou falso?,,https://poligrafo.sapo.pt/fact-check/o-video-viral-de-joao-soares-a-dancar-no-funeral-de-savimbi-e-verdadeiro-ou-falso,0,Polígrafo - SAPO,poligrafo.sapo.pt,2019-06-03 18:35:59,True,original
"Roman Abramovich, ""recém-português"", participou nas negociações entre Moscovo e Kiev?","Roman Abramovich, ""recém-português"", participou nas negociações entre Moscovo e Kiev?",,https://poligrafo.sapo.pt/fact-check/roman-abramovich-recem-portugues-participou-nas-negociacoes-entre-moscovo-e-kiev,0,Polígrafo - SAPO,poligrafo.sapo.pt,2022-03-02 11:00:00,True,original
Deputado bloquista recebe mais em subsídios por declarar que reside na sede do partido em Braga? (COM VÍDEO),Deputado bloquista recebe mais em subsídios por declarar que reside na sede do partido em Braga? (COM VÍDEO),,https://poligrafo.sapo.pt/fact-check/deputado-bloquista-recebeu-mais-subsidios-por-declarar-que-reside-na-sede-do-partido-em-braga,0,Polígrafo - SAPO,poligrafo.sapo.pt,2019-03-04 08:56:54,True,original
"Governo integra políticas relativas às pessoas ciganas na esfera das ""migrações"" como se não fossem portugu...","Governo integra políticas relativas às pessoas ciganas na esfera das ""migrações"" como se não fossem portuguesas?",,https://poligrafo.sapo.pt/fact-check/governo-integra-politicas-relativas-as-pessoas-ciganas-na-esfera-das-migracoes-como-se-nao-fossem-portuguesas,0,Polígrafo - SAPO,poligrafo.sapo.pt,2020-01-30 11:00:42,False,original
"Rui Rio: ""A TAP recebe deste Governo 3.200 milhões e a receita anual de IRC é de 5.000 milhões."" Está certo?","Rui Rio: ""A TAP recebe deste Governo 3.200 milhões e a receita anual de IRC é de 5.000 milhões."" Está certo?",,https://poligrafo.sapo.pt/fact-check/rui-rio-a-tap-recebe-deste-governo-3-200-milhoes-e-a-receita-anual-de-irc-e-de-5-000-milhoes-esta-certo,0,Polígrafo - SAPO,poligrafo.sapo.pt,2022-01-14 08:30:00,True,original
"Convenção do Chega debateu moção que defendia ""remoção dos ovários"" a mulheres que abortam?","Convenção do Chega debateu moção que defendia ""remoção dos ovários"" a mulheres que abortam?",,https://poligrafo.sapo.pt/fact-check/convencao-do-chega-debateu-mocao-que-defendia-remocao-dos-ovarios-a-mulheres-que-abortam,0,Polígrafo - SAPO,poligrafo.sapo.pt,2020-09-22 10:00:15,True,original
"Lisboa. Estação de metro de Arroios está inativa há quatro anos depois de encerramento ""temporário""?","Lisboa. Estação de metro de Arroios está inativa há quatro anos depois de encerramento ""temporário""?",,https://poligrafo.sapo.pt/fact-check/lisboa-estacao-de-metro-de-arroios-esta-inativa-ha-quatro-anos-depois-de-encerramento-temporario,0,Polígrafo - SAPO,poligrafo.sapo.pt,2021-06-30 10:00:22,True,original
"Cargo de vice-presidente da Assembleia da República dá direito a gabinete, automóvel, motorista e maior sal...","Cargo de vice-presidente da Assembleia da República dá direito a gabinete, automóvel, motorista e maior salário?",,https://poligrafo.sapo.pt/fact-check/cargo-de-vice-presidente-da-assembleia-da-republica-da-direito-a-gabinete-automovel-motorista-e-maior-salario,0,Polígrafo - SAPO,poligrafo.sapo.pt,2022-02-09 15:00:00,False,original
"Falsos profissionais de saúde estão ""a bater às portas"" de casas para agendar vacinação?","Falsos profissionais de saúde estão ""a bater às portas"" de casas para agendar vacinação?",,https://poligrafo.sapo.pt/fact-check/falsos-profissionais-de-saude-estao-a-bater-as-portas-de-casas-para-agendar-vacinacao,0,Polígrafo - SAPO,poligrafo.sapo.pt,2021-01-31 11:00:08,True,original
Proposta do Chega replica lei da Alemanha Nazi sobre abate religioso de animais?,Proposta do Chega replica lei da Alemanha Nazi sobre abate religioso de animais?,,https://poligrafo.sapo.pt/fact-check/proposta-do-chega-replica-lei-da-alemanha-nazi-sobre-abate-religioso-de-animais,0,Polígrafo - SAPO,poligrafo.sapo.pt,2020-12-28 15:00:19,True,original
Clientes dos hipermercados Continente estão a ser alvo de campanha fraudulenta via SMS?,Clientes dos hipermercados Continente estão a ser alvo de campanha fraudulenta via SMS?,,https://poligrafo.sapo.pt/fact-check/clientes-dos-hipermercados-continente-estao-a-ser-alvo-de-campanha-fraudulenta-via-sms,0,Polígrafo - SAPO,poligrafo.sapo.pt,2019-11-10 10:07:21,True,original
Governador do Banco de Portugal ganha 27 vezes o salário mínimo por mês?,Governador do Banco de Portugal ganha 27 vezes o salário mínimo por mês?,,https://poligrafo.sapo.pt/fact-check/governador-do-banco-de-portugal-ganha-27-vezes-o-salario-minimo-por-mes,0,Polígrafo - SAPO,poligrafo.sapo.pt,2021-07-01 07:35:33,True,original
"Rui Rio acusa PS de ter votado contra a proposta do PSD de ""salvaguarda financeira"" no diploma dos professo...","Rui Rio acusa PS de ter votado contra a proposta do PSD de ""salvaguarda financeira"" no diploma dos professores. É verdade?",Rui Rio,https://poligrafo.sapo.pt/fact-check/rui-rio-acusa-ps-de-ter-votado-contra-a-proposta-do-psd-de-salvaguarda-financeira-no-diploma-dos-professores-e-verdade,0,Polígrafo - SAPO,poligrafo.sapo.pt,2019-05-05 18:13:52,False,original
Advogado de Luís Filipe Vieira é membro do Conselho Superior do Ministério Público?,Advogado de Luís Filipe Vieira é membro do Conselho Superior do Ministério Público?,,https://poligrafo.sapo.pt/fact-check/advogado-de-luis-filipe-vieira-e-membro-do-conselho-superior-do-ministerio-publico,0,Polígrafo - SAPO,poligrafo.sapo.pt,2021-07-10 15:05:53,True,original
Monumento aos Heróis do Ultramar em Coimbra foi vandalizado?,Monumento aos Heróis do Ultramar em Coimbra foi vandalizado?,,https://poligrafo.sapo.pt/fact-check/monumento-aos-herois-do-ultramar-em-coimbra-foi-vandalizado,0,Polígrafo - SAPO,poligrafo.sapo.pt,2020-09-29 14:00:14,True,original
Refugiados afegãos com famílias poligâmicas só podem trazer uma das mulheres para Portugal?,Refugiados afegãos com famílias poligâmicas só podem trazer uma das mulheres para Portugal?,,https://poligrafo.sapo.pt/fact-check/refugiados-afegaos-com-familias-poligamicas-so-podem-trazer-uma-das-mulheres-para-portugal,0,Polígrafo - SAPO,poligrafo.sapo.pt,2021-08-31 10:00:43,True,original
"Homem morreu ""após esperar seis horas na Urgência do Hospital de Lamego""?","Homem morreu ""após esperar seis horas na Urgência do Hospital de Lamego""?",,https://poligrafo.sapo.pt/fact-check/homem-morreu-apos-esperar-seis-horas-na-urgencia-do-hospital-de-lamego,0,Polígrafo - SAPO,poligrafo.sapo.pt,2020-02-19 18:48:17,True,original
"Filho de Durão Barroso foi contratado pelo Banco de Portugal ""por convite e sem concurso""?","Filho de Durão Barroso foi contratado pelo Banco de Portugal ""por convite e sem concurso""?",,https://poligrafo.sapo.pt/fact-check/filho-de-durao-barroso-foi-contratado-pelo-banco-de-portugal-por-convite-e-sem-concurso,0,Polígrafo - SAPO,poligrafo.sapo.pt,2019-02-23 19:21:02,True,original
Graça Fonseca é a primeira ministra assumidamente homossexual?,Graça Fonseca é a primeira ministra assumidamente homossexual?,Isabel Moreira,https://poligrafo.sapo.pt/fact-check/graca-fonseca-e-a-primeira-ministra-assumidamente-homossexual,0,Polígrafo - SAPO,poligrafo.sapo.pt,2018-10-16 13:37:11,True,original
"Ramalho Eanes recusa prioridade na vacina e prefere ""esperar pela sua vez como octogenário""?","Ramalho Eanes recusa prioridade na vacina e prefere ""esperar pela sua vez como octogenário""?",,https://poligrafo.sapo.pt/fact-check/ramalho-eanes-recusa-prioridade-na-vacina-e-prefere-esperar-pela-sua-vez-como-octogenario,0,Polígrafo - SAPO,poligrafo.sapo.pt,2021-02-09 11:00:28,True,original
Obra na Praia do Ourigo continua apesar de o ministro do Ambiente ter dito que ia ser demolida?,Obra na Praia do Ourigo continua apesar de o ministro do Ambiente ter dito que ia ser demolida?,,https://poligrafo.sapo.pt/fact-check/obra-na-praia-do-ourigo-continua-apesar-de-o-ministro-do-ambiente-ter-dito-que-ia-ser-demolida,0,Polígrafo - SAPO,poligrafo.sapo.pt,2021-06-03 07:50:32,True,original
"Inês de Medeiros considera que transportes públicos gratuitos ""reforçam a desigualdade""?","Inês de Medeiros considera que transportes públicos gratuitos ""reforçam a desigualdade""?",,https://poligrafo.sapo.pt/fact-check/ines-de-medeiros-considera-que-transportes-publicos-gratuitos-reforcam-a-desigualdade,0,Polígrafo - SAPO,poligrafo.sapo.pt,2022-04-25 16:00:00,True,original
Nissan cobrou mais de 25 mil euros por substituição de bateria em automóvel elétrico?,Nissan cobrou mais de 25 mil euros por substituição de bateria em automóvel elétrico?,,https://poligrafo.sapo.pt/fact-check/6221,0,Polígrafo - SAPO,poligrafo.sapo.pt,2019-11-01 15:12:30,True,original
Presidente da República já realizou mais de 50 viagens ao estrangeiro?,Presidente da República já realizou mais de 50 viagens ao estrangeiro?,,https://poligrafo.sapo.pt/fact-check/presidente-da-republica-ja-realizou-mais-de-50-viagens-ao-estrangeiro,0,Polígrafo - SAPO,poligrafo.sapo.pt,2021-12-01 09:30:21,True,original
EUA lançaram pianos em pára-quedas para as suas tropas durante a Segunda Guerra Mundial?,EUA lançaram pianos em pára-quedas para as suas tropas durante a Segunda Guerra Mundial?,,https://poligrafo.sapo.pt/fact-check/eua-lancaram-pianos-em-para-quedas-para-as-suas-tropas-durante-a-segunda-guerra-mundial,0,Polígrafo - SAPO,poligrafo.sapo.pt,2022-03-06 12:00:00,True,original
Promulgação de medidas de apoio social pelo Presidente da República suscita dúvidas ao nível constitucional?,Promulgação de medidas de apoio social pelo Presidente da República suscita dúvidas ao nível constitucional?,,https://poligrafo.sapo.pt/fact-check/promulgacao-de-medidas-de-apoio-social-pelo-presidente-da-republica-suscita-duvidas-ao-nivel-constitucional,0,Polígrafo - SAPO,poligrafo.sapo.pt,2021-03-29 16:52:21,True,original
Governo da Dinamarca recuou em lei de vacinação obrigatória por causa de protestos públicos?,Governo da Dinamarca recuou em lei de vacinação obrigatória por causa de protestos públicos?,,https://poligrafo.sapo.pt/fact-check/governo-da-dinamarca-recuou-em-lei-de-vacinacao-obrigatoria-por-causa-de-protestos-publicos,0,Polígrafo - SAPO,poligrafo.sapo.pt,2020-11-21 19:00:17,True,original
Há países em que a polícia agride ou obriga a fazer exercício físico quem não respeita o confinamento e o u...,Há países em que a polícia agride ou obriga a fazer exercício físico quem não respeita o confinamento e o uso da máscara?,,https://poligrafo.sapo.pt/fact-check/ha-paises-em-que-a-policia-agride-ou-obriga-a-fazer-exercicio-fisico-quem-nao-respeita-o-confinamento-e-o-uso-da-mascara,0,Polígrafo - SAPO,poligrafo.sapo.pt,2020-11-15 09:15:41,False,original
"Deputada Cristina Rodrigues propôs pena de prisão para quem promover ""terapias de reorientação sexual""?","Deputada Cristina Rodrigues propôs pena de prisão para quem promover ""terapias de reorientação sexual""?",,https://poligrafo.sapo.pt/fact-check/deputada-cristina-rodrigues-propos-pena-de-prisao-para-quem-promover-terapias-de-reorientacao-sexual,0,Polígrafo - SAPO,poligrafo.sapo.pt,2021-04-16 17:00:55,True,original
Câmara de Gaia gastou 10 mil euros em quadros com imagens de Rui Moreira e Eduardo Rodrigues?,Câmara de Gaia gastou 10 mil euros em quadros com imagens de Rui Moreira e Eduardo Rodrigues?,,https://poligrafo.sapo.pt/fact-check/camara-de-gaia-gastou-10-mil-euros-em-dois-quadros-de-cariz-religioso,0,Polígrafo - SAPO,poligrafo.sapo.pt,2021-09-20 08:00:57,True,original
Salário médio bruto em Portugal destaca-se entre os valores mais baixos da União Europeia?,Salário médio bruto em Portugal destaca-se entre os valores mais baixos da União Europeia?,,https://poligrafo.sapo.pt/fact-check/salario-medio-bruto-em-portugal-destaca-se-entre-os-valores-mais-baixos-da-uniao-europeia,0,Polígrafo - SAPO,poligrafo.sapo.pt,2021-03-17 15:02:29,True,original
"Autarca de Penamacor ""forjou contrato"" para ""justificar obra ilegal feita há três anos""?","Autarca de Penamacor ""forjou contrato"" para ""justificar obra ilegal feita há três anos""?",,https://poligrafo.sapo.pt/fact-check/autarca-de-penamacor-forjou-contrato-para-justificar-obra-ilegal-feita-ha-tres-anos,0,Polígrafo - SAPO,poligrafo.sapo.pt,2020-03-10 15:00:57,True,original
Motorista que conduzia carro de Cabrita continua ao serviço de Francisca Van Dunem?,Motorista que conduzia carro de Cabrita continua ao serviço de Francisca Van Dunem?,,https://poligrafo.sapo.pt/fact-check/motorista-que-conduzia-carro-de-cabrita-continua-ao-servico-de-francisca-van-dunem,0,Polígrafo - SAPO,poligrafo.sapo.pt,2021-12-23 15:00:12,True,original
Moção do Iniciativa Liberal quer alargar Presidência da República a todos os portugueses?,Moção do Iniciativa Liberal quer alargar Presidência da República a todos os portugueses?,,https://poligrafo.sapo.pt/fact-check/mocao-do-iniciativa-liberal-quer-alargar-presidencia-da-republica-a-todos-os-portugueses,0,Polígrafo - SAPO,poligrafo.sapo.pt,2021-12-15 15:00:06,True,original
Livre pretende retirar a disciplina de Educação Moral e Religiosa do currículo escolar?,Livre pretende retirar a disciplina de Educação Moral e Religiosa do currículo escolar?,,https://poligrafo.sapo.pt/fact-check/livre-pretende-retirar-a-disciplina-de-educacao-moral-e-religiosa-do-curriculo-escolar-2,0,Polígrafo - SAPO,poligrafo.sapo.pt,2022-01-27 15:00:00,True,original
Ministra da Cultura foi discursar à Santa Casa um dia depois de a sua empresa assinar um contrato com a ins...,Ministra da Cultura foi discursar à Santa Casa um dia depois de a sua empresa assinar um contrato com a instituição? (COM VÍDEO),,https://poligrafo.sapo.pt/fact-check/ministra-da-cultura-foi-discursar-a-santa-casa-um-dia-depois-de-a-sua-empresa-assinar-um-contrato-com-a-instituicao,0,Polígrafo - SAPO,poligrafo.sapo.pt,2019-08-02 09:32:51,False,original
"Nova ministra do Trabalho apelou a grupo económico chinês para ""usar Portugal como cobaia""?","Nova ministra do Trabalho apelou a grupo económico chinês para ""usar Portugal como cobaia""?",,https://poligrafo.sapo.pt/fact-check/nova-ministra-do-trabalho-apelou-a-grupo-economico-chines-para-usar-portugal-como-cobaia,0,Polígrafo - SAPO,poligrafo.sapo.pt,2019-10-19 18:23:03,True,original
Eduardo Cabrita faltou à verdade no Parlamento (e ao Polígrafo) sobre Caxias? (COM VÍDEO),Eduardo Cabrita faltou à verdade no Parlamento (e ao Polígrafo) sobre Caxias? (COM VÍDEO),,https://poligrafo.sapo.pt/fact-check/eduardo-cabrita-faltou-a-verdade-no-parlamento-e-ao-poligrafo-sobre-caxias,0,Polígrafo - SAPO,poligrafo.sapo.pt,2021-06-18 07:45:23,True,original
Alterações ao Código da Estrada. Multa por utilizar telemóvel enquanto conduz duplica de valor?,Alterações ao Código da Estrada. Multa por utilizar telemóvel enquanto conduz duplica de valor?,,https://poligrafo.sapo.pt/fact-check/alteracoes-ao-codigo-da-estrada-multa-por-utilizar-telemovel-enquanto-conduz-duplica-de-valor,0,Polígrafo - SAPO,poligrafo.sapo.pt,2021-02-04 15:00:46,True,original
"Novo conselheiro de António Costa disse em 2018 que ""decidimos não investir mais em Portugal"" porque ""não v...","Novo conselheiro de António Costa disse em 2018 que ""decidimos não investir mais em Portugal"" porque ""não vale a pena""?",,https://poligrafo.sapo.pt/fact-check/antonio-costa-silva-disse-em-2018-que-decidimos-nao-investir-mais-em-portugal-porque-nao-vale-a-pena,0,Polígrafo - SAPO,poligrafo.sapo.pt,2020-06-02 10:00:08,False,original
"Post no Facebook: ""Rússia continua a exportar petróleo para o Ocidente apesar das sanções",Rússia continua a exportar petróleo para o Ocidente apesar das sanções,,https://poligrafo.sapo.pt/fact-check/post-no-facebook-russia-continua-a-exportar-petroleo-para-o-ocidente-apesar-das-sancoes,0,Polígrafo - SAPO,poligrafo.sapo.pt,2022-05-05 18:00:00,False,original
Deputada dissidente do PAN é a mesma que desconhecia o programa eleitoral do partido antes das eleições leg...,Deputada dissidente do PAN é a mesma que desconhecia o programa eleitoral do partido antes das eleições legislativas?,,https://poligrafo.sapo.pt/fact-check/deputada-dissidente-do-pan-e-a-mesma-que-desconhecia-o-programa-eleitoral-do-partido-antes-das-eleicoes-legislativas,0,Polígrafo - SAPO,poligrafo.sapo.pt,2020-06-27 14:39:44,False,original
"Tens a cabeça grande!"" Exercício de combate ao bullying incentiva alunos a utilizar frases ofensivas?","Tens a cabeça grande!"" Exercício de combate ao bullying incentiva alunos a utilizar frases ofensivas?",,https://poligrafo.sapo.pt/fact-check/tens-a-cabeca-grande-exercicio-de-combate-ao-bullying-incentiva-alunos-a-utilizar-frases-ofensivas,0,Polígrafo - SAPO,poligrafo.sapo.pt,2021-12-16 11:00:08,True,original
"Rui Tavares diz que CDS-PP quer touradas ""com o IVA a 6%, igual ao do pão"". É verdade?","Rui Tavares diz que CDS-PP quer touradas ""com o IVA a 6%, igual ao do pão"". É verdade?",,https://poligrafo.sapo.pt/fact-check/rui-tavares-diz-que-cds-pp-quer-touradas-com-o-iva-a-6-igual-ao-do-pao-e-verdade,0,Polígrafo - SAPO,poligrafo.sapo.pt,2022-01-11 10:00:00,True,original
"Petição contra ""a presença de José Sócrates como comentador da RTP"" é a ""mais subscrita em Portugal""?","Petição contra ""a presença de José Sócrates como comentador da RTP"" é a ""mais subscrita em Portugal""?",,https://poligrafo.sapo.pt/fact-check/peticao-contra-a-presenca-de-jose-socrates-como-comentador-da-rtp-e-a-mais-subscrita-em-portugal,0,Polígrafo - SAPO,poligrafo.sapo.pt,2019-09-30 08:00:46,True,original
Mulheres não podiam viajar sem autorização do marido e femicídio por adultério era punido com seis meses de...,Mulheres não podiam viajar sem autorização do marido e femicídio por adultério era punido com seis meses de desterro?,,https://poligrafo.sapo.pt/fact-check/mulheres-nao-podiam-viajar-sem-autorizacao-do-marido-e-femicidio-por-adulterio-era-punido-com-seis-meses-de-desterro,0,Polígrafo - SAPO,poligrafo.sapo.pt,2022-03-09 15:00:00,False,original
"PS votou contra ""fim das touradas no Campo Pequeno"" e ""alimentação de animais na via pública""?","PS votou contra ""fim das touradas no Campo Pequeno"" e ""alimentação de animais na via pública""?",,https://poligrafo.sapo.pt/fact-check/ps-votou-contra-fim-das-touradas-no-campo-pequeno-e-alimentacao-de-animais-na-via-publica,0,Polígrafo - SAPO,poligrafo.sapo.pt,2020-10-17 18:45:40,True,original
"Durão Barroso disse em 2002 que ""a liberalização dos combustíveis irá fazer baixar os preços""?","Durão Barroso disse em 2002 que ""a liberalização dos combustíveis irá fazer baixar os preços""?",,https://poligrafo.sapo.pt/fact-check/durao-barroso-disse-em-2002-que-a-liberalizacao-dos-combustiveis-ira-fazer-baixar-os-precos,0,Polígrafo - SAPO,poligrafo.sapo.pt,2020-07-02 10:00:24,True,original
"Afinal, há outra imagem do primeiro buraco negro alguma vez fotografado?","Afinal, há outra imagem do primeiro buraco negro alguma vez fotografado?",,https://poligrafo.sapo.pt/fact-check/afinal-ha-outra-imagem-do-primeiro-buraco-negro-alguma-vez-fotografado,0,Polígrafo - SAPO,poligrafo.sapo.pt,2019-04-13 14:55:38,True,original
Programa Nacional de Vacinação terá novas vacinas a partir de 1 de outubro?,Programa Nacional de Vacinação terá novas vacinas a partir de 1 de outubro?,,https://poligrafo.sapo.pt/fact-check/programa-nacional-de-vacinacao-tera-novas-vacinas-a-partir-de-1-de-outubro,0,Polígrafo - SAPO,poligrafo.sapo.pt,2020-09-30 14:00:16,True,original
"Nogueira Leite, ex-secretário de Estado, fez uma declaração racista no Twitter?","Nogueira Leite, ex-secretário de Estado, fez uma declaração racista no Twitter?",,https://poligrafo.sapo.pt/fact-check/nogueira-leite-ex-secretario-de-estado-fez-uma-declaracao-racista-no-twitter,0,Polígrafo - SAPO,poligrafo.sapo.pt,2019-06-25 18:45:47,True,original
Assembleia da Madeira gastou cerca de 70 mil euros em escultura de homenagem aos profissionais de saúde?,Assembleia da Madeira gastou cerca de 70 mil euros em escultura de homenagem aos profissionais de saúde?,,https://poligrafo.sapo.pt/fact-check/assembleia-da-madeira-gastou-cerca-de-70-mil-euros-em-escultura-de-homenagem-aos-profissionais-de-saude,0,Polígrafo - SAPO,poligrafo.sapo.pt,2021-07-22 10:00:49,True,original
Associação de municípios minhotos convidou duas empresas com os mesmos gestores para concorrerem a negócio ...,Associação de municípios minhotos convidou duas empresas com os mesmos gestores para concorrerem a negócio pago com dinheiro público?,,https://poligrafo.sapo.pt/fact-check/associacao-de-municipios-de-barcelos-braga-famalicao-e-guimaraes-convidou-duas-empresas-com-os-mesmos-gestores-para-concorrerem-a-um-negocio-pago-com-dinheiro-publico,0,Polígrafo - SAPO,poligrafo.sapo.pt,2021-03-28 08:30:58,False,original
Medina promete creches gratuitas em Lisboa que PS tem chumbado no Parlamento?,Medina promete creches gratuitas em Lisboa que PS tem chumbado no Parlamento?,,https://poligrafo.sapo.pt/fact-check/medina-promete-creches-gratuitas-em-lisboa-que-ps-tem-chumbado-no-parlamento,0,Polígrafo - SAPO,poligrafo.sapo.pt,2021-07-10 08:00:07,True,original
Distritos do litoral elegem 175 deputados e distritos do interior elegem apenas 40 deputados?,Distritos do litoral elegem 175 deputados e distritos do interior elegem apenas 40 deputados?,,https://poligrafo.sapo.pt/fact-check/distritos-do-litoral-elegem-175-deputados-e-distritos-do-interior-elegem-apenas-40-deputados,0,Polígrafo - SAPO,poligrafo.sapo.pt,2022-02-12 18:05:00,True,original
"Cimeira Social do Porto. Refeições custaram 66 mil euros mas ""polícias apenas receberam umas sandes""? (COM ...","Cimeira Social do Porto. Refeições custaram 66 mil euros mas ""polícias apenas receberam umas sandes""? (COM VÍDEO)",,https://poligrafo.sapo.pt/fact-check/cimeira-social-do-porto-refeicoes-custaram-66-mil-euros-mas-policias-apenas-receberam-umas-sandes,0,Polígrafo - SAPO,poligrafo.sapo.pt,2021-05-14 17:20:25,False,original
"Centros sociais e lares de idosos promoveram tradição pascal de ""beijar a cruz"" em plena pandemia?","Centros sociais e lares de idosos promoveram tradição pascal de ""beijar a cruz"" em plena pandemia?",,https://poligrafo.sapo.pt/fact-check/centros-sociais-e-lares-de-idosos-promoveram-tradicao-pascal-de-beijar-a-cruz-em-plena-pandemia,0,Polígrafo - SAPO,poligrafo.sapo.pt,2020-04-13 17:43:52,True,original
"Se tiver ""contacto com um caso Covid-19"" terá que ""cumprir 14 dias de isolamento""?","Se tiver ""contacto com um caso Covid-19"" terá que ""cumprir 14 dias de isolamento""?",,https://poligrafo.sapo.pt/fact-check/se-tiver-contacto-com-um-caso-covid-19-tera-que-cumprir-14-dias-de-isolamento,0,Polígrafo - SAPO,poligrafo.sapo.pt,2020-11-10 11:00:56,True,original
Foi instalado um muro em torno do Parlamento por causa da manifestação dos Polícias?,Foi instalado um muro em torno do Parlamento por causa da manifestação dos Polícias?,,https://poligrafo.sapo.pt/fact-check/foi-instalado-um-muro-em-torno-do-parlamento-por-causa-da-manifestacao-dos-policias,0,Polígrafo - SAPO,poligrafo.sapo.pt,2019-11-22 12:21:02,True,original
É ou não verdade que o Estado falhou na promessa de tomar o controlo da rede de emergência nacional?,É ou não verdade que o Estado falhou na promessa de tomar o controlo da rede de emergência nacional?,,https://poligrafo.sapo.pt/fact-check/e-ou-falhou-na-promessa-de-tomar-o-controlo-da-rede-de-emergencia-nacional,0,Polígrafo - SAPO,poligrafo.sapo.pt,2019-04-16 12:06:52,True,original
Music-Check. Prince tocou todos os instrumentos e gravou todas as vozes do seu disco de estreia?,Music-Check. Prince tocou todos os instrumentos e gravou todas as vozes do seu disco de estreia?,,https://poligrafo.sapo.pt/fact-check/music-check-prince-tocou-todos-os-instrumentos-e-gravou-todas-as-vozes-do-seu-disco-de-estreia,0,Polígrafo - SAPO,poligrafo.sapo.pt,2020-04-11 13:00:20,True,original
Nível de escolaridade da população dos países da Europa de Leste é muito superior à de Portugal?,Nível de escolaridade da população dos países da Europa de Leste é muito superior à de Portugal?,,https://poligrafo.sapo.pt/fact-check/nivel-de-escolaridade-da-populacao-dos-paises-da-europa-de-leste-e-muito-superior-a-de-portugal,0,Polígrafo - SAPO,poligrafo.sapo.pt,2021-10-19 10:00:42,True,original
Cotação do rublo registou quedas significativas sempre que Putin iniciou novas guerras?,Cotação do rublo registou quedas significativas sempre que Putin iniciou novas guerras?,,https://poligrafo.sapo.pt/fact-check/cotacao-do-rublo-registou-quedas-significativas-sempre-que-putin-iniciou-novas-guerras,0,Polígrafo - SAPO,poligrafo.sapo.pt,2022-03-02 17:00:00,True,original
"Costa disse que ""o Governo cai no dia em que precisar dos votos do PSD para aprovar um Orçamento""?","Costa disse que ""o Governo cai no dia em que precisar dos votos do PSD para aprovar um Orçamento""?",,https://poligrafo.sapo.pt/fact-check/costa-disse-que-o-governo-cai-no-dia-em-que-precisar-dos-votos-do-psd-para-aprovar-um-orcamento,0,Polígrafo - SAPO,poligrafo.sapo.pt,2021-10-17 12:43:09,True,original
PS chumbou proposta do PSD para alargar IRS Jovem e agora António Costa anuncia a mesma medida?,PS chumbou proposta do PSD para alargar IRS Jovem e agora António Costa anuncia a mesma medida?,,https://poligrafo.sapo.pt/fact-check/ps-chumbou-proposta-do-psd-para-alargar-irs-jovem-e-agora-antonio-costa-anuncia-a-mesma-medida,0,Polígrafo - SAPO,poligrafo.sapo.pt,2021-09-08 10:00:35,True,original
Vídeo viral que mostra polícias a recorrerem à força para deter três jovens em Lisboa é autêntico? (COM VÍDEO),Vídeo viral que mostra polícias a recorrerem à força para deter três jovens em Lisboa é autêntico? (COM VÍDEO),,https://poligrafo.sapo.pt/fact-check/video-viral-que-mostra-policias-a-recorrerem-a-forca-para-deter-tres-jovens-em-lisboa-e-autentico,0,Polígrafo - SAPO,poligrafo.sapo.pt,2021-05-05 08:00:46,True,original
Empresa de João Cordeiro celebrou mais de 15 milhões de euros em contratos com o Estado desde o início de 2...,Empresa de João Cordeiro celebrou mais de 15 milhões de euros em contratos com o Estado desde o início de 2020?,,https://poligrafo.sapo.pt/fact-check/empresa-de-joao-cordeiro-celebrou-mais-de-15-milhoes-de-euros-em-contratos-com-o-estado-desde-o-inicio-de-2020,0,Polígrafo - SAPO,poligrafo.sapo.pt,2020-05-18 14:53:07,False,original
Music-Check. Bryan Adams captou fotografia de Isabel II que figura em selo canadiano?,Music-Check. Bryan Adams captou fotografia de Isabel II que figura em selo canadiano?,,https://poligrafo.sapo.pt/fact-check/music-check-bryan-adams-captou-fotografia-de-isabel-ii-que-figura-em-selo-canadiano,0,Polígrafo - SAPO,poligrafo.sapo.pt,2020-01-19 19:11:13,True,original
Pedro Nuno Santos defendeu direito à estabilidade no emprego e agora vai despedir 500 pessoas na TAP? (COM ...,Pedro Nuno Santos defendeu direito à estabilidade no emprego e agora vai despedir 500 pessoas na TAP? (COM VÍDEO),,https://poligrafo.sapo.pt/fact-check/pedro-nuno-santos-defendeu-direito-a-estabilidade-no-emprego-e-agora-vai-despedir-500-pessoas-na-tap,0,Polígrafo - SAPO,poligrafo.sapo.pt,2021-05-06 07:30:56,False,original
Fotografias de peixes que deram à costa na praia do Meco são autênticas?,Fotografias de peixes que deram à costa na praia do Meco são autênticas?,,https://poligrafo.sapo.pt/fact-check/fotografias-de-peixes-que-deram-a-costa-na-praia-do-meco-sao-autenticas,0,Polígrafo - SAPO,poligrafo.sapo.pt,2021-08-26 10:00:37,True,original
"PS tem ""deputados suficientes para sozinho conseguir eleger todos os candidatos"" a vice-presidente da AR?","PS tem ""deputados suficientes para sozinho conseguir eleger todos os candidatos"" a vice-presidente da AR?",,https://poligrafo.sapo.pt/fact-check/ps-tem-deputados-suficientes-para-sozinho-conseguir-eleger-todos-os-candidatos-a-vice-presidente-da-ar,0,Polígrafo - SAPO,poligrafo.sapo.pt,2022-04-05 10:00:00,True,original
"Angola e Moçambique são classificados como ""concelhos de Portugal"" na página do IMT?","Angola e Moçambique são classificados como ""concelhos de Portugal"" na página do IMT?",,https://poligrafo.sapo.pt/fact-check/angola-e-mocambique-sao-classificados-como-concelhos-de-portugal-na-pagina-do-imt,0,Polígrafo - SAPO,poligrafo.sapo.pt,2021-07-11 10:00:01,True,original
Período experimental dos trabalhadores em Portugal é de seis meses e em Espanha é de apenas dois meses?,Período experimental dos trabalhadores em Portugal é de seis meses e em Espanha é de apenas dois meses?,,https://poligrafo.sapo.pt/fact-check/periodo-experimental-dos-trabalhadores-em-portugal-e-de-seis-meses-e-em-espanha-e-de-apenas-dois-meses,0,Polígrafo - SAPO,poligrafo.sapo.pt,2022-01-13 08:30:00,True,original
PS publicou gráfico com escala ampliada para extrapolar sucesso da vacinação à Covid-19 em Portugal?,PS publicou gráfico com escala ampliada para extrapolar sucesso da vacinação à Covid-19 em Portugal?,,https://poligrafo.sapo.pt/fact-check/ps-publicou-grafico-com-escala-ampliada-para-extrapolar-sucesso-da-vacinacao-a-covid-19-em-portugal,0,Polígrafo - SAPO,poligrafo.sapo.pt,2021-02-08 15:00:12,True,original
"Vila situada na Suíça paga mais de 21 mil euros ""a quem se mudar para lá""?","Vila situada na Suíça paga mais de 21 mil euros ""a quem se mudar para lá""?",,https://poligrafo.sapo.pt/fact-check/vila-situada-na-suica-paga-mais-de-21-mil-euros-a-quem-se-mudar-para-la,0,Polígrafo - SAPO,poligrafo.sapo.pt,2019-11-28 15:36:27,True,original
Fotografia captada na Amadora em 1974 é autêntica e da autoria do fotojornalista Alfredo Cunha?,Fotografia captada na Amadora em 1974 é autêntica e da autoria do fotojornalista Alfredo Cunha?,,https://poligrafo.sapo.pt/fact-check/fotografia-captada-na-amadora-em-1974-e-autentica-e-da-autoria-do-fotojornalista-alfredo-cunha,0,Polígrafo - SAPO,poligrafo.sapo.pt,2020-09-14 00:46:41,True,original
Presidente da Câmara de Coimbra comprou automóvel de 83 mil euros com dinheiro público?,Presidente da Câmara de Coimbra comprou automóvel de 83 mil euros com dinheiro público?,,https://poligrafo.sapo.pt/fact-check/presidente-da-camara-de-coimbra-compra-automovel-de-83-mil-euros-com-dinheiro-publico,0,Polígrafo - SAPO,poligrafo.sapo.pt,2020-09-19 16:00:56,True,original
"Ainda ""ninguém"" foi julgado no ""caso do BES"" em Portugal enquanto Madoff foi ""condenado em pouco tempo"" nos...","Ainda ""ninguém"" foi julgado no ""caso do BES"" em Portugal enquanto Madoff foi ""condenado em pouco tempo"" nos EUA?",António Costa,https://poligrafo.sapo.pt/fact-check/ainda-ninguem-foi-julgado-no-caso-do-bes-em-portugal-enquanto-madoff-foi-condenado-em-pouco-tempo-nos-eua,0,Polígrafo - SAPO,poligrafo.sapo.pt,2019-12-18 14:12:51,False,original
"Debate OE. Mariana Mortágua: ""Metade dos jovens portugueses ganha 767 euros por mês"". Confirma-se?","Debate OE. Mariana Mortágua: ""Metade dos jovens portugueses ganha 767 euros por mês"". Confirma-se?",,https://poligrafo.sapo.pt/fact-check/debate-oe-mariana-mortagua-metade-dos-jovens-portugueses-ganha-767-euros-por-mes-confirma-se,0,Polígrafo - SAPO,poligrafo.sapo.pt,2022-04-30 10:00:00,True,original
COP26. Líderes mundiais viajaram em aviões privados para a Cimeira do Clima?,COP26. Líderes mundiais viajaram em aviões privados para a Cimeira do Clima?,,https://poligrafo.sapo.pt/fact-check/cop26-lideres-mundiais-viajaram-em-avioes-privados-para-a-cimeira-do-clima,0,Polígrafo - SAPO,poligrafo.sapo.pt,2021-11-08 18:00:20,True,original
"Ministro das Finanças disse que ""ajudar famílias com 40 milhões de euros mensais é inconstitucional""?","Ministro das Finanças disse que ""ajudar famílias com 40 milhões de euros mensais é inconstitucional""?",,https://poligrafo.sapo.pt/fact-check/ministro-das-financas-disse-que-ajudar-familias-com-40-milhoes-de-euros-mensais-e-inconstitucional,0,Polígrafo - SAPO,poligrafo.sapo.pt,2022-03-01 17:00:00,True,original
Moura Guedes na SIC: O Governo de Costa está a dar menos dinheiro ao SNS do que o de Passos Coelho?,Moura Guedes na SIC: O Governo de Costa está a dar menos dinheiro ao SNS do que o de Passos Coelho?,,https://poligrafo.sapo.pt/fact-check/o-governo-de-costa-esta-a-transferir-menos-dinheiro-para-o-sns-do-que-o-governo-de-passos-coelho,0,Polígrafo - SAPO,poligrafo.sapo.pt,2019-01-22 08:45:49,True,original
"Embaixador da Estónia nos Países Baixos move-se em ""bicicleta oficial com a bandeira do seu país""?","Embaixador da Estónia nos Países Baixos move-se em ""bicicleta oficial com a bandeira do seu país""?",,https://poligrafo.sapo.pt/fact-check/embaixador-da-estonia-nos-paises-baixos-move-se-em-bicicleta-oficial-com-a-bandeira-do-seu-pais,0,Polígrafo - SAPO,poligrafo.sapo.pt,2022-04-10 16:00:00,True,original
"PS vai ser o ""maior gastador"" na campanha eleitoral com orçamento de 2,45 milhões de euros?","PS vai ser o ""maior gastador"" na campanha eleitoral com orçamento de 2,45 milhões de euros?",,https://poligrafo.sapo.pt/fact-check/ps-vai-ser-o-maior-gastador-na-campanha-eleitoral-com-orcamento-de-245-milhoes-de-euros,0,Polígrafo - SAPO,poligrafo.sapo.pt,2021-12-27 11:00:35,True,original
"Mário Machado avisa que vão surgir grupos de ""extrema-direita ao estilo paramilitar"" se o Chega for extinto...","Mário Machado avisa que vão surgir grupos de ""extrema-direita ao estilo paramilitar"" se o Chega for extinto? (COM VÍDEO)",,https://poligrafo.sapo.pt/fact-check/mario-machado-avisa-que-vao-surgir-grupos-de-extrema-direita-ao-estilo-paramilitar-se-o-chega-for-extinto,0,Polígrafo - SAPO,poligrafo.sapo.pt,2021-03-01 15:00:10,False,original
"Procura e interesse dos portugueses por espetáculos tauromáquicos"" tem vindo a diminuir?","Procura e interesse dos portugueses por espetáculos tauromáquicos"" tem vindo a diminuir?",,https://poligrafo.sapo.pt/fact-check/procura-e-interesse-dos-portugueses-por-espetaculos-tauromaquicos-tem-vindo-a-diminuir,0,Polígrafo - SAPO,poligrafo.sapo.pt,2021-09-13 10:00:23,True,original
Rui Rio: Relatório de Segurança Interna de 2018 já alertava para exploração laboral no Alentejo. Confirma-se?,Rui Rio: Relatório de Segurança Interna de 2018 já alertava para exploração laboral no Alentejo. Confirma-se?,,https://poligrafo.sapo.pt/fact-check/rui-rio-relatorio-de-seguranca-interna-de-2018-ja-alertava-para-exploracao-laboral-no-alentejo-confirma-se,0,Polígrafo - SAPO,poligrafo.sapo.pt,2021-05-06 14:00:07,True,original
Os degraus do Quebra Costas em Coimbra vão ser substituídos por granito?,Os degraus do Quebra Costas em Coimbra vão ser substituídos por granito?,,https://poligrafo.sapo.pt/fact-check/os-degraus-do-quebra-costas-em-coimbra-vao-ser-substituidos-por-granito,0,Polígrafo - SAPO,poligrafo.sapo.pt,2021-06-04 10:00:45,True,original
Fotografia dos terrenos do atual Parque das Nações em 1996 é autêntica?,Fotografia dos terrenos do atual Parque das Nações em 1996 é autêntica?,,https://poligrafo.sapo.pt/fact-check/fotografia-dos-terrenos-do-atual-parque-das-nacoes-em-1996-e-autentica,0,Polígrafo - SAPO,poligrafo.sapo.pt,2021-06-03 10:00:51,True,original
Brasileira foi assassinada pelo namorado em Portugal e família pede ajuda para custear a trasladação do corpo?,Brasileira foi assassinada pelo namorado em Portugal e família pede ajuda para custear a trasladação do corpo?,,https://poligrafo.sapo.pt/fact-check/brasileira-foi-assassinada-pelo-namorado-em-portugal-e-familia-pede-ajuda-para-custear-a-trasladacao-do-corpo,0,Polígrafo - SAPO,poligrafo.sapo.pt,2019-10-14 09:00:53,True,original
"Santana na SIC-N: ""Governo de Costa gastou menos com o SNS do que o de Passos Coelho."" Verdadeiro ou falso?...","Santana na SIC-N: ""Governo de Costa gastou menos com o SNS do que o de Passos Coelho."" Verdadeiro ou falso? (COM VÍDEO)",Santana Lopes,https://poligrafo.sapo.pt/fact-check/governo-de-costa-gastou-menos-com-o-servico-nacional-de-saude-do-que-o-governo-de-passos-coelho,0,Polígrafo - SAPO,poligrafo.sapo.pt,2019-01-09 14:49:40,False,original
"Comissão Parlamentar de Economia inclui vários deputados ""ligados a interesses privados""?","Comissão Parlamentar de Economia inclui vários deputados ""ligados a interesses privados""?",,https://poligrafo.sapo.pt/fact-check/comissao-parlamentar-de-economia-inclui-varios-deputados-ligados-a-interesses-privados,0,Polígrafo - SAPO,poligrafo.sapo.pt,2019-06-30 08:00:39,True,original
"Nova Direção do CDS-PP sob a liderança de Francisco Rodrigues dos Santos tem ""zero mulheres""?","Nova Direção do CDS-PP sob a liderança de Francisco Rodrigues dos Santos tem ""zero mulheres""?",,https://poligrafo.sapo.pt/fact-check/nova-direcao-do-cds-pp-sob-a-lideranca-de-francisco-rodrigues-dos-santos-tem-zero-mulheres,0,Polígrafo - SAPO,poligrafo.sapo.pt,2020-01-28 11:00:39,True,original
Governo nomeou filho de amigo de António Costa para assessor da embaixada de Portugal em Washington?,Governo nomeou filho de amigo de António Costa para assessor da embaixada de Portugal em Washington?,,https://poligrafo.sapo.pt/fact-check/governo-nomeou-filho-de-amigo-de-antonio-costa-para-assessor-da-embaixada-de-portugal-em-washington,0,Polígrafo - SAPO,poligrafo.sapo.pt,2020-11-16 08:00:07,True,original
Freguesia de Carcavelos e Parede: PCP votou contra condenação da invasão da Ucrânia?,Freguesia de Carcavelos e Parede: PCP votou contra condenação da invasão da Ucrânia?,,https://poligrafo.sapo.pt/fact-check/freguesia-de-carcavelos-e-parede-pcp-votou-contra-condenacao-da-invasao-da-ucrania,0,Polígrafo - SAPO,poligrafo.sapo.pt,2022-03-18 09:00:00,True,original
Tese de doutoramento do ministro das Finanças foi orientada por Nobel da Economia?,Tese de doutoramento do ministro das Finanças foi orientada por Nobel da Economia?,,https://poligrafo.sapo.pt/fact-check/tese-de-doutoramento-do-ministro-das-financas-foi-orientada-por-nobel-da-economia,0,Polígrafo - SAPO,poligrafo.sapo.pt,2020-10-19 10:00:04,True,original
Custo médio por aluno no ensino público é superior às propinas nos melhores colégios privados?,Custo médio por aluno no ensino público é superior às propinas nos melhores colégios privados?,,https://poligrafo.sapo.pt/fact-check/custo-medio-por-aluno-no-ensino-publico-e-superior-as-propinas-nos-melhores-colegios-privados,0,Polígrafo - SAPO,poligrafo.sapo.pt,2021-09-20 10:00:55,True,original
Rui Rio acusa PS e PCP de alterarem lei para ilibar autarcas em risco de perda de mandato. Confirma-se?,Rui Rio acusa PS e PCP de alterarem lei para ilibar autarcas em risco de perda de mandato. Confirma-se?,,https://poligrafo.sapo.pt/fact-check/rui-rio-acusa-ps-e-pcp-de-alterarem-lei-para-ilibar-autarcas-em-risco-de-perda-de-mandato-confirma-se,0,Polígrafo - SAPO,poligrafo.sapo.pt,2021-07-28 08:00:33,True,original
Debates quinzenais com o primeiro-ministro foram estabelecidos em 2007 por proposta do CDS-PP de Paulo Portas?,Debates quinzenais com o primeiro-ministro foram estabelecidos em 2007 por proposta do CDS-PP de Paulo Portas?,,https://poligrafo.sapo.pt/fact-check/debates-quinzenais-com-o-primeiro-ministro-foram-estabelecidos-em-2007-por-proposta-do-cds-pp-de-paulo-portas,0,Polígrafo - SAPO,poligrafo.sapo.pt,2020-07-03 09:30:00,True,original
Deputados do PS chumbaram cinco projetos de lei que visavam proteger as vítimas de violência doméstica?,Deputados do PS chumbaram cinco projetos de lei que visavam proteger as vítimas de violência doméstica?,,https://poligrafo.sapo.pt/fact-check/deputados-do-ps-chumbaram-cinco-projetos-de-lei-que-visavam-proteger-as-vitimas-de-violencia-domestica,0,Polígrafo - SAPO,poligrafo.sapo.pt,2019-12-20 18:20:49,True,original
Bola de Berlim foi trazida para Portugal por uma refugiada judia durante a II Guerra Mundial?,Bola de Berlim foi trazida para Portugal por uma refugiada judia durante a II Guerra Mundial?,,https://poligrafo.sapo.pt/fact-check/bola-de-berlim-foi-trazida-para-portugal-por-uma-refugiada-judia-durante-a-ii-guerra-mundial,0,Polígrafo - SAPO,poligrafo.sapo.pt,2020-08-15 10:00:52,True,original
"Cotrim de Figueiredo: ""Produtividade é hoje mais baixa em relação à média da UE do que há 25 anos"". Confirm...","Cotrim de Figueiredo: ""Produtividade é hoje mais baixa em relação à média da UE do que há 25 anos"". Confirma-se?",,https://poligrafo.sapo.pt/fact-check/cotrim-de-figueiredo-produtividade-e-hoje-mais-baixa-em-relacao-a-media-da-ue-do-que-ha-25-anos-confirma-se,0,Polígrafo - SAPO,poligrafo.sapo.pt,2021-05-30 08:00:55,False,original
Vídeo viral que mostra descarga para o mar na praia do Furadouro é autêntico? (COM VÍDEO),Vídeo viral que mostra descarga para o mar na praia do Furadouro é autêntico? (COM VÍDEO),,https://poligrafo.sapo.pt/fact-check/video-viral-que-mostra-descarga-para-o-mar-na-praia-do-furadouro-e-autentico,0,Polígrafo - SAPO,poligrafo.sapo.pt,2020-02-28 09:00:41,True,original
Segurança Social tem 20% dos fundos investidos em empresas como a Coca-Cola e a Louis Vuitton?,Segurança Social tem 20% dos fundos investidos em empresas como a Coca-Cola e a Louis Vuitton?,,https://poligrafo.sapo.pt/fact-check/seguranca-social-tem-20-dos-fundos-investidos-em-empresas-como-a-coca-cola-e-a-louis-vuitton,0,Polígrafo - SAPO,poligrafo.sapo.pt,2022-01-15 09:00:00,True,original
"Fundo de Resolução tem ""um buraco de 7 mil milhões de euros"" nas contas? (COM VÍDEO)","Fundo de Resolução tem ""um buraco de 7 mil milhões de euros"" nas contas? (COM VÍDEO)",,https://poligrafo.sapo.pt/fact-check/fundo-de-resolucao-tem-um-buraco-de-7-mil-milhoes-de-euros-nas-contas,0,Polígrafo - SAPO,poligrafo.sapo.pt,2020-07-01 08:00:19,True,original
Covid-19. Migrantes podem vacinar-se independentemente de estarem legalizados?,Covid-19. Migrantes podem vacinar-se independentemente de estarem legalizados?,,https://poligrafo.sapo.pt/fact-check/covid-19-migrantes-podem-vacinar-se-independentemente-de-estarem-legalizados,0,Polígrafo - SAPO,poligrafo.sapo.pt,2021-11-12 18:00:41,True,original
ICNF está a mobilizar caçadores para matarem javalis a tiro durante a noite na Mata Nacional das Virtudes?,ICNF está a mobilizar caçadores para matarem javalis a tiro durante a noite na Mata Nacional das Virtudes?,,https://poligrafo.sapo.pt/fact-check/icnf-esta-a-mobilizar-cacadores-para-matarem-javalis-a-tiro-durante-a-noite-na-mata-nacional-das-virtudes,0,Polígrafo - SAPO,poligrafo.sapo.pt,2020-10-01 14:00:10,True,original
"António Costa: ""A receita do ISP é insensível ao custo da gasolina porque é um valor fixo"". Confirma-se?","António Costa: ""A receita do ISP é insensível ao custo da gasolina porque é um valor fixo"". Confirma-se?",,https://poligrafo.sapo.pt/fact-check/antonio-costa-a-receita-do-isp-e-insensivel-ao-custo-da-gasolina-porque-e-um-valor-fixo-confirma-se,0,Polígrafo - SAPO,poligrafo.sapo.pt,2022-03-09 12:00:00,True,original
Aumento extraordinário das pensões corresponde a apenas mais 33 cêntimos por dia?,Aumento extraordinário das pensões corresponde a apenas mais 33 cêntimos por dia,,https://poligrafo.sapo.pt/fact-check/aumento-extraordinario-das-pensoes-corresponde-a-apenas-mais-33-centimos-por-dia,0,Polígrafo - SAPO,poligrafo.sapo.pt,2022-05-04 10:00:00,False,original
"Ministério Público defende que José Sócrates ""escondeu"" 34 milhões de euros na Suíça?","Ministério Público defende que José Sócrates ""escondeu"" 34 milhões de euros na Suíça?",,https://poligrafo.sapo.pt/fact-check/4868,0,Polígrafo - SAPO,poligrafo.sapo.pt,2019-08-01 17:15:12,True,original
Um robô escreveu pela primeira vez uma peça de teatro?,Um robô escreveu pela primeira vez uma peça de teatro?,,https://poligrafo.sapo.pt/fact-check/um-robo-escreveu-pela-primeira-vez-uma-peca-de-teatro,0,Polígrafo - SAPO,poligrafo.sapo.pt,2021-04-12 18:00:02,True,original
Os números confirmam a abertura de António Costa à entrada de imigrantes em Portugal?,Os números confirmam a abertura de António Costa à entrada de imigrantes em Portugal?,António Costa,https://poligrafo.sapo.pt/fact-check/os-numeros-confirmam-a-abertura-de-antonio-costa-a-entrada-de-imigrantes-em-portugal,0,Polígrafo - SAPO,poligrafo.sapo.pt,2019-09-26 17:36:49,True,original
Artista russa foi presa por difundir mensagens anti-guerra em supermercados?,Artista russa foi presa por difundir mensagens anti-guerra em supermercados,,https://poligrafo.sapo.pt/fact-check/artista-russa-foi-presa-por-difundir-mensagens-anti-guerra-em-supermercados,0,Polígrafo - SAPO,poligrafo.sapo.pt,2022-05-03 14:00:00,False,original
Estado pagou 450 mil euros à Sonae para apoio ao salário mínimo e CEO foi aumentada este ano em 400 mil euros?,Estado pagou 450 mil euros à Sonae para apoio ao salário mínimo e CEO foi aumentada este ano em 400 mil euros?,,https://poligrafo.sapo.pt/fact-check/estado-pagou-450-mil-euros-a-sonae-para-apoio-ao-salario-minimo-e-ceo-foi-aumentada-este-ano-em-400-mil-euros,0,Polígrafo - SAPO,poligrafo.sapo.pt,2022-04-09 14:00:00,True,original
"Existem soldados a ganhar ""menos de 800 euros"" por mês?","Existem soldados a ganhar ""menos de 800 euros"" por mês?",,https://poligrafo.sapo.pt/fact-check/existem-soldados-a-ganhar-menos-de-800-eurospor-mes,0,Polígrafo - SAPO,poligrafo.sapo.pt,2021-11-19 09:00:42,True,original
Preços da gasolina e gasóleo subiram em média 17 e 20 cêntimos por litro durante 2021?,Preços da gasolina e gasóleo subiram em média 17 e 20 cêntimos por litro durante 2021?,,https://poligrafo.sapo.pt/fact-check/precos-da-gasolina-e-gasoleo-subiram-em-media-17-e-20-centimos-por-litro-durante-2021,0,Polígrafo - SAPO,poligrafo.sapo.pt,2022-02-13 11:00:00,True,original
"Mais de 60% da população portuguesa ""vive com menos de 30 dólares por dia""?","Mais de 60% da população portuguesa ""vive com menos de 30 dólares por dia""?",,https://poligrafo.sapo.pt/fact-check/mais-de-60-da-populacao-portuguesa-vive-com-menos-de-30-dolares-por-dia,0,Polígrafo - SAPO,poligrafo.sapo.pt,2022-03-14 17:00:00,True,original
Câmara de Gondomar exige comprovativo de vacinação para inscrição em ginástica sénior?,Câmara de Gondomar exige comprovativo de vacinação para inscrição em ginástica sénior?,,https://poligrafo.sapo.pt/fact-check/camara-de-gondomar-exige-comprovativo-de-vacinacao-para-inscricao-em-ginastica-senior,0,Polígrafo - SAPO,poligrafo.sapo.pt,2021-06-18 17:00:11,True,original
Foz no Rio Zêzere perdeu quase todo o seu caudal entre abril passado e janeiro deste ano?,Foz no Rio Zêzere perdeu quase todo o seu caudal entre abril passado e janeiro deste ano?,,https://poligrafo.sapo.pt/fact-check/foz-no-rio-zezere-perdeu-quase-todo-o-seu-caudal-entre-abril-passado-e-janeiro-deste-ano,0,Polígrafo - SAPO,poligrafo.sapo.pt,2022-02-02 18:00:00,True,original
"António Costa promete um Governo ""mais curto"" depois de ter formado o maior de sempre?","António Costa promete um Governo ""mais curto"" depois de ter formado o maior de sempre?",,https://poligrafo.sapo.pt/fact-check/antonio-costa-promete-um-governo-mais-curto-depois-de-ter-formado-o-maior-de-sempre,0,Polígrafo - SAPO,poligrafo.sapo.pt,2021-12-17 11:00:42,True,original
Trump disse mais de 6 mil mentiras ou imprecisões desde que é presidente dos EUA?,Trump disse mais de 6 mil mentiras ou imprecisões desde que é presidente dos EUA?,,https://poligrafo.sapo.pt/fact-check/trump-disse-mais-de-6-mil-mentiras-ou-imprecisoes-desde-que-e-presidente-dos-eua,0,Polígrafo - SAPO,poligrafo.sapo.pt,2018-11-11 18:13:12,True,original
"Music-Check. “Manic Monday”, hit maior das Bangles, é uma canção de Prince?","Music-Check. “Manic Monday”, hit maior das Bangles, é uma canção de Prince?",,https://poligrafo.sapo.pt/fact-check/music-check-manic-monday-hit-maior-das-bangles-e-uma-cancao-de-prince,0,Polígrafo - SAPO,poligrafo.sapo.pt,2019-04-20 13:00:39,True,original
"Rui Rio enganou-se num tweet em que critica Costa por causa da ""folga"" aos funcionários públicos no primeir...","Rui Rio enganou-se num tweet em que critica Costa por causa da ""folga"" aos funcionários públicos no primeiro dia de aulas?",,https://poligrafo.sapo.pt/fact-check/rui-rio-enganou-se-num-tweet-em-que-critica-costa-por-causa-da-folga-aos-funcionarios-publicos-no-primeiro-dia-de-aulas,0,Polígrafo - SAPO,poligrafo.sapo.pt,2019-06-21 19:41:30,False,original
PCP e BE de Setúbal votaram contra moção que condena invasão militar da Ucrânia pela Rússia?,PCP e BE de Setúbal votaram contra moção que condena invasão militar da Ucrânia pela Rússia?,,https://poligrafo.sapo.pt/fact-check/pcp-e-be-de-setubal-votaram-contra-mocao-que-condena-invasao-militar-da-ucrania-pela-russia,0,Polígrafo - SAPO,poligrafo.sapo.pt,2022-02-28 09:00:00,True,original
"Salgado, Ricciardi e Bava representaram Portugal na Bolsa de Nova Iorque em 2010?","Salgado, Ricciardi e Bava representaram Portugal na Bolsa de Nova Iorque em 2010?",,https://poligrafo.sapo.pt/fact-check/salgado-ricciardi-e-bava-representaram-portugal-na-bolsa-de-nova-iorque-em-2010,0,Polígrafo - SAPO,poligrafo.sapo.pt,2019-08-10 08:00:59,True,original
PCP votou contra recomendação de acolhimento de refugiados ucranianos e dissidentes russos?,PCP votou contra recomendação de acolhimento de refugiados ucranianos e dissidentes russos?,,https://poligrafo.sapo.pt/fact-check/pcp-votou-contra-recomendacao-de-acolhimento-de-refugiados-ucranianos-e-dissidentes-russos,0,Polígrafo - SAPO,poligrafo.sapo.pt,2022-03-09 11:00:00,True,original
Candidato dos liberais à Câmara de Lisboa defendeu nacionalização da TAP em recente entrevista?,Candidato dos liberais à Câmara de Lisboa defendeu nacionalização da TAP em recente entrevista?,,https://poligrafo.sapo.pt/fact-check/candidato-dos-liberais-a-camara-de-lisboa-defendeu-nacionalizacao-da-tap-em-recente-entrevista,0,Polígrafo - SAPO,poligrafo.sapo.pt,2021-03-09 19:35:52,True,original
"António Costa afirmou que nunca negociaria com o Chega, mas o PS fê-lo durante a votação do Orçamento do Es...","António Costa afirmou que nunca negociaria com o Chega, mas o PS fê-lo durante a votação do Orçamento do Estado? (Atualizado)",,https://poligrafo.sapo.pt/fact-check/antonio-costa-afirmou-que-nunca-negociaria-com-o-chega-mas-o-ps-fe-lo-durante-a-votacao-do-orcamento-do-estado,0,Polígrafo - SAPO,poligrafo.sapo.pt,2020-11-29 15:00:27,False,original
Estados Unidos legalizaram um spray nasal de cocaína? (COM VÍDEO),Estados Unidos legalizaram um spray nasal de cocaína? (COM VÍDEO),,https://poligrafo.sapo.pt/fact-check/estados-unidos-legalizaram-um-spray-nasal-de-cocaina,0,Polígrafo - SAPO,poligrafo.sapo.pt,2020-01-22 11:15:32,True,original
"Tribunal ""deu como provado"" que ex-autarca de Braga ""é corrupto"" mas ""os crimes já prescreveram""? (COM VÍDEO)","Tribunal ""deu como provado"" que ex-autarca de Braga ""é corrupto"" mas ""os crimes já prescreveram""? (COM VÍDEO)",,https://poligrafo.sapo.pt/fact-check/tribunal-deu-como-provado-que-ex-autarca-de-braga-e-corrupto-mas-os-crimes-ja-prescreveram,0,Polígrafo - SAPO,poligrafo.sapo.pt,2019-07-11 08:00:54,True,original
Marques Mendes na SIC: “Este será o primeiro orçamento sem défice na história da democracia.” Será? (COM VÍ...,Marques Mendes na SIC: “Este será o primeiro orçamento sem défice na história da democracia.” Será? (COM VÍDEO),,https://poligrafo.sapo.pt/fact-check/marques-mendes-na-sic-este-sera-o-primeiro-orcamento-sem-defice-na-historia-da-democracia,0,Polígrafo - SAPO,poligrafo.sapo.pt,2019-12-16 09:18:59,False,original
Marques Mendes na SIC: Costa defendeu em 2005 o contrário do que defende agora sobre poderes das regiões. V...,Marques Mendes na SIC: Costa defendeu em 2005 o contrário do que defende agora sobre poderes das regiões. Verdadeiro ou falso?,,https://poligrafo.sapo.pt/fact-check/marques-mendes-na-sic-costa-defendeu-em-2015-o-contrario-do-que-defende-agora-sobre-regionalizacao-verdadeiro-ou-falso,0,Polígrafo - SAPO,poligrafo.sapo.pt,2019-12-02 16:07:53,False,original
Médica italiana foi assassinada pelo namorado que a acusou de o ter infetado com Covid-19?,Médica italiana foi assassinada pelo namorado que a acusou de o ter infetado com Covid-19?,,https://poligrafo.sapo.pt/fact-check/medica-italiana-foi-assassinada-pelo-namorado-que-a-acusou-de-o-ter-infetado-com-covid-19,0,Polígrafo - SAPO,poligrafo.sapo.pt,2020-04-08 10:00:51,True,original
Debates TV. João Ferreira: Os EUA são “o país com mais mortes no mundo por Covid-19”. É verdade?,Debates TV. João Ferreira: Os EUA são “o país com mais mortes no mundo por Covid-19”. É verdade?,,https://poligrafo.sapo.pt/fact-check/debates-tv-joao-ferreira-os-eua-sao-o-pais-com-mais-mortes-no-mundo-por-covid-19-e-verdade,0,Polígrafo - SAPO,poligrafo.sapo.pt,2021-01-10 14:00:07,True,original
Benfica é o clube com mais títulos de campeão nacional entre as principais ligas do mundo?,Benfica é o clube com mais títulos de campeão nacional entre as principais ligas do mundo?,,https://poligrafo.sapo.pt/fact-check/benfica-e-o-clube-com-mais-titulos-de-campeao-nacional-entre-as-principais-ligas-do-mundo,0,Polígrafo - SAPO,poligrafo.sapo.pt,2020-07-22 14:50:49,True,original
"Catarina Martins: ""André Ventura tem vários salários além do de deputado."" Verdadeiro ou falso?","Catarina Martins: ""André Ventura tem vários salários além do de deputado."" Verdadeiro ou falso?",,https://poligrafo.sapo.pt/fact-check/catarina-martins-andre-ventura-tem-varios-salarios-alem-do-de-deputado-verdadeiro-ou-falso,0,Polígrafo - SAPO,poligrafo.sapo.pt,2020-05-07 18:15:36,True,original
Cavaco fez discurso em 2006 a louvar João Rendeiro e outros empresários?,Cavaco fez discurso em 2006 a louvar João Rendeiro e outros empresários?,,https://poligrafo.sapo.pt/fact-check/cavaco-fez-discurso-em-2006-a-louvar-joao-rendeiro-e-outros-empresarios,0,Polígrafo - SAPO,poligrafo.sapo.pt,2021-10-14 10:00:27,True,original
"Rui Rio diz que PSD e CDS-PP ""normalmente vão separados"" e ""não coligados"" em legislativas. Verdade ou fals...","Rui Rio diz que PSD e CDS-PP ""normalmente vão separados"" e ""não coligados"" em legislativas. Verdade ou falsidade? (COM VÍDEO)",Rui Rio,https://poligrafo.sapo.pt/fact-check/rui-rio-diz-que-psd-e-cds-pp-normalmente-vao-separados-e-nao-coligados-em-legislativas-verdade-ou-falsidade,0,Polígrafo - SAPO,poligrafo.sapo.pt,2019-09-06 08:00:30,False,original
Número de funcionários públicos é o mais alto da última década?,Número de funcionários públicos é o mais alto da última década?,,https://poligrafo.sapo.pt/fact-check/numero-de-funcionarios-publicos-e-o-mais-alto-da-ultima-decada,0,Polígrafo - SAPO,poligrafo.sapo.pt,2021-05-24 08:00:25,True,original
"Rui Tavares: ""Passámos de 80% para 70% do salário mínimo espanhol durante a 'geringonça'"". É verdade?","Rui Tavares: ""Passámos de 80% para 70% do salário mínimo espanhol durante a 'geringonça'"". É verdade?",,https://poligrafo.sapo.pt/fact-check/rui-tavares-passamos-de-80-para-70-do-salario-minimo-espanhol-durante-a-geringonca-e-verdade,0,Polígrafo - SAPO,poligrafo.sapo.pt,2022-01-05 10:00:12,True,original
Jair Bolsonaro quis proibir familiares de médicos estrangeiros de trabalhar no Brasil?,Jair Bolsonaro quis proibir familiares de médicos estrangeiros de trabalhar no Brasil?,,https://poligrafo.sapo.pt/fact-check/jair-bolsonaro-quis-proibir-familiares-de-medicos-estrangeiros-de-trabalhar-no-brasil,0,Polígrafo - SAPO,poligrafo.sapo.pt,2018-12-15 20:27:14,True,original
Membros do partido Ergue-te pisaram obra de artista portuguesa no MAAT?,Membros do partido Ergue-te pisaram obra de artista portuguesa no MAAT?,,https://poligrafo.sapo.pt/fact-check/membros-do-partido-ergue-te-pisaram-obra-de-artista-portuguesa-no-maat,0,Polígrafo - SAPO,poligrafo.sapo.pt,2021-09-23 10:00:59,True,original
"Supermercados vendem sacos de plástico mais espessos que estão isentos de ""taxa verde""?","Supermercados vendem sacos de plástico mais espessos que estão isentos de ""taxa verde""?",,https://poligrafo.sapo.pt/fact-check/supermercados-vendem-sacos-de-plastico-mais-espessos-que-estao-isentos-de-taxa-verde,0,Polígrafo - SAPO,poligrafo.sapo.pt,2022-03-25 09:00:00,True,original
"Chega propôs voto de congratulação por lei húngara que ""equipara a homossexualidade à pedofilia""?","Chega propôs voto de congratulação por lei húngara que ""equipara a homossexualidade à pedofilia""?",,https://poligrafo.sapo.pt/fact-check/chega-propos-voto-de-congratulacao-por-lei-hungara-que-equipara-a-homossexualidade-a-pedofilia,0,Polígrafo - SAPO,poligrafo.sapo.pt,2021-06-23 08:00:52,True,original
Turismo de Portugal apoiou campanha de promoção do país como destino de referência para a comunidade LGBTI?...,Turismo de Portugal apoiou campanha de promoção do país como destino de referência para a comunidade LGBTI? (Actualizado),,https://poligrafo.sapo.pt/fact-check/turismo-de-portugal-lancou-campanha-de-promocao-do-pais-como-destino-de-referencia-para-a-comunidade-lgbti,0,Polígrafo - SAPO,poligrafo.sapo.pt,2019-12-05 09:52:58,False,original
"Debates TV. André Ventura: ""Refugiados e requerentes de asilo têm medicamentos comparticipados a 100%"". Con...","Debates TV. André Ventura: ""Refugiados e requerentes de asilo têm medicamentos comparticipados a 100%"". Confirma-se?",,https://poligrafo.sapo.pt/fact-check/debates-e-tv-refugiados-e-requerentes-de-asilo-tem-medicamentos-comparticipados-a-100,0,Polígrafo - SAPO,poligrafo.sapo.pt,2021-01-09 09:30:27,False,original
"Carga fiscal em percentagem do PIB foi ""a maior de sempre"" no ano de 2020?","Carga fiscal em percentagem do PIB foi ""a maior de sempre"" no ano de 2020?",,https://poligrafo.sapo.pt/fact-check/carga-fiscal-em-percentagem-do-pib-foi-a-maior-de-sempre-no-ano-de-2020,0,Polígrafo - SAPO,poligrafo.sapo.pt,2021-11-13 09:00:53,True,original
"CDS-PP de Lisboa recomendou ""proteção de cágados num lago"" mas pediu regresso das touradas? (COM VÍDEO)","CDS-PP de Lisboa recomendou ""proteção de cágados num lago"" mas pediu regresso das touradas? (COM VÍDEO)",,https://poligrafo.sapo.pt/fact-check/cds-pp-de-lisboa-recomendou-protecao-de-cagados-num-lago-mas-pediu-regresso-das-touradas,0,Polígrafo - SAPO,poligrafo.sapo.pt,2021-05-10 13:30:09,True,original
Filho do presidente do PS-Madeira é candidato a deputado do PS?,Filho do presidente do PS-Madeira é candidato a deputado do PS?,,https://poligrafo.sapo.pt/fact-check/filho-do-presidente-do-ps-madeira-e-candidato-a-deputado-do-ps,0,Polígrafo - SAPO,poligrafo.sapo.pt,2019-09-29 08:00:30,True,original
Rui Tavares acusa PAN de querer incluir a homeopatia na Lei de Bases da Saúde. É verdade?,Rui Tavares acusa PAN de querer incluir a homeopatia na Lei de Bases da Saúde. É verdade?,,https://poligrafo.sapo.pt/fact-check/rui-tavares-acusa-pan-de-querer-incluir-a-homeopatia-na-lei-de-bases-da-saude-e-verdade,0,Polígrafo - SAPO,poligrafo.sapo.pt,2022-01-10 08:00:00,True,original
A maioria dos deputados à Assembleia da República exerce funções em regime de exclusividade?,A maioria dos deputados à Assembleia da República exerce funções em regime de exclusividade?,,https://poligrafo.sapo.pt/fact-check/a-maioria-dos-deputados-a-assembleia-da-republica-exerce-funcoes-em-regime-de-exclusividade,0,Polígrafo - SAPO,poligrafo.sapo.pt,2021-05-02 12:30:41,True,original
"RTP2 transmitiu programa em que se classifica ateus ou agnósticos como pessoas ""meias tortas""?","RTP2 transmitiu programa em que se classifica ateus ou agnósticos como pessoas ""meias tortas""?",,https://poligrafo.sapo.pt/fact-check/rtp2-transmitiu-programa-em-que-se-classifica-ateus-ou-agnosticos-como-pessoas-meias-tortas,0,Polígrafo - SAPO,poligrafo.sapo.pt,2020-08-05 16:09:37,True,original
Hospital de Caldas da Rainha está a utilizar camião frigorífico para guardar mortos?,Hospital de Caldas da Rainha está a utilizar camião frigorífico para guardar mortos?,,https://poligrafo.sapo.pt/fact-check/hospital-de-caldas-da-rainha-esta-a-utilizar-camiao-frigorifico-para-guardar-mortos,0,Polígrafo - SAPO,poligrafo.sapo.pt,2021-01-31 09:00:01,True,original
"Atual indemnização por despedimento é mais baixa do que no período da ""troika""?","Atual indemnização por despedimento é mais baixa do que no período da ""troika""?",,https://poligrafo.sapo.pt/fact-check/atual-indemnizacao-por-despedimento-e-mais-baixa-do-que-no-periodo-da-troika,0,Polígrafo - SAPO,poligrafo.sapo.pt,2020-10-30 11:00:58,True,original
Portugal registou a maior quebra do PIB no primeiro trimestre de 2021 em toda a União Europeia?,Portugal registou a maior quebra do PIB no primeiro trimestre de 2021 em toda a União Europeia?,,https://poligrafo.sapo.pt/fact-check/portugal-registou-a-maior-quebra-do-pib-no-primeiro-trimestre-de-2021-em-toda-a-uniao-europeia,0,Polígrafo - SAPO,poligrafo.sapo.pt,2021-10-07 19:04:18,True,original
"DEBATES AUTÁRQUICAS. ""Programa Municipal de Arrendamento a Custos Acessíveis"" foi iniciativa da CDU em Lisboa?","DEBATES AUTÁRQUICAS. ""Programa Municipal de Arrendamento a Custos Acessíveis"" foi iniciativa da CDU em Lisboa?",,https://poligrafo.sapo.pt/fact-check/debates-autarquicas-programa-municipal-de-arrendamento-a-custos-acessiveis-foi-iniciativa-da-cdu-em-lisboa,0,Polígrafo - SAPO,poligrafo.sapo.pt,2021-09-04 11:20:25,True,original
Gabinetes do Governo de Costa têm mais 246 funcionários em comparação com o Governo de Passos Coelho?,Gabinetes do Governo de Costa têm mais 246 funcionários em comparação com o Governo de Passos Coelho?,,https://poligrafo.sapo.pt/fact-check/gabinetes-do-governo-de-costa-tem-mais-246-funcionarios-em-comparacao-com-o-governo-de-passos-coelho,0,Polígrafo - SAPO,poligrafo.sapo.pt,2022-03-14 09:00:00,True,original
Preço do gasóleo aumentou em cerca de 30 cêntimos por litro desde maio do ano passado?,Preço do gasóleo aumentou em cerca de 30 cêntimos por litro desde maio do ano passado?,,https://poligrafo.sapo.pt/fact-check/preco-do-gasoleo-aumentou-em-cerca-de-30-centimos-por-litro-desde-maio-do-ano-passado,0,Polígrafo - SAPO,poligrafo.sapo.pt,2021-06-23 17:45:51,True,original
"A dívida pública de Portugal aumentou ""2,8 mil milhões de euros no arranque de 2022""?","A dívida pública de Portugal aumentou ""2,8 mil milhões de euros no arranque de 2022""?",,https://poligrafo.sapo.pt/fact-check/a-divida-publica-de-portugal-aumentou-28-mil-milhoes-de-euros-no-arranque-de-2022,0,Polígrafo - SAPO,poligrafo.sapo.pt,2022-03-26 17:00:00,True,original
"Catarina Martins: ""Iniciativa Liberal propôs em tempos acabar com o salário mínimo nacional"". É verdade?","Catarina Martins: ""Iniciativa Liberal propôs em tempos acabar com o salário mínimo nacional"". É verdade?",,https://poligrafo.sapo.pt/fact-check/catarina-martins-iniciativa-liberal-propos-em-tempos-acabar-com-o-salario-minimo-nacional-e-verdade,0,Polígrafo - SAPO,poligrafo.sapo.pt,2022-01-07 10:00:00,True,original
Repetição das eleições legislativas no círculo da Europa custou 5 milhões de euros?,Repetição das eleições legislativas no círculo da Europa custou 5 milhões de euros?,,https://poligrafo.sapo.pt/fact-check/repeticao-das-eleicoes-legislativas-no-circulo-da-europa-custou-5-milhoes-de-euros,0,Polígrafo - SAPO,poligrafo.sapo.pt,2022-03-21 15:00:00,True,original
Bloco de Esquerda e CDU estão a distribuir propaganda em crioulo?,Bloco de Esquerda e CDU estão a distribuir propaganda em crioulo?,,https://poligrafo.sapo.pt/fact-check/bloco-de-esquerda-e-cdu-distribuem-material-de-propaganda-em-crioulo,0,Polígrafo - SAPO,poligrafo.sapo.pt,2021-09-14 14:00:25,True,original
Autarquia de Lisboa assinou contrato de 19.700 euros para rotunda ciclável a poucos dias das eleições?,Autarquia de Lisboa assinou contrato de 19.700 euros para rotunda ciclável a poucos dias das eleições?,,https://poligrafo.sapo.pt/fact-check/autarquia-de-lisboa-assinou-contrato-de-19-700-euros-para-rotunda-ciclavel-a-poucos-dias-das-eleicoes,0,Polígrafo - SAPO,poligrafo.sapo.pt,2021-10-08 10:00:25,True,original
"Dívida do SNS a fornecedores e credores aumentou 51,6% em três anos?","Dívida do SNS a fornecedores e credores aumentou 51,6% em três anos?",,https://poligrafo.sapo.pt/fact-check/divida-do-sns-a-fornecedores-e-credores-aumentou-516-em-tres-anos,0,Polígrafo - SAPO,poligrafo.sapo.pt,2019-12-31 15:49:23,True,original
"André Ventura: Candidatos a ""polícias oriundos de minorias terão prioridade."" Verdade?","André Ventura: Candidatos a ""polícias oriundos de minorias terão prioridade."" Verdade?",,https://poligrafo.sapo.pt/fact-check/andre-ventura-candidatos-a-policias-oriundos-de-minorias-terao-prioridade-verdade,0,Polígrafo - SAPO,poligrafo.sapo.pt,2021-11-12 09:00:16,True,original
Milhões de visons estão a ser abatidos na Dinamarca por causa do novo coronavírus?,Milhões de visons estão a ser abatidos na Dinamarca por causa do novo coronavírus?,,https://poligrafo.sapo.pt/fact-check/milhoes-de-visons-estao-a-ser-abatidos-na-dinamarca-por-causa-do-novo-coronavirus,0,Polígrafo - SAPO,poligrafo.sapo.pt,2020-11-15 23:00:05,True,original
Há mais 28 mil profissionais de saúde no SNS em comparação com o final de 2015?,Há mais 28 mil profissionais de saúde no SNS em comparação com o final de 2015?,,https://poligrafo.sapo.pt/fact-check/ha-mais-28-mil-profissionais-de-saude-no-sns-em-comparacao-com-o-final-de-2015,0,Polígrafo - SAPO,poligrafo.sapo.pt,2021-11-25 15:00:10,True,original
"Marcelo, o globetrotter: o Presidente da República viaja mais do que Eanes, Soares, Sampaio e Cavaco? (Vídeo)","Marcelo, o globetrotter: o Presidente da República viaja mais do que Eanes, Soares, Sampaio e Cavaco? (Vídeo)",,https://poligrafo.sapo.pt/fact-check/marcelo,0,Polígrafo - SAPO,poligrafo.sapo.pt,2019-06-25 09:41:40,True,original
"Marques Mendes acusa Catarina Martins de ""política de falinhas mansas"", dizendo o contrário do que afirmou ...","Marques Mendes acusa Catarina Martins de ""política de falinhas mansas"", dizendo o contrário do que afirmou no passado. Verdade?",,https://poligrafo.sapo.pt/fact-check/marques-mendes-acusa-catarina-martins-de-politica-de-falinhas-mansas-dizendo-o-contrario-do-que-afirmou-no-passado-verdade,0,Polígrafo - SAPO,poligrafo.sapo.pt,2019-09-09 13:22:38,False,original
"Medina diz que ""é possível alguém deslocar-se em Lisboa por um euro por dia"". Confirma-se?","Medina diz que ""é possível alguém deslocar-se em Lisboa por um euro por dia"". Confirma-se?",,https://poligrafo.sapo.pt/fact-check/medina-diz-que-e-possivel-alguem-deslocar-se-em-lisboa-por-um-euro-por-dia-confirma-se,0,Polígrafo - SAPO,poligrafo.sapo.pt,2021-09-02 16:00:22,True,original
"Ventura acusa Costa de ser responsável pela ""maior carga fiscal de sempre"". Confirma-se?","Ventura acusa Costa de ser responsável pela ""maior carga fiscal de sempre"". Confirma-se?",,https://poligrafo.sapo.pt/fact-check/ventura-acusa-costa-de-ser-responsavel-pela-maior-carga-fiscal-de-sempre-confirma-se,0,Polígrafo - SAPO,poligrafo.sapo.pt,2022-04-08 15:35:00,True,original
"Governo do PS registou o défice público ""mais alto de que há memória"" em 2010? (COM VÍDEO)","Governo do PS registou o défice público ""mais alto de que há memória"" em 2010? (COM VÍDEO)",,https://poligrafo.sapo.pt/fact-check/governo-do-ps-registou-o-defice-publico-mais-alto-de-que-ha-memoria-em-2010,0,Polígrafo - SAPO,poligrafo.sapo.pt,2019-08-06 08:00:56,True,original
Maria Luís Albuquerque apresentou um livro que é dedicado a Donald Trump e Jair Bolsonaro?,Maria Luís Albuquerque apresentou um livro que é dedicado a Donald Trump e Jair Bolsonaro?,,https://poligrafo.sapo.pt/fact-check/maria-luis-albuquerque-apresentou-um-livro-que-e-dedicado-a-donald-trump-e-jair-bolsonaro,0,Polígrafo - SAPO,poligrafo.sapo.pt,2019-11-15 00:17:08,True,original
"Music-Check. ""Blackbird"" dos Beatles foi inspirada no Movimento dos Direitos Civis?","Music-Check. ""Blackbird"" dos Beatles foi inspirada no Movimento dos Direitos Civis?",,https://poligrafo.sapo.pt/fact-check/music-check-blackbird-dos-beatles-foi-inspirada-no-movimento-dos-direitos-civis,0,Polígrafo - SAPO,poligrafo.sapo.pt,2022-02-01 08:00:00,True,original
Argentinos batem palmas para ajudar a encontrar crianças perdidas na praia?,Argentinos batem palmas para ajudar a encontrar crianças perdidas na praia?,,https://poligrafo.sapo.pt/fact-check/argentinos-batem-palmas-para-ajudar-a-encontrar-criancas-perdidas-na-praia,0,Polígrafo - SAPO,poligrafo.sapo.pt,2020-08-06 14:00:28,True,original
"Ramalho Eanes disse que ""abril ofereceu as liberdades mas esqueceu-se de criar cidadãos""? (COM VÍDEO)","Ramalho Eanes disse que ""abril ofereceu as liberdades mas esqueceu-se de criar cidadãos""? (COM VÍDEO)",,https://poligrafo.sapo.pt/fact-check/ramalho-eanes-disse-que-abril-ofereceu-as-liberdades-mas-esqueceu-se-de-criar-cidadaos,0,Polígrafo - SAPO,poligrafo.sapo.pt,2021-05-03 10:00:10,True,original
"Não há ditadura sanitária"". T-shirts de manifestantes anti-certificado continham erro gramatical? (COM VÍDEO)","Não há ditadura sanitária"". T-shirts de manifestantes anti-certificado continham erro gramatical? (COM VÍDEO)",,https://poligrafo.sapo.pt/fact-check/nao-ha-ditadura-sanitaria-t-shirts-de-manifestantes-anti-certificado-continham-erro-gramatical,0,Polígrafo - SAPO,poligrafo.sapo.pt,2021-07-19 08:00:31,True,original
"Reversão de cortes da ""troika"" nos despedimentos chumbada por PS, PSD, CDS-PP, IL e Chega?","Reversão de cortes da ""troika"" nos despedimentos chumbada por PS, PSD, CDS-PP, IL e Chega?",,https://poligrafo.sapo.pt/fact-check/reversao-de-cortes-da-troika-nos-despedimentos-chumbada-por-ps-psd-cds-pp-il-e-chega,0,Polígrafo - SAPO,poligrafo.sapo.pt,2021-04-01 17:00:00,True,original
"Centeno garantiu em 2015 que ""é propósito deste Governo não utilizar mais dinheiro público na solução da ba...","Centeno garantiu em 2015 que ""é propósito deste Governo não utilizar mais dinheiro público na solução da banca em Portugal""? (COM VÍDEO)",,https://poligrafo.sapo.pt/fact-check/centeno-garantiu-em-2015-que-e-proposito-deste-governo-nao-utilizar-mais-dinheiro-publico-na-solucao-da-banca-em-portugal,0,Polígrafo - SAPO,poligrafo.sapo.pt,2019-04-25 08:00:48,False,original
"Ex-presidente do IPO do Porto foi condecorado pela ministra da Saúde depois de ser constituído arguido na ""...","Ex-presidente do IPO do Porto foi condecorado pela ministra da Saúde depois de ser constituído arguido na ""Operação Teia""?",,https://poligrafo.sapo.pt/fact-check/ex-presidente-do-ipo-do-porto-foi-condecorado-pela-ministra-da-saude-depois-de-ser-constituido-arguido-na-operacao-teia,0,Polígrafo - SAPO,poligrafo.sapo.pt,2019-07-22 14:00:04,False,original
Médica chinesa que denunciou surto de coronavírus na China está desaparecida?,Médica chinesa que denunciou surto de coronavírus na China está desaparecida?,,https://poligrafo.sapo.pt/fact-check/medica-chinesa-que-denunciou-surto-de-coronavirus-na-china-esta-desaparecida,0,Polígrafo - SAPO,poligrafo.sapo.pt,2020-04-01 11:20:20,True,original
Costa garantiu em 2017 que a venda do Novo Banco não teria impacto nas contas públicas nem encargos para os...,Costa garantiu em 2017 que a venda do Novo Banco não teria impacto nas contas públicas nem encargos para os contribuintes? (COM VÍDEO),,https://poligrafo.sapo.pt/fact-check/costa-garantiu-em-2017-que-a-venda-do-novo-banco-nao-teria-impacto-nas-contas-publicas-nem-encargos-para-os-contribuintes,0,Polígrafo - SAPO,poligrafo.sapo.pt,2019-03-06 09:08:14,False,original
Página de apoio ao Chega está a partilhar propaganda pró-russa no Twitter?,Página de apoio ao Chega está a partilhar propaganda pró-russa no Twitter?,,https://poligrafo.sapo.pt/fact-check/pagina-de-apoio-ao-chega-esta-a-partilhar-propaganda-pro-russa-no-twitter,0,Polígrafo - SAPO,poligrafo.sapo.pt,2022-04-14 08:00:00,True,original
Coronavírus. Ainda devemos deixar os sapatos que usamos na rua à porta de casa?,Coronavírus. Ainda devemos deixar os sapatos que usamos na rua à porta de casa?,,https://poligrafo.sapo.pt/fact-check/coronavirus-ainda-devemos-deixar-os-sapatos-que-usamos-na-rua-a-porta-de-casa,0,Polígrafo - SAPO,poligrafo.sapo.pt,2020-05-29 18:45:17,True,original
"Moura Guedes acusa: ""Nas tragédias, Costa não assume responsabilidades."" É verdade?","Moura Guedes acusa: ""Nas tragédias, Costa não assume responsabilidades."" É verdade?",,https://poligrafo.sapo.pt/fact-check/1059,0,Polígrafo - SAPO,poligrafo.sapo.pt,2018-11-26 22:22:35,True,original
"Rui Pinto foi impedido de depor na Comissão de Inquérito ao Novo Banco pelo PS, CDS-PP e IL?","Rui Pinto foi impedido de depor na Comissão de Inquérito ao Novo Banco pelo PS, CDS-PP e IL?",,https://poligrafo.sapo.pt/fact-check/rui-pinto-foi-impedido-de-depor-na-comissao-de-inquerito-ao-novo-banco-pelo-ps-cds-pp-e-il,0,Polígrafo - SAPO,poligrafo.sapo.pt,2021-06-02 07:35:10,True,original
"António Costa alertou desde o início da pandemia que seria ""maratona muito dura""?","António Costa alertou desde o início da pandemia que seria ""maratona muito dura""?",,https://poligrafo.sapo.pt/fact-check/antonio-costa-alertou-desde-o-inicio-da-pandemia-que-seria-maratona-muito-dura,0,Polígrafo - SAPO,poligrafo.sapo.pt,2021-01-20 09:00:59,True,original
O confinamento pode causar problemas de demência e mobilidade nos idosos?,O confinamento pode causar problemas de demência e mobilidade nos idosos?,,https://poligrafo.sapo.pt/fact-check/o-confinamento-pode-causar-problemas-de-demencia-e-mobilidade-nos-idosos,0,Polígrafo - SAPO,poligrafo.sapo.pt,2021-03-02 15:00:52,True,original
DEBATES AUTÁRQUICAS. Moedas diz que número dois de Medina tem um contrato de 800.000 euros com a autarquia....,DEBATES AUTÁRQUICAS. Moedas diz que número dois de Medina tem um contrato de 800.000 euros com a autarquia. Confirma-se?,,https://poligrafo.sapo.pt/fact-check/debates-autarquicas-numero-dois-de-medina-tem-um-contrato-de-800-000-euros-com-a-camara-de-lisboa,0,Polígrafo - SAPO,poligrafo.sapo.pt,2021-09-08 14:00:57,False,original
"PSD foi o partido que mais vezes votou ao lado do PS durante os seis anos da ""geringonça""?","PSD foi o partido que mais vezes votou ao lado do PS durante os seis anos da ""geringonça""?",,https://poligrafo.sapo.pt/fact-check/psd-foi-o-partido-que-mais-vezes-votou-ao-lado-do-ps-durante-os-seis-anos-da-geringonca,0,Polígrafo - SAPO,poligrafo.sapo.pt,2022-01-26 11:50:00,True,original
Câmara de Coimbra foi obrigada a ceder meios para refazer mural da CDU?,Câmara de Coimbra foi obrigada a ceder meios para refazer mural da CDU?,,https://poligrafo.sapo.pt/fact-check/camara-de-coimbra-foi-obrigada-a-ceder-meios-para-refazer-mural-da-cdu,0,Polígrafo - SAPO,poligrafo.sapo.pt,2021-09-10 17:00:41,True,original
Passageira com Alzheimer denunciou falta de assistência da TAP depois de não conseguir comprar uma garrafa ...,Passageira com Alzheimer denunciou falta de assistência da TAP depois de não conseguir comprar uma garrafa de água?,,https://poligrafo.sapo.pt/fact-check/passageira-com-alzheimer-denunciou-falta-de-assistencia-da-tap-depois-de-nao-conseguir-comprar-uma-garrafa-de-agua,0,Polígrafo - SAPO,poligrafo.sapo.pt,2021-08-10 10:38:23,False,original
Imagens virais do último Congresso do PCP são autênticas?,Imagens virais do último Congresso do PCP são autênticas?,,https://poligrafo.sapo.pt/fact-check/imagens-virais-do-ultimo-congresso-do-pcp-sao-autenticas,0,Polígrafo - SAPO,poligrafo.sapo.pt,2020-12-01 14:04:52,True,original
Países da União Europeia gastam quatro vezes mais em despesas militares do que a Rússia?,Países da União Europeia gastam quatro vezes mais em despesas militares do que a Rússia?,,https://poligrafo.sapo.pt/fact-check/paises-da-uniao-europeia-gastam-quatro-vezes-mais-em-despesas-militares-do-que-a-russia,0,Polígrafo - SAPO,poligrafo.sapo.pt,2022-03-15 19:00:00,True,original
"Aplicação ""StayAway Covid"" custou 400 mil euros aos contribuintes? (COM VÍDEO)","Aplicação ""StayAway Covid"" custou 400 mil euros aos contribuintes? (COM VÍDEO)",,https://poligrafo.sapo.pt/fact-check/aplicacao-stayaway-covid-custou-400-mil-euros-aos-contribuintes,0,Polígrafo - SAPO,poligrafo.sapo.pt,2021-03-19 10:00:45,True,original
Sucessor de José Mourinho no Tottenham é o treinador mais jovem da história da Liga Inglesa?,Sucessor de José Mourinho no Tottenham é o treinador mais jovem da história da Liga Inglesa?,,https://poligrafo.sapo.pt/fact-check/sucessor-de-jose-mourinho-no-tottenham-e-o-treinador-mais-jovem-da-historia-da-liga-inglesa,0,Polígrafo - SAPO,poligrafo.sapo.pt,2021-04-22 14:00:55,True,original
José Sá Fernandes vai receber 4525 euros por mês para coordenar as Jornadas Mundiais da Juventude?,José Sá Fernandes vai receber 4525 euros por mês para coordenar as Jornadas Mundiais da Juventude?,,https://poligrafo.sapo.pt/fact-check/jose-sa-fernandes-vai-receber-4525-euros-por-mes-para-coordenar-as-jornadas-mundiais-da-juventude,0,Polígrafo - SAPO,poligrafo.sapo.pt,2021-08-10 08:00:57,True,original
Empresa que gere restaurantes do Parlamento é punida em 250 euros por cada violação dos seus empregados dos...,Empresa que gere restaurantes do Parlamento é punida em 250 euros por cada violação dos seus empregados dos “deveres de respeito e educação” com os clientes?,,https://poligrafo.sapo.pt/fact-check/empresa-que-gere-restaurantes-do-parlamento-e-punida-em-250-euros-por-cada-violacao-dos-seus-empregados-dos-deveres-de-respeito-e-educacao-com-os-clientes,0,Polígrafo - SAPO,poligrafo.sapo.pt,2020-01-02 09:00:46,False,original
"Deputado Bruno Vitorino classificou como ""porcaria"" uma palestra sobre ""diferentes orientações sexuais"" em ...","Deputado Bruno Vitorino classificou como ""porcaria"" uma palestra sobre ""diferentes orientações sexuais"" em escola do Barreiro?",,https://poligrafo.sapo.pt/fact-check/deputado-bruno-vitorino-classificou-como-porcaria-uma-palestra-sobre-diferentes-orientacoes-sexuais-em-escola-no-barreiro,0,Polígrafo - SAPO,poligrafo.sapo.pt,2019-03-10 12:00:56,False,original
"Partido Aliança publicou imagem da antiga URSS como se fosse de ""portugueses na praia em 1970""?","Partido Aliança publicou imagem da antiga URSS como se fosse de ""portugueses na praia em 1970""?",,https://poligrafo.sapo.pt/fact-check/partido-alianca-publicou-imagem-da-antiga-urss-como-se-fosse-de-portugueses-na-praia-em-1970,0,Polígrafo - SAPO,poligrafo.sapo.pt,2019-08-24 09:41:09,True,original
António Costa destaca que taxa de desemprego já voltou ao nível pré-pandemia. Correto?,António Costa destaca que taxa de desemprego já voltou ao nível pré-pandemia. Correto?,,https://poligrafo.sapo.pt/fact-check/antonio-costa-destaca-que-taxa-de-desemprego-ja-voltou-ao-nivel-pre-pandemia-correto,0,Polígrafo - SAPO,poligrafo.sapo.pt,2022-01-14 08:00:00,True,original
Hemodialisados com 70 anos deviam ser obrigados a pagar tratamentos. Manuela Ferreira Leite defendeu esta i...,Hemodialisados com 70 anos deviam ser obrigados a pagar tratamentos. Manuela Ferreira Leite defendeu esta ideia?,Manuela Ferreira Leite,https://poligrafo.sapo.pt/fact-check/whatsapp-check-ferreira-leite-defendeu-que-hemodialisados-com-70-anos-deviam-ser-obrigado-a-pagar-tratamentos,0,Polígrafo - SAPO,poligrafo.sapo.pt,2019-06-11 17:26:24,False,original
A Coca-Cola já teve cocaína na sua composição como afirmou Elon Musk?,Coca-Cola já teve cocaína na sua composição,,https://poligrafo.sapo.pt/fact-check/a-coca-cola-ja-teve-cocaina-na-sua-composicao-como-afirmou-elon-musk,0,Polígrafo - SAPO,poligrafo.sapo.pt,2022-05-03 16:00:00,False,original
Ventura reclama preço dos combustíveis mas o Chega votou contra fixação de tetos máximos para as gasolineiras?,Ventura reclama preço dos combustíveis mas o Chega votou contra fixação de tetos máximos para as gasolineiras?,,https://poligrafo.sapo.pt/fact-check/ventura-reclama-preco-dos-combustiveis-mas-votou-contra-fixacao-de-tetos-maximos-para-as-gasolineiras,0,Polígrafo - SAPO,poligrafo.sapo.pt,2021-10-21 10:00:27,True,original
Fotografia que mostra balcão da Segurança Social com separador de película aderente é autêntica?,Fotografia que mostra balcão da Segurança Social com separador de película aderente é autêntica?,,https://poligrafo.sapo.pt/fact-check/fotografia-que-mostra-balcao-da-seguranca-social-com-separador-de-pelicula-aderente-e-autentica,0,Polígrafo - SAPO,poligrafo.sapo.pt,2020-07-05 08:00:41,True,original
"Professor catedrático de Medicina garantiu que o coronavírus ""é menos perigoso do que o vírus da gripe""?","Professor catedrático de Medicina garantiu que o coronavírus ""é menos perigoso do que o vírus da gripe""?",,https://poligrafo.sapo.pt/fact-check/professor-catedratico-de-medicina-garantiu-que-o-coronavirus-e-menos-perigoso-do-que-o-virus-da-gripe,0,Polígrafo - SAPO,poligrafo.sapo.pt,2020-03-27 11:00:22,True,original
Lady Gaga teve um namorado que lhe garantiu que jamais teria sucesso?,Lady Gaga teve um namorado que lhe garantiu que jamais teria sucesso?,,https://poligrafo.sapo.pt/fact-check/lady-gaga-teve-um-namorado-que-lhe-garantiu-que-jamais-teria-sucesso,0,Polígrafo - SAPO,poligrafo.sapo.pt,2019-02-27 17:00:22,True,original
"Cerca de 18 mil euros dos bónus pagos pela TAP foram ""para a mulher de Fernando Medina""?","Cerca de 18 mil euros dos bónus pagos pela TAP foram ""para a mulher de Fernando Medina""?",,https://poligrafo.sapo.pt/fact-check/cerca-de-18-mil-euros-dos-bonus-pagos-pela-tap-foram-para-a-mulher-de-fernando-medina,0,Polígrafo - SAPO,poligrafo.sapo.pt,2019-06-11 08:00:55,True,original
Botijas de gás e combustíveis são muito mais baratos em Espanha do que em Portugal?,Botijas de gás e combustíveis são muito mais baratos em Espanha do que em Portugal?,,https://poligrafo.sapo.pt/fact-check/botijas-de-gas-e-combustiveis-sao-muito-mais-baratos-em-espanha-do-que-em-portugal,0,Polígrafo - SAPO,poligrafo.sapo.pt,2021-03-02 18:00:40,True,original
O PAN propôs direito de voto aos 16 anos mas não o concede aos seus jovens militantes?,O PAN propôs direito de voto aos 16 anos mas não o concede aos seus jovens militantes?,,https://poligrafo.sapo.pt/fact-check/o-pan-propos-direito-de-voto-aos-16-anos-mas-nao-o-concede-aos-seus-jovens-militantes,0,Polígrafo - SAPO,poligrafo.sapo.pt,2019-05-18 08:00:20,True,original
DEBATES AUTÁRQUICAS. Vladimiro Feliz prometeu trazer para o Porto espetáculo aéreo que já não existe?,DEBATES AUTÁRQUICAS. Vladimiro Feliz prometeu trazer para o Porto espetáculo aéreo que já não existe?,,https://poligrafo.sapo.pt/fact-check/debates-autarquicas-vladimiro-feliz-prometeu-trazer-para-o-porto-espetaculo-aereo-que-ja-nao-existe,0,Polígrafo - SAPO,poligrafo.sapo.pt,2021-09-04 08:00:36,True,original
"André Silva garantiu que ""em rigorosamente cenário nenhum"" voltaria à política mas agora está ""disponível p...","André Silva garantiu que ""em rigorosamente cenário nenhum"" voltaria à política mas agora está ""disponível para ajudar""?",,https://poligrafo.sapo.pt/fact-check/andre-silva-garantiu-que-em-rigorosamente-cenario-nenhum-voltaria-a-politica-mas-agora-esta-disponivel,0,Polígrafo - SAPO,poligrafo.sapo.pt,2022-02-07 15:00:00,False,original
Derretimento das coberturas de gelo na Gronelândia abrandou em 2020/2021?,Derretimento das coberturas de gelo na Gronelândia abrandou em 2020/2021?,,https://poligrafo.sapo.pt/fact-check/derretimento-das-coberturas-de-gelo-na-gronelandia-esta-a-abrandar,0,Polígrafo - SAPO,poligrafo.sapo.pt,2021-09-21 14:00:46,True,original
"Défice das contas públicas ""agravou-se para 7 mil milhões de euros"" no primeiro semestre de 2021?","Défice das contas públicas ""agravou-se para 7 mil milhões de euros"" no primeiro semestre de 2021?",,https://poligrafo.sapo.pt/fact-check/defice-das-contas-publicas-agravou-se-para-7-mil-milhoes-de-euros-no-primeiro-semestre-de-2021,0,Polígrafo - SAPO,poligrafo.sapo.pt,2021-07-27 17:00:16,True,original
"Mais de 200 ex-políticos ""acumulam subvenções vitalícias e reformas sem limite""?","Mais de 200 ex-políticos ""acumulam subvenções vitalícias e reformas sem limite""?",,https://poligrafo.sapo.pt/fact-check/mais-de-200-ex-politicos-acumulam-subvencoes-vitalicias-e-reformas-sem-limite,0,Polígrafo - SAPO,poligrafo.sapo.pt,2019-12-21 09:00:46,True,original
"GNR realizou mega ""operação stop"" em Portalegre durante evento motorizado?","GNR realizou mega ""operação stop"" em Portalegre durante evento motorizado?",,https://poligrafo.sapo.pt/fact-check/gnr-realizou-mega-operacao-stop-em-portalegre-durante-evento-motorizado,0,Polígrafo - SAPO,poligrafo.sapo.pt,2021-12-03 15:00:32,True,original
"Código Penal permitia ao marido matar a mulher em flagrante adultério"". Confirma-se?","Código Penal permitia ao marido matar a mulher em flagrante adultério"". Confirma-se?",,https://poligrafo.sapo.pt/fact-check/codigo-penal-permitia-ao-marido-matar-a-mulher-em-flagrante-adulterio-confirma-se,0,Polígrafo - SAPO,poligrafo.sapo.pt,2021-04-25 08:30:39,True,original
João Cravinho e David Justino enalteceram qualidades de João Rendeiro em prefácios de livros?,João Cravinho e David Justino enalteceram qualidades de João Rendeiro em prefácios de livros?,,https://poligrafo.sapo.pt/fact-check/joao-cravinho-e-david-justino-enalteceram-qualidades-de-joao-rendeiro-em-prefacios-de-livros,0,Polígrafo - SAPO,poligrafo.sapo.pt,2021-12-14 11:00:22,True,original
Caso de violação confessada em direto no Instagram pode seguir para tribunal sem queixa da vítima?,Caso de violação confessada em direto no Instagram pode seguir para tribunal sem queixa da vítima?,,https://poligrafo.sapo.pt/fact-check/caso-de-violacao-confessada-em-direto-no-instagram-pode-seguir-para-tribunal-sem-queixa-da-vitima,0,Polígrafo - SAPO,poligrafo.sapo.pt,2021-03-03 16:00:15,True,original
Governo só vai reduzir um cêntimo no ISP se os combustíveis subirem mais de cinco cêntimos?,Governo só vai reduzir um cêntimo no ISP se os combustíveis subirem mais de cinco cêntimos?,,https://poligrafo.sapo.pt/fact-check/governo-so-vai-reduzir-um-centimo-no-isp-se-os-combustiveis-subirem-mais-de-cinco-centimos,0,Polígrafo - SAPO,poligrafo.sapo.pt,2022-03-10 11:00:00,True,original
"César disse em 2018 que ""o PS tem orgulho no contributo de Sócrates para o progresso do país""? (COM VÍDEO)","César disse em 2018 que ""o PS tem orgulho no contributo de Sócrates para o progresso do país""? (COM VÍDEO)",,https://poligrafo.sapo.pt/fact-check/cesar-disse-em-2018-que-o-ps-tem-orgulho-no-contributo-de-socrates-para-o-progresso-do-pais,0,Polígrafo - SAPO,poligrafo.sapo.pt,2021-05-11 10:00:56,True,original
"Orçamento da Câmara de Lisboa é superior aos de Sintra, Gaia, Porto e Braga juntos, apesar de ter metade do...","Orçamento da Câmara de Lisboa é superior aos de Sintra, Gaia, Porto e Braga juntos, apesar de ter metade dos habitantes?",,https://poligrafo.sapo.pt/fact-check/orcamento-da-camara-de-lisboa-e-superior-aos-de-sintra-gaia-porto-e-braga-juntos-apesar-de-ter-metade-dos-habitantes,0,Polígrafo - SAPO,poligrafo.sapo.pt,2022-02-15 09:00:00,False,original
Music-Check. Michael Jackson é co-autor do hit “Do the Bartman”?,Music-Check. Michael Jackson é co-autor do hit “Do the Bartman”?,,https://poligrafo.sapo.pt/fact-check/music-check-michael-jackson-e-co-autor-do-hit-do-de-bartman,0,Polígrafo - SAPO,poligrafo.sapo.pt,2020-03-21 14:00:13,True,original
"Augusto Santos Silva disse que ""as pessoas no Norte têm dificuldade em distinguir 'trabalhámos' e 'trabalha...","Augusto Santos Silva disse que ""as pessoas no Norte têm dificuldade em distinguir 'trabalhámos' e 'trabalhamos'""?",,https://poligrafo.sapo.pt/fact-check/augusto-santos-silva-disse-que-as-pessoas-no-norte-tem-dificuldade-em-distinguir-trabalhamos-e-trabalhamos,0,Polígrafo - SAPO,poligrafo.sapo.pt,2022-04-14 11:00:00,False,original
Foi Billy Duffy (The Cult) que apresentou Morrissey a Johnny Marr?,Foi Billy Duffy (The Cult) que apresentou Morrissey a Johnny Marr?,,https://poligrafo.sapo.pt/fact-check/foi-billy-duffy-the-cult-que-apresentou-morrissey-a-johnny-marr,0,Polígrafo - SAPO,poligrafo.sapo.pt,2020-09-19 20:30:53,True,original
"António Costa: ""O acordo [do SNS] com os privados foi assinado em abril do ano passado"". Confirma-se?","António Costa: ""O acordo [do SNS] com os privados foi assinado em abril do ano passado"". Confirma-se?",,https://poligrafo.sapo.pt/fact-check/antonio-costa-o-acordo-do-sns-com-os-privados-foi-assinado-em-abril-do-ano-passado-confirma-se,0,Polígrafo - SAPO,poligrafo.sapo.pt,2021-01-15 18:40:42,True,original
Câmara do Porto retira camas pertencentes a sem-abrigo em ação de “limpeza urbana”?,Câmara do Porto retira camas pertencentes a sem-abrigo em ação de “limpeza urbana”?,,https://poligrafo.sapo.pt/fact-check/camara-do-porto-retira-camas-pertencentes-a-sem-abrigo-em-acao-de-limpeza-urbana,0,Polígrafo - SAPO,poligrafo.sapo.pt,2021-03-26 18:00:22,True,original
"Nós precisamos do teu amor e dedicação"". Vídeo em que Medina elogia José Sócrates é autêntico? (COM VÍDEO)","Nós precisamos do teu amor e dedicação"". Vídeo em que Medina elogia José Sócrates é autêntico? (COM VÍDEO)",,https://poligrafo.sapo.pt/fact-check/nos-precisamos-do-teu-amor-e-dedicacao-video-em-que-medina-elogia-jose-socrates-e-autentico,0,Polígrafo - SAPO,poligrafo.sapo.pt,2021-07-15 10:00:50,True,original
Marcelo indigitou Costa como primeiro-ministro quando ainda não estão contados todos os votos? (COM VÍDEO),Marcelo indigitou Costa como primeiro-ministro quando ainda não estão contados todos os votos? (COM VÍDEO),,https://poligrafo.sapo.pt/fact-check/marcelo-indigitou-costa-como-primeiro-ministro-quando-ainda-nao-estao-contados-todos-os-votos,0,Polígrafo - SAPO,poligrafo.sapo.pt,2019-10-09 09:01:44,True,original
O multimilionário Bill Gates foi vítima de um fake vídeo?,O multimilionário Bill Gates foi vítima de um fake vídeo?,,https://poligrafo.sapo.pt/fact-check/o-multimilionario-bill-gates-foi-vitima-de-um-fake-video,0,Polígrafo - SAPO,poligrafo.sapo.pt,2018-12-24 14:30:52,True,original
"IL: ""Deslocação de militares portugueses para a Roménia foi garantida por companhia privada e não pela TAP","IL: ""Deslocação de militares portugueses para a Roménia foi garantida por companhia privada e não pela TAP",,https://poligrafo.sapo.pt/fact-check/il-deslocacao-de-militares-portugueses-para-a-romenia-foi-garantida-por-companhia-privada-e-nao-pela-tap,0,Polígrafo - SAPO,poligrafo.sapo.pt,2022-05-06 18:00:00,True,original
Agentes da PSP estão proibidos de disparar armas de fogo para o ar perante multidões?,Agentes da PSP estão proibidos de disparar armas de fogo para o ar perante multidões?,,https://poligrafo.sapo.pt/fact-check/agentes-da-psp-estao-proibidos-de-disparar-armas-de-fogo-para-o-ar-perante-multidoes,0,Polígrafo - SAPO,poligrafo.sapo.pt,2021-12-21 09:00:47,True,original
"Music-Check. John Bonham, baterista dos Led Zeppelin, bebeu o equivalente a 40 shots de vodka no dia da sua...","Music-Check. John Bonham, baterista dos Led Zeppelin, bebeu o equivalente a 40 shots de vodka no dia da sua morte?",,https://poligrafo.sapo.pt/fact-check/music-check-john-bonham-baterista-dos-led-zeppelin-bebeu-o-equivalente-a-40-shots-de-vodka-no-dia-da-sua-morte,0,Polígrafo - SAPO,poligrafo.sapo.pt,2020-08-30 10:30:00,False,original
Governo dos Países Baixos tem 16 ministros e 8 secretários de Estado enquanto o de Portugal tem 70 no total...,Governo dos Países Baixos tem 16 ministros e 8 secretários de Estado enquanto o de Portugal tem 70 no total? (COM VÍDEO),,https://poligrafo.sapo.pt/fact-check/governo-dos-paises-baixos-tem-16-ministros-e-8-secretarios-de-estado-enquanto-o-de-portugal-tem-70-no-total,0,Polígrafo - SAPO,poligrafo.sapo.pt,2020-03-31 08:00:14,False,original
"É o meu presidente"". CNE utiliza linguagem sexista para apelar ao voto?","É o meu presidente"". CNE utiliza linguagem sexista para apelar ao voto?",,https://poligrafo.sapo.pt/fact-check/e-o-meu-presidente-cne-utiliza-linguagem-sexista-para-apelar-ao-voto,0,Polígrafo - SAPO,poligrafo.sapo.pt,2021-01-11 11:00:36,True,original
"Os deputados ""são mais bem pagos do que pensávamos""?","Os deputados ""são mais bem pagos do que pensávamos""?",,https://poligrafo.sapo.pt/fact-check/os-deputados-sao-mais-bem-pagos-do-que-pensavamos,0,Polígrafo - SAPO,poligrafo.sapo.pt,2018-12-09 09:00:15,True,original
As subvenções vitalícias dos políticos duplicam de valor aos 60 anos de idade?,As subvenções vitalícias dos políticos duplicam de valor aos 60 anos de idade?,,https://poligrafo.sapo.pt/fact-check/as-subvencoes-vitalicias-dos-politicos-duplicam-de-valor-aos-60-anos-de-idade,0,Polígrafo - SAPO,poligrafo.sapo.pt,2019-11-07 09:00:03,True,original
Caso Neto de Moura. Jorge Coelho na TVI-24: “A violência doméstica é transversal à sociedade.” É mesmo? (CO...,Caso Neto de Moura. Jorge Coelho na TVI-24: “A violência doméstica é transversal à sociedade.” É mesmo? (COM VÍDEO),,https://poligrafo.sapo.pt/fact-check/caso-neto-de-moura-jorge-coelho-na-tvi-24-a-violencia-domestica-e-transversal-a-sociedade-e-mesmo,0,Polígrafo - SAPO,poligrafo.sapo.pt,2019-03-08 11:03:37,False,original
"Anúncio de ""audições para o Coro"" do partido Chega é autêntico?","Anúncio de ""audições para o Coro"" do partido Chega é autêntico?",,https://poligrafo.sapo.pt/fact-check/anuncio-de-audicoes-para-o-coro-do-partido-chega-e-autentico,0,Polígrafo - SAPO,poligrafo.sapo.pt,2020-12-31 15:00:26,True,original
Existem radares de velocidade sem fios e sem estar ligados a um automóvel?,Existem radares de velocidade sem fios e sem estar ligados a um automóvel?,,https://poligrafo.sapo.pt/fact-check/existem-radares-de-velocidade-sem-fios-e-sem-estar-ligados-a-um-automovel,0,Polígrafo - SAPO,poligrafo.sapo.pt,2021-06-17 18:50:05,True,original
Cinco maiores bancos em Portugal pagaram mais de 25 milhões de euros aos seus administradores?,Cinco maiores bancos em Portugal pagaram mais de 25 milhões de euros aos seus administradores?,,https://poligrafo.sapo.pt/fact-check/cinco-maiores-bancos-em-portugal-pagaram-mais-de-25-milhoes-de-euros-aos-seus-administradores,0,Polígrafo - SAPO,poligrafo.sapo.pt,2022-05-03 11:00:00,True,original
"Portugal foi ultrapassado no PIB ""per capita"" por quatro países da UE desde que Costa é primeiro-ministro?","Portugal foi ultrapassado no PIB ""per capita"" por quatro países da UE desde que Costa é primeiro-ministro?",,https://poligrafo.sapo.pt/fact-check/portugal-foi-ultrapassado-no-pib-per-capita-por-quatro-paises-da-ue-desde-que-costa-e-primeiro-ministro,0,Polígrafo - SAPO,poligrafo.sapo.pt,2022-03-31 08:00:00,True,original
Toureiro João Moura será homenageado enquanto decorre processo-crime por maus-tratos a animais?,Toureiro João Moura será homenageado enquanto decorre processo-crime por maus-tratos a animais?,,https://poligrafo.sapo.pt/fact-check/toureiro-joao-moura-sera-homenageado-enquanto-decorre-processo-crime-por-maus-tratos-a-animais,0,Polígrafo - SAPO,poligrafo.sapo.pt,2021-08-13 14:05:14,True,original
Joe Biden desistiu de candidatura à Presidência dos EUA em 1988 por ter plagiado e falsificado currículo?,Joe Biden desistiu de candidatura à Presidência dos EUA em 1988 por ter plagiado e falsificado currículo?,,https://poligrafo.sapo.pt/fact-check/joe-biden-desistiu-de-candidatura-a-presidencia-dos-eua-em-1988-por-ter-plagiado-e-falsificado-curriculo,0,Polígrafo - SAPO,poligrafo.sapo.pt,2019-07-15 11:00:44,True,original
"Ao contrário do que acontece com os restantes portugueses, os magistrados reformam-se com o valor bruto do ...","Ao contrário do que acontece com os restantes portugueses, os magistrados reformam-se com o valor bruto do seu último salário? (COM VÍDEO)",,https://poligrafo.sapo.pt/fact-check/ao-contrario-do-que-acontece-com-os-restantes-portugueses-os-magistrados-reformam-se-com-o-valor-bruto-do-seu-ultimo-salario,0,Polígrafo - SAPO,poligrafo.sapo.pt,2019-07-03 07:50:57,False,original
Donald Trump enganou-se ao congratular a equipa vencedora do Super Bowl?,Donald Trump enganou-se ao congratular a equipa vencedora do Super Bowl?,,https://poligrafo.sapo.pt/fact-check/donald-trump-enganou-se-ao-congratular-a-equipa-vencedora-do-super-bowl,0,Polígrafo - SAPO,poligrafo.sapo.pt,2020-01-04 20:16:39,True,original
Nova maternidade de Coimbra está prometida desde 2016?,Nova maternidade de Coimbra está prometida desde 2016?,,https://poligrafo.sapo.pt/fact-check/nova-maternidade-de-coimbra-esta-prometida-desde-2016,0,Polígrafo - SAPO,poligrafo.sapo.pt,2021-09-18 17:00:44,True,original
"Fundador do CDS tornou-se ministro de José Sócrates, como disse André Ventura?","Fundador do CDS tornou-se ministro de José Sócrates, como disse André Ventura?",,https://poligrafo.sapo.pt/fact-check/fundador-do-cds-tornou-se-ministro-de-jose-socrates-como-disse-andre-ventura,0,Polígrafo - SAPO,poligrafo.sapo.pt,2022-01-12 20:33:00,True,original
"Music-Check. Natalie Imbruglia “roubou” o seu grande hit, “Torn”, aos Ednaswap?","Music-Check. Natalie Imbruglia “roubou” o seu grande hit, “Torn”, aos Ednaswap?",,https://poligrafo.sapo.pt/fact-check/natalie-imbruglia-roubou-o-seu-grande-hit-torn-aos-ednaswap,0,Polígrafo - SAPO,poligrafo.sapo.pt,2019-03-31 14:29:59,True,original
Chega votou contra margens máximas de comercialização dos combustíveis?,Chega votou contra margens máximas de comercialização dos combustíveis?,,https://poligrafo.sapo.pt/fact-check/chega-votou-contra-margens-maximas-de-comercializacao-dos-combustiveis,0,Polígrafo - SAPO,poligrafo.sapo.pt,2022-03-14 11:00:00,True,original
Presidência Portuguesa da UE gasta centenas de milhares de euros em automóveis de luxo?,Presidência Portuguesa da UE gasta centenas de milhares de euros em automóveis de luxo?,,https://poligrafo.sapo.pt/fact-check/presidencia-portuguesa-da-ue-gasta-centenas-de-milhares-de-euros-em-automoveis-de-luxo,0,Polígrafo - SAPO,poligrafo.sapo.pt,2021-01-12 14:55:21,True,original
"Deputados do PS, BE, PAN e Livre votaram contra a condenação de agressões a profissionais de Saúde? (COM VÍ...","Deputados do PS, BE, PAN e Livre votaram contra a condenação de agressões a profissionais de Saúde? (COM VÍDEO)",,https://poligrafo.sapo.pt/fact-check/deputados-do-ps-be-pan-e-livre-votaram-contra-a-condenacao-de-agressoes-a-profissionais-de-saude,0,Polígrafo - SAPO,poligrafo.sapo.pt,2020-01-15 08:52:30,False,original
"Propaganda da CDU acusa PS, PSD e CDS-PP de terem aprovado o Tratado Orçamental. Verdade ou mentira? (COM V...","Propaganda da CDU acusa PS, PSD e CDS-PP de terem aprovado o Tratado Orçamental. Verdade ou mentira? (COM VÍDEO)",,https://poligrafo.sapo.pt/fact-check/propaganda-da-cdu-acusa-ps-psd-e-cds-pp-de-terem-aprovado-o-tratado-orcamental-verdade-ou-mentira,0,Polígrafo - SAPO,poligrafo.sapo.pt,2019-05-17 08:30:27,False,original
"Assistência Inteligente de Velocidade"" será obrigatória em automóveis fabricados a partir de 2022?","Assistência Inteligente de Velocidade"" será obrigatória em automóveis fabricados a partir de 2022?",,https://poligrafo.sapo.pt/fact-check/assistencia-inteligente-de-velocidade-sera-obrigatoria-em-automoveis-fabricados-a-partir-de-2022,0,Polígrafo - SAPO,poligrafo.sapo.pt,2021-09-29 10:00:18,True,original
"Music-Check. O vídeo de “Weapon of Choice”, de Fatboy Slim, é inspirado no pai do realizador Spike Jonze?","Music-Check. O vídeo de “Weapon of Choice”, de Fatboy Slim, é inspirado no pai do realizador Spike Jonze?",,https://poligrafo.sapo.pt/fact-check/music-check-o-video-de-weapon-of-choice-de-fatboy-slim-e-inspirado-no-pai-do-realizador-spike-jonze,0,Polígrafo - SAPO,poligrafo.sapo.pt,2020-04-18 13:00:11,True,original
"Dívida pública de Portugal atingiu ""novo recorde absoluto"" em junho de 2021?","Dívida pública de Portugal atingiu ""novo recorde absoluto"" em junho de 2021?",,https://poligrafo.sapo.pt/fact-check/divida-publica-de-portugal-atingiu-novo-recorde-absoluto-em-junho-de-2021,0,Polígrafo - SAPO,poligrafo.sapo.pt,2021-08-24 08:00:39,True,original
Fotografias que mostram ajuntamento de jovens em bar de Coimbra são autênticas?,Fotografias que mostram ajuntamento de jovens em bar de Coimbra são autênticas?,,https://poligrafo.sapo.pt/fact-check/fotografias-que-mostram-ajuntamento-de-jovens-em-bar-de-coimbra-sao-autenticas,0,Polígrafo - SAPO,poligrafo.sapo.pt,2020-11-23 15:00:02,True,original
Novo Governo de António Costa terá o maior número de ministros desde 1976?,Novo Governo de António Costa terá o maior número de ministros desde 1976?,,https://poligrafo.sapo.pt/fact-check/novo-governo-de-antonio-costa-tera-o-maior-numero-de-ministros-desde-1976,0,Polígrafo - SAPO,poligrafo.sapo.pt,2019-10-16 15:24:52,True,original
Coronavírus: Registam-se mais de 500 crianças com menos de 10 anos infetadas em Portugal?,Coronavírus: Registam-se mais de 500 crianças com menos de 10 anos infetadas em Portugal?,,https://poligrafo.sapo.pt/fact-check/coronavirus-registam-se-mais-de-500-criancas-com-menos-de-10-anos-infetadas-em-portugal,0,Polígrafo - SAPO,poligrafo.sapo.pt,2020-05-19 10:00:59,True,original
"Celebrou-se uma missa em Castelo de Paiva em pleno ""estado de emergência"" e a GNR teve que intervir?","Celebrou-se uma missa em Castelo de Paiva em pleno ""estado de emergência"" e a GNR teve que intervir?",,https://poligrafo.sapo.pt/fact-check/celebrou-se-uma-missa-em-castelo-de-paiva-em-pleno-estado-de-emergencia-e-a-gnr-teve-que-intervir,0,Polígrafo - SAPO,poligrafo.sapo.pt,2020-04-29 10:00:10,True,original
"Tratado do Atlântico Norte não determina ""automática reação bélica contra o agressor"" de um membro da NATO?","Tratado do Atlântico Norte não determina ""automática reação bélica contra o agressor"" de um membro da NATO?",,https://poligrafo.sapo.pt/fact-check/tratado-do-atlantico-norte-nao-determina-automatica-reacao-belica-contra-o-agressor-de-um-membro-da-nato,0,Polígrafo - SAPO,poligrafo.sapo.pt,2022-04-27 18:00:00,True,original
"Portugal foi um dos países da Zona Euro que ""mais reduziu o peso dos impostos diretos"" entre 2015 e 2018?","Portugal foi um dos países da Zona Euro que ""mais reduziu o peso dos impostos diretos"" entre 2015 e 2018?",,https://poligrafo.sapo.pt/fact-check/portugal-foi-um-dos-paises-da-zona-euro-que-mais-reduziu-o-peso-dos-impostos-diretos-entre-2015-e-2018,0,Polígrafo - SAPO,poligrafo.sapo.pt,2020-02-06 19:35:35,True,original
"Ferro Rodrigues utilizou várias vezes a palavra ""vergonha"" quando era líder parlamentar do PS?","Ferro Rodrigues utilizou várias vezes a palavra ""vergonha"" quando era líder parlamentar do PS?",,https://poligrafo.sapo.pt/fact-check/ferro-rodrigues-utilizou-varias-vezes-a-palavra-vergonha-quando-era-lider-parlamentar-do-ps,0,Polígrafo - SAPO,poligrafo.sapo.pt,2019-12-16 11:30:24,True,original
Ministro do Ambiente mentiu sobre perda de fundos europeus com suspensão da linha circular do Metro de Lisboa?,Ministro do Ambiente mentiu sobre perda de fundos europeus com suspensão da linha circular do Metro de Lisboa?,Rui Rio,https://poligrafo.sapo.pt/fact-check/ministro-do-ambiente-mentiu-sobre-perda-de-fundos-europeus-com-suspensao-da-linha-circular-do-metro-de-lisboa,0,Polígrafo - SAPO,poligrafo.sapo.pt,2020-02-18 16:32:43,True,original
"Emissão de registo criminal ""online"" implica pagar cinco euros tal como a emissão em papel?","Emissão de registo criminal ""online"" implica pagar cinco euros tal como a emissão em papel?",,https://poligrafo.sapo.pt/fact-check/pedido-de-registo-criminal-online-tem-custo-associado-de-cinco-euros,0,Polígrafo - SAPO,poligrafo.sapo.pt,2021-05-03 17:30:12,True,original
Music-Check. Os Rolling Stones fizeram um jingle para uma marca de cereais nos anos 60?,Music-Check. Os Rolling Stones fizeram um jingle para uma marca de cereais nos anos 60?,,https://poligrafo.sapo.pt/fact-check/music-check-os-rolling-stones-fizeram-um-jingle-para-uma-marca-de-cereais-nos-anos-60,0,Polígrafo - SAPO,poligrafo.sapo.pt,2022-01-09 16:00:00,True,original
Beijar animais na boca ou comer do mesmo prato pode gerar transmissão de doença parasitária? (COM VÍDEO),Beijar animais na boca ou comer do mesmo prato pode gerar transmissão de doença parasitária? (COM VÍDEO),,https://poligrafo.sapo.pt/fact-check/beijar-animais-na-boca-ou-comer-do-mesmo-prato-pode-gerar-transmissao-de-doenca-parasitaria,0,Polígrafo - SAPO,poligrafo.sapo.pt,2020-08-05 08:00:51,True,original
SNS: Ficaram por realizar cerca de 540 mil consultas hospitalares e 51 mil cirurgias até abril? (COM VÍDEO),SNS: Ficaram por realizar cerca de 540 mil consultas hospitalares e 51 mil cirurgias até abril? (COM VÍDEO),,https://poligrafo.sapo.pt/fact-check/sns-ficaram-por-realizar-cerca-de-540-mil-consultas-hospitalares-e-51-mil-cirurgias-ate-abril,0,Polígrafo - SAPO,poligrafo.sapo.pt,2020-07-06 08:00:47,True,original
Táxis só podem recolher passageiros no município onde estão registados? (COM VÍDEO),Táxis só podem recolher passageiros no município onde estão registados? (COM VÍDEO),,https://poligrafo.sapo.pt/fact-check/taxis-so-podem-recolher-passageiros-no-municipio-onde-estao-registados,0,Polígrafo - SAPO,poligrafo.sapo.pt,2021-06-29 10:00:17,True,original
"Marcelo afirma que ""os portugueses foram enganados"" sobre a abrangência da vacina da gripe. Confirma-se?","Marcelo afirma que ""os portugueses foram enganados"" sobre a abrangência da vacina da gripe. Confirma-se?",,https://poligrafo.sapo.pt/fact-check/marcelo-afirma-que-os-portugueses-foram-enganados-sobre-a-abrangencia-da-vacina-da-gripe-confirma-se,0,Polígrafo - SAPO,poligrafo.sapo.pt,2020-12-22 20:35:01,True,original
"SNS 24 não recomenda ""ventilação boca-a-boca"" em vítima de afogamento ""pelo alto risco de contágio""?","SNS 24 não recomenda ""ventilação boca-a-boca"" em vítima de afogamento ""pelo alto risco de contágio""?",,https://poligrafo.sapo.pt/fact-check/sns-24-nao-recomenda-ventilacao-boca-a-boca-em-vitima-de-afogamento-pelo-alto-risco-de-contagio,0,Polígrafo - SAPO,poligrafo.sapo.pt,2021-03-01 12:45:07,True,original
Fotografias de quarto com paredes manchadas de humidade no Hospital de São José são verdadeiras?,Fotografias de quarto com paredes manchadas de humidade no Hospital de São José são verdadeiras?,,https://poligrafo.sapo.pt/fact-check/fotografias-de-quarto-com-paredes-manchadas-de-humidade-no-hospital-de-sao-jose-sao-verdadeiras,0,Polígrafo - SAPO,poligrafo.sapo.pt,2019-11-14 17:23:54,True,original
"Pensões perderam em média 0,2% de poder de compra por cada ano desde 2000?","Pensões perderam em média 0,2% de poder de compra por cada ano desde 2000?",,https://poligrafo.sapo.pt/fact-check/pensoes-perderam-em-media-02-de-poder-de-compra-por-cada-ano-desde-2000,0,Polígrafo - SAPO,poligrafo.sapo.pt,2021-12-22 11:00:47,True,original
"Rui Rio: ""Um ministro hoje já não pode, durante um largo período de tempo, ir para empresas que tutelou"". É...","Rui Rio: ""Um ministro hoje já não pode, durante um largo período de tempo, ir para empresas que tutelou"". É verdade?",,https://poligrafo.sapo.pt/fact-check/rui-rio-um-ministro-hoje-ja-nao-pode-durante-um-largo-periodo-de-tempo-ir-para-empresas-que-tutelou-e-verdade,0,Polígrafo - SAPO,poligrafo.sapo.pt,2022-01-04 11:05:33,False,original
"Ventura diz que abdicou ""com enorme desapego"" de um salário que, na verdade, não existe?","Ventura diz que abdicou ""com enorme desapego"" de um salário que, na verdade, não existe?",,https://poligrafo.sapo.pt/fact-check/ventura-diz-que-abdicou-com-enorme-desapego-de-um-salario-que-na-verdade-nao-existe,0,Polígrafo - SAPO,poligrafo.sapo.pt,2021-11-25 09:00:37,True,original
Governo investiu menos do que podia em ano de pandemia?,Governo investiu menos do que podia em ano de pandemia?,,https://poligrafo.sapo.pt/fact-check/governo-investiu-menos-do-que-podia-em-ano-de-pandemia,0,Polígrafo - SAPO,poligrafo.sapo.pt,2021-02-09 09:00:22,True,original
Barack Obama é mais admirado pelos norte-americanos do que Donald Trump?,Barack Obama é mais admirado pelos norte-americanos do que Donald Trump?,,https://poligrafo.sapo.pt/fact-check/barack-obama-e-mais-admirado-pelos-norte-americanos-do-que-donald-trump,0,Polígrafo - SAPO,poligrafo.sapo.pt,2019-04-06 14:33:03,True,original
Centeno nomeou Conselho de Auditoria que fiscaliza atuação do governador do Banco de Portugal?,Centeno nomeou Conselho de Auditoria que fiscaliza atuação do governador do Banco de Portugal?,,https://poligrafo.sapo.pt/fact-check/centeno-nomeou-conselho-de-auditoria-que-fiscaliza-atuacao-do-governador-do-banco-de-portugal,0,Polígrafo - SAPO,poligrafo.sapo.pt,2021-11-27 11:00:39,True,original
"Music-Check. Pattie Boyd inspirou as canções “Layla” e ""Wonderful Tonight"" de Eric Clapton?","Music-Check. Pattie Boyd inspirou as canções “Layla” e ""Wonderful Tonight"" de Eric Clapton?",,https://poligrafo.sapo.pt/fact-check/music-check-pattie-boyd-inspirou-as-cancoes-layla-de-clapton-e-something-de-harrison,0,Polígrafo - SAPO,poligrafo.sapo.pt,2020-06-07 13:00:36,True,original
Basílio Horta recusou cumprimentar Ricardo Baptista Leite na tomada de posse da Câmara de Sintra?,Basílio Horta recusou cumprimentar Ricardo Baptista Leite na tomada de posse da Câmara de Sintra?,,https://poligrafo.sapo.pt/fact-check/basilio-horta-recusou-cumprimentar-ricardo-baptista-leite-na-tomada-de-posse-da-camara-de-sintra,0,Polígrafo - SAPO,poligrafo.sapo.pt,2021-10-19 17:52:00,True,original
Coronavírus: Imagens de multidão a passear na Póvoa de Varzim são reais e foram mesmo captadas ontem? (COM ...,Coronavírus: Imagens de multidão a passear na Póvoa de Varzim são reais e foram mesmo captadas ontem? (COM VÍDEO),,https://poligrafo.sapo.pt/fact-check/coronavirus-imagens-de-multidao-a-passear-na-povoa-de-varzim-sao-reais-e-foram-mesmo-captadas-ontem,0,Polígrafo - SAPO,poligrafo.sapo.pt,2020-03-23 09:49:42,False,original
"Inflação subiu de 1,3% em 2021 para 5% até março mas aumento extraordinário das pensões manteve-se?","Inflação subiu de 1,3% em 2021 para 5% até março mas aumento extraordinário das pensões manteve-se?",,https://poligrafo.sapo.pt/fact-check/inflacao-subiu-de-13-em-2021-para-5-ate-marco-mas-aumento-extraordinario-das-pensoes-manteve-se,0,Polígrafo - SAPO,poligrafo.sapo.pt,2022-04-20 08:00:00,True,original
Imagens de legumes depositados a céu aberto em Odemira são autênticas?,Imagens de legumes depositados a céu aberto em Odemira são autênticas?,,https://poligrafo.sapo.pt/fact-check/imagens-de-legumes-depositados-a-ceu-aberto-em-odemira-sao-autenticas,0,Polígrafo - SAPO,poligrafo.sapo.pt,2021-05-25 08:00:05,True,original
Representante dos privados na guerra contra a ADSE é ex-governante de Sócrates e ex-assessor de Seguro?,Representante dos privados na guerra contra a ADSE é ex-governante de Sócrates e ex-assessor de Seguro?,,https://poligrafo.sapo.pt/fact-check/representante-dos-privados-na-guerra-contra-a-adse-e-ex-governante-de-socrates-e-ex-assessor-de-costa,0,Polígrafo - SAPO,poligrafo.sapo.pt,2019-02-20 08:45:54,True,original
Rui Rio tem razão quando afirma que há dualidade de critérios do Governo em relação aos ajuntamentos de pes...,Rui Rio tem razão quando afirma que há dualidade de critérios do Governo em relação aos ajuntamentos de pessoas?,,https://poligrafo.sapo.pt/fact-check/rui-rio-tem-razao-quando-afirma-que-ha-dualidade-de-criterios-do-governo-em-relacao-aos-ajuntamentos-de-pessoas,0,Polígrafo - SAPO,poligrafo.sapo.pt,2020-06-11 10:19:33,False,original
"Portugal nunca teve ""uma primeira-ministra eleita"", como declarou Assunção Cristas no Dia da Mulher?","Portugal nunca teve ""uma primeira-ministra eleita"", como declarou Assunção Cristas no Dia da Mulher?",Assunção Cristas,https://poligrafo.sapo.pt/fact-check/portugal-nunca-teve-uma-primeira-ministra-eleita-como-declarou-assuncao-cristas-no-dia-da-mulher,0,Polígrafo - SAPO,poligrafo.sapo.pt,2019-03-10 19:06:38,True,original
O Bloco de Esquerda tem opiniões contraditórias sobre o Metro no Parlamento e na CML?,O Bloco de Esquerda tem opiniões contraditórias sobre o Metro no Parlamento e na CML?,,https://poligrafo.sapo.pt/fact-check/o-bloco-de-esquerda-tem-opinioes-contraditorias-sobre-o-metro-no-parlamento-e-na-cml,0,Polígrafo - SAPO,poligrafo.sapo.pt,2020-02-10 20:00:58,True,original
"Bolsonaro ""ajoelhado"" ouviu pastor evangélico ""proclamar que o Brasil está livre do coronavírus""?","Bolsonaro ""ajoelhado"" ouviu pastor evangélico ""proclamar que o Brasil está livre do coronavírus""?",,https://poligrafo.sapo.pt/fact-check/bolsonaro-ajoelhado-ouviu-pastor-evangelico-proclamar-que-o-brasil-esta-livre-do-coronavirus,0,Polígrafo - SAPO,poligrafo.sapo.pt,2020-04-11 17:00:03,True,original
Combustíveis são mais caros em Portugal do que em Espanha?,Combustíveis são mais caros em Portugal do que em Espanha?,,https://poligrafo.sapo.pt/fact-check/combustiveis-sao-mais-caros-em-portugal-do-que-em-espanha,0,Polígrafo - SAPO,poligrafo.sapo.pt,2020-08-22 18:00:42,True,original
"Proposta de atualização dos cadernos eleitorais foi chumbada por deputados do PS, PCP e PEV?","Proposta de atualização dos cadernos eleitorais foi chumbada por deputados do PS, PCP e PEV?",,https://poligrafo.sapo.pt/fact-check/proposta-de-atualizacao-dos-cadernos-eleitorais-foi-chumbada-por-deputados-do-ps-pcp-e-pev,0,Polígrafo - SAPO,poligrafo.sapo.pt,2021-03-29 14:57:06,True,original
"Slimani beneficia de ""borla fiscal"" no âmbito do ""Programa Regressar"" do Governo?","Slimani beneficia de ""borla fiscal"" no âmbito do ""Programa Regressar"" do Governo?",,https://poligrafo.sapo.pt/fact-check/slimani-beneficia-de-borla-fiscal-no-ambito-do-programa-regressar-do-governo,0,Polígrafo - SAPO,poligrafo.sapo.pt,2022-02-08 19:00:00,True,original
"Deputados ""ganham seis mil euros para ir a casa"" e não têm que apresentar faturas das viagens? (COM VÍDEO)","Deputados ""ganham seis mil euros para ir a casa"" e não têm que apresentar faturas das viagens? (COM VÍDEO)",,https://poligrafo.sapo.pt/fact-check/deputados-ganham-seis-mil-euros-para-ir-a-casa-e-nao-tem-que-apresentar-faturas-das-viagens,0,Polígrafo - SAPO,poligrafo.sapo.pt,2019-07-26 08:00:38,True,original
"Rio disse a verdade sobre a redução ""muitíssimo pequena"" do défice","Rio disse a verdade sobre a redução ""muitíssimo pequena"" do défice",Rui Rio,https://poligrafo.sapo.pt/fact-check/rio-disse-a-verdade-sobre-a-reducao-muitissimo-pequena-do-defice,0,Polígrafo - SAPO,poligrafo.sapo.pt,2018-10-22 15:07:16,True,original
Ler faz bem ao cérebro. Verdadeiro ou falso?,Ler faz bem ao cérebro. Verdadeiro ou falso?,,https://poligrafo.sapo.pt/fact-check/ler-faz-bem-ao-cerebro,0,Polígrafo - SAPO,poligrafo.sapo.pt,2019-07-04 11:22:50,True,original
Music-Check. Britney Spears foi “arma secreta” contra piratas da Somália?,Music-Check. Britney Spears foi “arma secreta” contra piratas da Somália?,,https://poligrafo.sapo.pt/fact-check/music-check-britney-spears-foi-arma-secreta-contra-piratas-da-somalia,0,Polígrafo - SAPO,poligrafo.sapo.pt,2019-10-26 13:00:54,True,original
"Marcelo Rebelo de Sousa abdicou do ""direito de antena"" a que teria direito por lei?","Marcelo Rebelo de Sousa abdicou do ""direito de antena"" a que teria direito por lei?",,https://poligrafo.sapo.pt/fact-check/marcelo-rebelo-de-sousa-abdicou-do-direito-de-antena-a-que-teria-direito-por-lei,0,Polígrafo - SAPO,poligrafo.sapo.pt,2021-01-14 15:00:34,True,original
"Donald Trump afirmou que uma colher de chá de fentanil, o potente opioide roubado em Portugal, é suficiente...","Donald Trump afirmou que uma colher de chá de fentanil, o potente opioide roubado em Portugal, é suficiente para ""destruir um Estado americano""?",,https://poligrafo.sapo.pt/fact-check/uma-colher-de-cha-de-fentanil-o-opioide-roubado-em-portugal-e-suficiente-para-destruir-um-estado-americano-como-afirmou-trump,0,Polígrafo - SAPO,poligrafo.sapo.pt,2019-03-07 13:34:02,False,original
Passaporte de Portugal custa mais do dobro e tem metade do prazo de validade do passaporte de Espanha?,Passaporte de Portugal custa mais do dobro e tem metade do prazo de validade do passaporte de Espanha?,,https://poligrafo.sapo.pt/fact-check/passaporte-de-portugal-custa-mais-do-dobro-e-tem-metade-do-prazo-de-validade-do-passaporte-de-espanha,0,Polígrafo - SAPO,poligrafo.sapo.pt,2021-03-11 18:00:27,True,original
Cobrança de consumos mínimos em serviços essenciais é proibida por lei?,Cobrança de consumos mínimos em serviços essenciais é proibida por lei?,,https://poligrafo.sapo.pt/fact-check/cobranca-de-consumos-minimos-em-servicos-essenciais-e-proibida-por-lei,0,Polígrafo - SAPO,poligrafo.sapo.pt,2022-02-21 11:00:00,True,original
Assunção Cristas diz que sondagens desvalorizam sempre o CDS. É verdade?,Assunção Cristas diz que sondagens desvalorizam sempre o CDS. É verdade?,Assunção Cristas,https://poligrafo.sapo.pt/fact-check/assuncao-cristas-diz-que-sondagens-sempre-desvalorizaram-o-cds-e-verdade,0,Polígrafo - SAPO,poligrafo.sapo.pt,2019-09-02 18:25:57,True,original
Está a circular na Internet um vídeo manipulado do acidente fatal de Paulo Gonçalves no Dakar? (COM VÍDEO),Está a circular na Internet um vídeo manipulado do acidente fatal de Paulo Gonçalves no Dakar? (COM VÍDEO),,https://poligrafo.sapo.pt/fact-check/esta-a-circular-na-internet-um-video-que-retrata-erroneamente-o-acidente-de-paulo-goncalves-no-dakar,0,Polígrafo - SAPO,poligrafo.sapo.pt,2020-01-13 10:10:10,True,original
Não responder aos Censos 2021 é contra-ordenação punível com multa de 250 a 25 mil euros? (COM VÍDEO),Não responder aos Censos 2021 é contra-ordenação punível com multa de 250 a 25 mil euros? (COM VÍDEO),,https://poligrafo.sapo.pt/fact-check/nao-responder-aos-censos-2021-e-contra-ordenacao-punivel-com-multa-de-250-a-25-mil-euros,0,Polígrafo - SAPO,poligrafo.sapo.pt,2021-04-14 10:00:35,True,original
FC Porto paga apenas 500 euros por mês à Câmara de Gaia para utilizar Centro de Estágio do Olival?,FC Porto paga apenas 500 euros por mês à Câmara de Gaia para utilizar Centro de Estágio do Olival?,,https://poligrafo.sapo.pt/fact-check/fc-porto-paga-apenas-500-euros-por-mes-a-camara-de-gaia-para-utilizar-centro-de-estagio-do-olival,0,Polígrafo - SAPO,poligrafo.sapo.pt,2020-11-28 15:00:23,True,original
"Costa disse em 2019 que os portugueses têm ""más memórias das maiorias absolutas"" e agora pede maioria absol...","Costa disse em 2019 que os portugueses têm ""más memórias das maiorias absolutas"" e agora pede maioria absoluta?",,https://poligrafo.sapo.pt/fact-check/costa-disse-em-2019-que-os-portugueses-guardam-mas-memorias-das-maiorias-absolutas-e-agora-pede-maioria-absoluta,0,Polígrafo - SAPO,poligrafo.sapo.pt,2021-12-31 11:00:22,False,original
"Câmara de Portimão está a pedir que idosos não vacinados telefonem para a ""Linha Proteção 24""?","Câmara de Portimão está a pedir que idosos não vacinados telefonem para a ""Linha Proteção 24""?",,https://poligrafo.sapo.pt/fact-check/camara-de-portimao-esta-a-pedir-que-idosos-nao-vacinados-telefonem-para-a-linha-protecao-24,0,Polígrafo - SAPO,poligrafo.sapo.pt,2021-04-05 18:00:54,True,original
Manchester City foi suspenso da Liga dos Campeões por dois anos devido a denúncias de Rui Pinto?,Manchester City foi suspenso da Liga dos Campeões por dois anos devido a denúncias de Rui Pinto?,,https://poligrafo.sapo.pt/fact-check/manchester-city-foi-suspenso-da-liga-dos-campeoes-por-dois-anos-devido-a-denuncias-de-rui-pinto,0,Polígrafo - SAPO,poligrafo.sapo.pt,2020-02-21 19:45:32,True,original
António Costa critica Rui Rio mas ele também já exigiu uma auditoria para injetar capital no Novo Banco?,António Costa critica Rui Rio mas ele também já exigiu uma auditoria para injetar capital no Novo Banco?,,https://poligrafo.sapo.pt/fact-check/antonio-costa-ja-exigiu-a-realizacao-de-uma-auditoria-como-condicao-para-injecao-de-capital-no-novo-banco,0,Polígrafo - SAPO,poligrafo.sapo.pt,2020-11-28 19:45:23,True,original
Turistas são excluídos da população local nos relatórios de situação epidemiológica da DGS?,Turistas são excluídos da população local nos relatórios de situação epidemiológica da DGS?,,https://poligrafo.sapo.pt/fact-check/turistas-sao-excluidos-da-populacao-local-nos-relatorios-de-situacao-epidemiologica-da-dgs,0,Polígrafo - SAPO,poligrafo.sapo.pt,2021-06-30 14:00:32,True,original
Apelo de jovem com fibrose quística que necessita de medicamento inovador é autêntico?,Apelo de jovem com fibrose quística que necessita de medicamento inovador é autêntico?,,https://poligrafo.sapo.pt/fact-check/apelo-de-jovem-com-fibrose-quistica-que-necessita-de-medicamento-inovador-e-autentico,0,Polígrafo - SAPO,poligrafo.sapo.pt,2021-03-18 17:10:13,True,original
Frasco de soro fisiológico do Pingo Doce continha álcool gel no interior?,Frasco de soro fisiológico do Pingo Doce continha álcool gel no interior?,,https://poligrafo.sapo.pt/fact-check/frasco-de-soro-fisiologico-do-pingo-doce-continha-alcool-gel-no-interior,0,Polígrafo - SAPO,poligrafo.sapo.pt,2021-12-06 11:00:24,True,original
Mário Machado divulgou fotografia de almoço no dia em que Alcindo Monteiro foi assassinado?,Mário Machado divulgou fotografia de almoço no dia em que Alcindo Monteiro foi assassinado?,,https://poligrafo.sapo.pt/fact-check/mario-machado-divulga-fotografia-de-almoco-no-dia-em-que-alcindo-monteiro-foi-assassinado,0,Polígrafo - SAPO,poligrafo.sapo.pt,2021-03-02 10:00:29,True,original
Transmissão da quota de Sousa Real para o marido na Berry Dreams pode ser considerada nula?,Transmissão da quota de Sousa Real para o marido na Berry Dreams pode ser considerada nula?,,https://poligrafo.sapo.pt/fact-check/transmissao-da-quota-de-sousa-real-para-o-marido-na-berry-dreams-pode-ser-considerada-nula,0,Polígrafo - SAPO,poligrafo.sapo.pt,2021-11-22 09:00:54,True,original
Polícia instalou radar numa carrinha de caixa aberta para “caça à multa”? (Atualizado),Polícia instalou radar numa carrinha de caixa aberta para “caça à multa”? (Atualizado),,https://poligrafo.sapo.pt/fact-check/policia-instalou-radar-numa-carrinha-de-caixa-aberta-para-caca-a-multa,0,Polígrafo - SAPO,poligrafo.sapo.pt,2021-10-21 15:15:32,True,original
Vídeo viral apanha militar da GNR a controlar velocidade em viaduto sobre autoestrada. É um método legal?,Vídeo viral apanha militar da GNR a controlar velocidade em viaduto sobre autoestrada. É um método legal?,,https://poligrafo.sapo.pt/fact-check/video-viral-apanha-militar-da-gnr-a-controlar-velocidade-em-viaduto-sobre-autoestrada-e-um-metodo-legal,0,Polígrafo - SAPO,poligrafo.sapo.pt,2021-12-02 09:00:08,True,original
Árbitro Luís Godinho foi VAR do jogo da Liga dos Campeões entre o Barcelona e a Juventus?,Árbitro Luís Godinho foi VAR do jogo da Liga dos Campeões entre o Barcelona e a Juventus?,,https://poligrafo.sapo.pt/fact-check/arbitro-luis-godinho-foi-var-do-jogo-da-liga-dos-campeoes-entre-o-barcelona-e-a-juventus,0,Polígrafo - SAPO,poligrafo.sapo.pt,2020-12-12 15:30:38,True,original
Novo edifício da Câmara de Valongo vai custar cerca de 11 milhões de euros aos contribuintes?,Novo edifício da Câmara de Valongo vai custar cerca de 11 milhões de euros aos contribuintes?,,https://poligrafo.sapo.pt/fact-check/novo-edificio-da-camara-de-valongo-vai-custar-cerca-de-11-milhoes-de-euros-aos-contribuintes,0,Polígrafo - SAPO,poligrafo.sapo.pt,2021-06-24 14:30:57,True,original
Utilização de máscara continua a ser necessária mesmo após tomar vacina contra a Covid-19?,Utilização de máscara continua a ser necessária mesmo após tomar vacina contra a Covid-19?,,https://poligrafo.sapo.pt/fact-check/utilizacao-de-mascara-continua-a-ser-necessaria-mesmo-apos-tomar-vacina-contra-a-covid-19,0,Polígrafo - SAPO,poligrafo.sapo.pt,2021-02-18 15:00:17,True,original
Falta ao trabalho para tomar vacina contra a Covid-19 é justificada e não implica perda de salário?,Falta ao trabalho para tomar vacina contra a Covid-19 é justificada e não implica perda de salário?,,https://poligrafo.sapo.pt/fact-check/falta-ao-trabalho-para-tomar-vacina-contra-a-covid-19-e-justificada-e-nao-implica-perda-de-salario,0,Polígrafo - SAPO,poligrafo.sapo.pt,2021-08-02 10:20:06,True,original
Fotografias de suposta reabilitação de escadas no Castelo de Ourém são autênticas?,Fotografias de suposta reabilitação de escadas no Castelo de Ourém são autênticas?,,https://poligrafo.sapo.pt/fact-check/fotografias-de-suposta-reabilitacao-de-escadas-no-castelo-de-ourem-sao-autenticas,0,Polígrafo - SAPO,poligrafo.sapo.pt,2021-08-11 08:00:44,True,original
"Há um ""consenso"" no Parlamento Europeu para não eleger deputados da extrema-direita como vice-presidentes?","Há um ""consenso"" no Parlamento Europeu para não eleger deputados da extrema-direita como vice-presidentes?",,https://poligrafo.sapo.pt/fact-check/ha-um-consenso-no-parlamento-europeu-para-nao-eleger-deputados-da-extrema-direita-como-vice-presidentes,0,Polígrafo - SAPO,poligrafo.sapo.pt,2022-02-08 08:48:00,True,original
Dirigentes do Chega partilham nas redes sociais teorias da conspiração sobre Covid-19?,Dirigentes do Chega partilham nas redes sociais teorias da conspiração sobre Covid-19?,,https://poligrafo.sapo.pt/fact-check/dirigentes-do-chega-partilham-nas-redes-sociais-teorias-da-conspiracao-sobre-covid-19,0,Polígrafo - SAPO,poligrafo.sapo.pt,2020-08-31 08:00:36,True,original
PCP propôs Plano Nacional para a Prevenção Estrutural dos Efeitos da Seca mas foi chumbado no Parlamento?,PCP propôs Plano Nacional para a Prevenção Estrutural dos Efeitos da Seca mas foi chumbado no Parlamento?,,https://poligrafo.sapo.pt/fact-check/pcp-propos-plano-nacional-para-a-prevencao-estrutural-dos-efeitos-da-seca-mas-foi-chumbado-no-parlamento,0,Polígrafo - SAPO,poligrafo.sapo.pt,2022-02-18 19:00:00,True,original
"Costa responde a Ventura: ""Portugal é o quarto país mais seguro do mundo"". Verdade ou mentira?","Costa responde a Ventura: ""Portugal é o quarto país mais seguro do mundo"". Verdade ou mentira?",,https://poligrafo.sapo.pt/fact-check/costa-responde-a-ventura-portugal-e-o-quarto-pais-mais-seguro-do-mundo-verdade-ou-mentira,0,Polígrafo - SAPO,poligrafo.sapo.pt,2021-07-22 08:00:50,True,original
"Adão e Silva escreveu no Twitter que ""não gostava de viver num país sem taxistas e sem touradas""?","Adão e Silva escreveu no Twitter que ""não gostava de viver num país sem taxistas e sem touradas""?",,https://poligrafo.sapo.pt/fact-check/adao-e-silva-escreveu-no-twitter-que-nao-gostava-de-viver-num-pais-sem-taxistas-e-sem-touradas,0,Polígrafo - SAPO,poligrafo.sapo.pt,2022-03-29 18:00:00,True,original
"PCP propôs excluir ""empresas ligadas a 'offshores'"" dos apoios públicos da pandemia mas a proposta foi chum...","PCP propôs excluir ""empresas ligadas a 'offshores'"" dos apoios públicos da pandemia mas a proposta foi chumbada?",,https://poligrafo.sapo.pt/fact-check/pcp-propos-excluir-empresas-ligadas-a-offshores-dos-apoios-publicos-da-pandemia-mas-a-proposta-foi-chumbada,0,Polígrafo - SAPO,poligrafo.sapo.pt,2020-06-16 15:00:04,False,original
Covid-19. Apenas 5% dos internados em UCI tinham a vacinação completa?,Covid-19. Apenas 5% dos internados em UCI tinham a vacinação completa?,,https://poligrafo.sapo.pt/fact-check/covid-19-apenas-5-dos-internados-em-uci-tinham-a-vacinacao-completa,0,Polígrafo - SAPO,poligrafo.sapo.pt,2021-07-31 14:00:20,True,original
"Santana no 1º Congresso do Aliança: ""Governo PS gasta menos do que Passos Coelho na Saúde"". Verdadeiro ou f...","Santana no 1º Congresso do Aliança: ""Governo PS gasta menos do que Passos Coelho na Saúde"". Verdadeiro ou falso? (COM VÍDEO)",Santana Lopes,https://poligrafo.sapo.pt/fact-check/santana-no-1o-congresso-do-alianca-governo-ps-gasta-menos-do-que-passos-coelho-na-saude-verdadeiro-ou-falso,0,Polígrafo - SAPO,poligrafo.sapo.pt,2019-02-10 09:21:44,False,original
"Catarina Martins na RTP: ""O Governo optou por não executar 7 mil milhões de euros"" do OE2020. Confirma-se?","Catarina Martins na RTP: ""O Governo optou por não executar 7 mil milhões de euros"" do OE2020. Confirma-se?",,https://poligrafo.sapo.pt/fact-check/catarina-martins-diz-que-o-governo-optou-por-nao-executar-7-mil-milhoes-de-euros-do-oe2020-confirma-se,0,Polígrafo - SAPO,poligrafo.sapo.pt,2021-04-02 08:00:46,True,original
"Em Nova Iorque estão a abrir-se ""valas comuns"" para enterrar os mortos por coronavírus?","Em Nova Iorque estão a abrir-se ""valas comuns"" para enterrar os mortos por coronavírus?",,https://poligrafo.sapo.pt/fact-check/em-nova-iorque-estao-a-abrir-se-valas-comuns-para-enterrar-os-mortos-por-coronavirus,0,Polígrafo - SAPO,poligrafo.sapo.pt,2020-04-13 11:52:35,True,original
"Importação de gás natural da Rússia para Portugal ""mais do que quintuplicou"" em 2020?","Importação de gás natural da Rússia para Portugal ""mais do que quintuplicou"" em 2020?",,https://poligrafo.sapo.pt/fact-check/importacao-de-gas-natural-da-russia-para-portugal-mais-do-que-quintuplicou-em-2020,0,Polígrafo - SAPO,poligrafo.sapo.pt,2022-03-17 19:00:00,True,original
Há 40 anos o PSD chumbou a lei que criou o SNS. Verdadeiro ou falso? (COM VÍDEO),Há 40 anos o PSD chumbou a lei que criou o SNS. Verdadeiro ou falso? (COM VÍDEO),,https://poligrafo.sapo.pt/fact-check/ha-40-anos-o-psd-chumbou-a-lei-que-criou-o-sns-verdadeiro-ou-falso,0,Polígrafo - SAPO,poligrafo.sapo.pt,2019-02-01 12:25:53,True,original
Imagens de comboio da linha de Sintra sobrelotado são autênticas? (COM VÍDEO),Imagens de comboio da linha de Sintra sobrelotado são autênticas? (COM VÍDEO),,https://poligrafo.sapo.pt/fact-check/imagens-de-comboio-da-linha-de-sintra-sobrelotado-sao-autenticas,0,Polígrafo - SAPO,poligrafo.sapo.pt,2020-12-22 09:00:26,True,original
Portugal é o país da União Europeia com mais população sem ensino secundário?,Portugal é o país da União Europeia com mais população sem ensino secundário?,,https://poligrafo.sapo.pt/fact-check/portugal-e-o-pais-da-uniao-europeia-com-mais-populacao-sem-ensino-secundario,0,Polígrafo - SAPO,poligrafo.sapo.pt,2021-06-18 10:00:57,True,original
Music-Check. “The Dark Side of The Moon” é o disco que mais tempo permaneceu na tabela Billboard?,Music-Check. “The Dark Side of The Moon” é o disco que mais tempo permaneceu na tabela Billboard?,,https://poligrafo.sapo.pt/fact-check/music-check-the-dark-side-of-the-moon-e-o-disco-que-mais-tempo-permaneceu-na-tabela-billboard,0,Polígrafo - SAPO,poligrafo.sapo.pt,2019-12-21 13:30:25,True,original
Assunção Esteves reformou-se aos 42 anos com pensão superior a 7 mil euros por 10 anos de serviço?,Assunção Esteves reformou-se aos 42 anos com pensão superior a 7 mil euros por 10 anos de serviço?,,https://poligrafo.sapo.pt/fact-check/ass,0,Polígrafo - SAPO,poligrafo.sapo.pt,2019-11-08 12:26:23,True,original
"Imagens de ""órfãos voluntários"" para trabalhar em minas na Coreia do Norte são autênticas?","Imagens de ""órfãos voluntários"" para trabalhar em minas na Coreia do Norte são autênticas?",,https://poligrafo.sapo.pt/fact-check/imagens-de-orfaos-voluntarios-para-trabalhar-em-minas-na-coreia-do-norte-sao-autenticas,0,Polígrafo - SAPO,poligrafo.sapo.pt,2021-06-05 18:00:03,True,original
Terceira mais alta da União Europeia. Carga fiscal sobre a eletricidade em Portugal ronda os 46%?,Terceira mais alta da União Europeia. Carga fiscal sobre a eletricidade em Portugal ronda os 46%?,,https://poligrafo.sapo.pt/fact-check/terceira-mais-alta-da-uniao-europeia-carga-fiscal-sobre-a-eletricidade-em-portugal-ronda-os-46,0,Polígrafo - SAPO,poligrafo.sapo.pt,2022-04-27 11:00:00,True,original
"Mais de 10 mil professores ""abandonaram a profissão"" em 10 anos?","Mais de 10 mil professores ""abandonaram a profissão"" em 10 anos?",,https://poligrafo.sapo.pt/fact-check/mais-de-10-mil-professores-abandonaram-a-profissao-em-10-anos,0,Polígrafo - SAPO,poligrafo.sapo.pt,2022-03-13 15:00:00,True,original
Paulo Rangel votou contra casamento entre pessoas do mesmo sexo?,Paulo Rangel votou contra casamento entre pessoas do mesmo sexo?,,https://poligrafo.sapo.pt/fact-check/paulo-rangel-votou-contra-casamento-entre-pessoas-do-mesmo-sexo,0,Polígrafo - SAPO,poligrafo.sapo.pt,2021-11-01 11:00:27,True,original
Imagem viral de prateleiras com garrafas de água à venda em loja Worten é autêntica?,Imagem viral de prateleiras com garrafas de água à venda em loja Worten é autêntica?,,https://poligrafo.sapo.pt/fact-check/imagem-viral-de-prateleiras-com-garrafas-de-agua-a-venda-em-loja-worten-e-autentica,0,Polígrafo - SAPO,poligrafo.sapo.pt,2021-02-23 18:00:28,True,original
Portugal caiu para o fundo da tabela de produção industrial da Europa no primeiro trimestre de 2019?,Portugal caiu para o fundo da tabela de produção industrial da Europa no primeiro trimestre de 2019?,,https://poligrafo.sapo.pt/fact-check/portugal-caiu-para-o-fundo-da-tabela-de-producao-industrial-na-europa-no-primeiro-trimestre-de-2019,0,Polígrafo - SAPO,poligrafo.sapo.pt,2019-04-15 15:00:18,True,original
"Music-Check. Santigold chamava-se, originalmente, Santogold?","Music-Check. Santigold chamava-se, originalmente, Santogold?",,https://poligrafo.sapo.pt/fact-check/santigold-chamava-se-originalmente-santogold,0,Polígrafo - SAPO,poligrafo.sapo.pt,2020-06-20 13:00:50,True,original
"Debates TV: Mayan acusa PCP de votar pela manutenção de ""benefícios fiscais dos partidos"". Confirma-se?","Debates TV: Mayan acusa PCP de votar pela manutenção de ""benefícios fiscais dos partidos"". Confirma-se?",,https://poligrafo.sapo.pt/fact-check/debates-tv-mayan-acusa-pcp-de-votar-pela-manutencao-de-beneficios-fiscais-dos-partidos-confirma-se,0,Polígrafo - SAPO,poligrafo.sapo.pt,2021-01-07 10:00:59,True,original
Music-Check. Tony Iommi - guitarrista dos Black Sabbath - usa próteses nos dedos médio e anelar da mão dire...,Music-Check. Tony Iommi - guitarrista dos Black Sabbath - usa próteses nos dedos médio e anelar da mão direita?,,https://poligrafo.sapo.pt/fact-check/music-check-tony-iommi-guitarrista-dos-black-sabbath-usa-proteses-nos-dedos-medio-e-anelar-da-mao-direita,0,Polígrafo - SAPO,poligrafo.sapo.pt,2019-12-14 14:00:25,False,original
"TAP Air Portugal estreou ""louça da Vista Alegre na classe executiva"" depois da intervenção do Estado? (COM ...","TAP Air Portugal estreou ""louça da Vista Alegre na classe executiva"" depois da intervenção do Estado? (COM VÍDEO)",,https://poligrafo.sapo.pt/fact-check/tap-air-portugal-estreou-louca-da-vista-alegre-na-classe-executiva-depois-da-intervencao-do-estado,0,Polígrafo - SAPO,poligrafo.sapo.pt,2021-04-28 09:00:26,False,original
Via Verde não tem a possibilidade de mudar pilhas de identificadores e por isso os utilizadores têm de comp...,Via Verde não tem a possibilidade de mudar pilhas de identificadores e por isso os utilizadores têm de comprar ou alugar equipamentos novos quando estes deixam de funcionar? (Atualização),,https://poligrafo.sapo.pt/fact-check/via-verde-impede-mudanca-de-pilha-de-identificador-e-obriga-a-comprar-ou-alugar-equipamento-novo,0,Polígrafo - SAPO,poligrafo.sapo.pt,2021-10-18 08:00:52,False,original
"Bolsonaro ""vai obrigar"" os reclusos no Brasil a trabalhar para ""pagarem as despesas da prisão""?","Bolsonaro ""vai obrigar"" os reclusos no Brasil a trabalhar para ""pagarem as despesas da prisão""?",,https://poligrafo.sapo.pt/fact-check/bolsonaro-vai-obrigar-os-presos-a-trabalhar-para-pagar-despesas-da-prisao,0,Polígrafo - SAPO,poligrafo.sapo.pt,2020-02-14 13:30:41,True,original
"Armando Vara e Duarte Lima ""continuam a receber subvenção mensal vitalícia apesar de estarem presos""?","Armando Vara e Duarte Lima ""continuam a receber subvenção mensal vitalícia apesar de estarem presos""?",,https://poligrafo.sapo.pt/fact-check/armando-vara-e-duarte-lima-continuam-a-receber-subvencao-mensal-vitalicia-apesar-de-estarem-presos,0,Polígrafo - SAPO,poligrafo.sapo.pt,2019-12-25 09:30:29,True,original
Câmara de Mação contratou artistas por 47 mil euros para festa que não se pode realizar? (COM VÍDEO),Câmara de Mação contratou artistas por 47 mil euros para festa que não se pode realizar? (COM VÍDEO),,https://poligrafo.sapo.pt/fact-check/camara-de-macao-contratou-artistas-por-47-mil-euros-para-festa-que-nao-se-pode-realizar,0,Polígrafo - SAPO,poligrafo.sapo.pt,2020-06-05 08:00:53,True,original
Militantes do PS estão a substituir independentes nos vereadores eleitos pela coligação Mais Lisboa?,Militantes do PS estão a substituir independentes nos vereadores eleitos pela coligação Mais Lisboa?,,https://poligrafo.sapo.pt/fact-check/militantes-do-ps-estao-a-substituir-independentes-nos-vereadores-eleitos-pela-coligacao-mais-lisboa,0,Polígrafo - SAPO,poligrafo.sapo.pt,2021-10-17 15:42:12,True,original
André Ventura violou a lei que proíbe propaganda política no “Dia de Reflexão”?,André Ventura violou a lei que proíbe propaganda política no “Dia de Reflexão”?,,https://poligrafo.sapo.pt/fact-check/andre-ventura-violou-a-lei-que-proibe-propaganda-politica-no-dia-de-reflexao,0,Polígrafo - SAPO,poligrafo.sapo.pt,2019-05-26 14:28:54,True,original
Tragédia de Borba: Estado prometeu dinheiro às autarquias e nunca cumpriu em 16 anos?,Tragédia de Borba: Estado prometeu dinheiro às autarquias e nunca cumpriu em 16 anos?,Santana Lopes,https://poligrafo.sapo.pt/fact-check/tragedia-de-borba-estado-prometeu-dinheiro-as-autarquias-e-nunca-cumpriu-em-16-anos,0,Polígrafo - SAPO,poligrafo.sapo.pt,2018-11-21 08:20:47,True,original
Mais de 206 mil portugueses estão inscritos nas listas de espera para cirurgias?,Mais de 206 mil portugueses estão inscritos nas listas de espera para cirurgias?,,https://poligrafo.sapo.pt/fact-check/mais-de-206-mil-portugueses-estao-inscritos-nas-listas-de-espera-para-cirurgias,0,Polígrafo - SAPO,poligrafo.sapo.pt,2022-02-10 08:50:00,True,original
Sousa Tavares na TVI: Armando Vara tentou passar crédito ruinoso do BCP para a CGD?,Sousa Tavares na TVI: Armando Vara tentou passar crédito ruinoso do BCP para a CGD?,Miguel Sousa Tavares,https://poligrafo.sapo.pt/fact-check/armando-vara-tentou-passar-credito-ruinoso-relativo-ao-autodromo-do-algarve-do-bcp-para-a-cgd,0,Polígrafo - SAPO,poligrafo.sapo.pt,2018-12-11 08:45:50,True,original
É possível testar negativo à Covid-19 num dia e provocar um surto no dia seguinte?,É possível testar negativo à Covid-19 num dia e provocar um surto no dia seguinte?,,https://poligrafo.sapo.pt/fact-check/e-possivel-testar-negativo-a-covid-19-num-dia-e-provocar-um-surto-no-dia-seguinte,0,Polígrafo - SAPO,poligrafo.sapo.pt,2020-09-09 15:30:56,True,original
Jorge Coelho na TVI24: “Parcerias Público-Privadas são uma coisa mínima no Serviço Nacional de Saúde”. São ...,Jorge Coelho na TVI24: “Parcerias Público-Privadas são uma coisa mínima no Serviço Nacional de Saúde”. São mesmo?,,https://poligrafo.sapo.pt/fact-check/jorge-coelho-na-tvi24-parcerias-publico-privadas-sao-uma-coisa-minima-no-servico-nacional-de-saude-sao-mesmo,0,Polígrafo - SAPO,poligrafo.sapo.pt,2019-06-20 10:25:04,False,original
WhatsApp-Check: as greves na saúde representam mais de 100 mil dias de trabalho perdidos anualmente?,WhatsApp-Check: as greves na saúde representam mais de 100 mil dias de trabalho perdidos anualmente?,,https://poligrafo.sapo.pt/fact-check/whatsapp-check-as-greves-na-saude-representam-mais-de-100-mil-dias-de-trabalho-perdidos-anualmente,0,Polígrafo - SAPO,poligrafo.sapo.pt,2019-03-27 21:04:11,True,original
Donald Trump divulgou taxa de aprovação do seu desempenho inflacionada em 12 por cento?,Donald Trump divulgou taxa de aprovação do seu desempenho inflacionada em 12 por cento?,,https://poligrafo.sapo.pt/fact-check/donald-trump-divulgou-taxa-de-aprovacao-do-seu-desempenho-inflacionada-em-12-por-cento,0,Polígrafo - SAPO,poligrafo.sapo.pt,2019-04-15 17:22:33,True,original
Número de funcionários públicos tem vindo a aumentar desde 2015?,Número de funcionários públicos tem vindo a aumentar desde 2015?,,https://poligrafo.sapo.pt/fact-check/numero-de-funcionarios-publicos-tem-vindo-a-aumentar-desde-2015,0,Polígrafo - SAPO,poligrafo.sapo.pt,2021-02-19 18:00:59,True,original
PS votou em 2017 a favor da contagem integral do tempo de serviço dos professores?,PS votou em 2017 a favor da contagem integral do tempo de serviço dos professores?,,https://poligrafo.sapo.pt/fact-check/ps-votou-em-2017-a-favor-da-contagem-integral-do-tempo-de-servico-dos-professores,0,Polígrafo - SAPO,poligrafo.sapo.pt,2019-05-04 08:00:50,True,original
"Assunção Cristas acusa Governo de ter ""a pior execução"" de sempre dos fundos europeus. Verdade ou falsidade?","Assunção Cristas acusa Governo de ter ""a pior execução"" de sempre dos fundos europeus. Verdade ou falsidade?",Assunção Cristas,https://poligrafo.sapo.pt/fact-check/assuncao-cristas-acusa-governo-de-ter-a-pior-execucao-dos-fundos-europeus-verdade-ou-falsidade,0,Polígrafo - SAPO,poligrafo.sapo.pt,2019-04-15 11:45:42,True,original
O virologista Pedro Simas defende que cumprir regras de distanciamento social é fundamental para evitar con...,O virologista Pedro Simas defende que cumprir regras de distanciamento social é fundamental para evitar confinamento?,,https://poligrafo.sapo.pt/fact-check/o-virologista-pedro-simas-defende-que-cumprir-regras-de-distanciamento-social-e-fundamental-para-evitar-confinamento,0,Polígrafo - SAPO,poligrafo.sapo.pt,2020-08-19 18:00:44,False,original
António Costa vai lançar obra apresentada há 28 anos quando se candidatou a Loures?,António Costa vai lançar obra apresentada há 28 anos quando se candidatou a Loures?,,https://poligrafo.sapo.pt/fact-check/antonio-costa-vai-lancar-obra-apresentada-ha-28-anos-quando-se-candidatou-a-loures,0,Polígrafo - SAPO,poligrafo.sapo.pt,2021-07-04 15:53:36,True,original
Publicação da PSP com mensagem de incentivo à intervenção policial em curso na Catalunha é autêntica?,Publicação da PSP com mensagem de incentivo à intervenção policial em curso na Catalunha é autêntica?,,https://poligrafo.sapo.pt/fact-check/publicacao-da-psp-com-mensagem-de-incentivo-a-intervencao-policial-em-curso-na-catalunha-e-autentica,0,Polígrafo - SAPO,poligrafo.sapo.pt,2019-10-21 12:25:53,True,original
"André Ventura: ""Pagamos a quinta gasolina mais cara da Europa"". Verdadeiro ou falso?","André Ventura: ""Pagamos a quinta gasolina mais cara da Europa"". Verdadeiro ou falso?",,https://poligrafo.sapo.pt/fact-check/andre-ventura-pagamos-a-quinta-gasolina-mais-cara-da-europa-verdadeiro-ou-falso,0,Polígrafo - SAPO,poligrafo.sapo.pt,2022-01-18 15:00:00,True,original
"Cotrim de Figueiredo: ""A receita de IRS do ano passado foi 1.200 milhões superior à de 2019"". Confirma-se?","Cotrim de Figueiredo: ""A receita de IRS do ano passado foi 1.200 milhões superior à de 2019"". Confirma-se?",,https://poligrafo.sapo.pt/fact-check/cotrim-de-figueiredo-a-receita-de-irs-do-ano-passado-foi-1-200-milhoes-superior-a-de-2019-confirma-se,0,Polígrafo - SAPO,poligrafo.sapo.pt,2022-01-15 11:40:00,True,original
"WhatsApp-Check: Governo proibiu carecas, desdentados, baixinhos e tatuados de concorrer a guardas florestais?","WhatsApp-Check: Governo proibiu carecas, desdentados, baixinhos e tatuados de concorrer a guardas florestais?",,https://poligrafo.sapo.pt/fact-check/whatsapp-check-governo-proibiu-carecas-desdentados-baixinhos-e-tatuados-de-concorrer-a-guardas-florestais,0,Polígrafo - SAPO,poligrafo.sapo.pt,2019-04-19 18:41:05,True,original
Países representados na final da Liga dos Campeões são menos de metade desde há 50 anos?,Países representados na final da Liga dos Campeões são menos de metade desde há 50 anos?,,https://poligrafo.sapo.pt/fact-check/paises-representados-na-final-da-liga-dos-campeoes-sao-menos-de-metade-desde-ha-50-anos,0,Polígrafo - SAPO,poligrafo.sapo.pt,2021-04-25 11:00:57,True,original
"Bloquistas de Cascais querem distinguir valor ""humano e universal"" de Freitas do Amaral com a atribuição do...","Bloquistas de Cascais querem distinguir valor ""humano e universal"" de Freitas do Amaral com a atribuição do seu nome a ruas do concelho?",,https://poligrafo.sapo.pt/fact-check/bloquistas-de-cascais-querem-distinguir-valor-humano-e-universal-de-freitas-do-amaral-com-a-atribuicao-do-seu-nome-a-ruas-do-concelho,0,Polígrafo - SAPO,poligrafo.sapo.pt,2019-12-02 09:00:57,False,original
"Ventura diz que moção do PAN propõe que ""até os animais tenham que ser vegetarianos"". É verdade?","Ventura diz que moção do PAN propõe que ""até os animais tenham que ser vegetarianos"". É verdade?",,https://poligrafo.sapo.pt/fact-check/ventura-diz-que-mocao-do-pan-propoe-que-ate-os-animais-tenham-que-ser-vegetarianos-e-verdade,0,Polígrafo - SAPO,poligrafo.sapo.pt,2022-01-15 11:00:00,True,original
"Portugal tem dois milhões de pobres e quatro milhões a caminho da pobreza"". Confirma-se?","Portugal tem dois milhões de pobres e quatro milhões a caminho da pobreza"". Confirma-se?",,https://poligrafo.sapo.pt/fact-check/portugal-tem-dois-milhoes-de-pobres-e-quatro-milhoes-a-caminho-da-pobreza-confirma-se,0,Polígrafo - SAPO,poligrafo.sapo.pt,2022-04-15 10:00:00,True,original
"Estão a ser remetidas mensagens fraudulentas em nome da EDP para cobrança de ""valores em dívida""?","Estão a ser remetidas mensagens fraudulentas em nome da EDP para cobrança de ""valores em dívida""?",,https://poligrafo.sapo.pt/fact-check/estao-a-ser-remetidas-mensagens-fraudulentas-em-nome-da-edp-para-cobranca-de-valores-em-divida,0,Polígrafo - SAPO,poligrafo.sapo.pt,2021-08-25 16:00:32,True,original
"Coimbra, Viseu e Aveiro foram os concelhos com maior aumento do número de infetados entre 3 e 4 de maio?","Coimbra, Viseu e Aveiro foram os concelhos com maior aumento do número de infetados entre 3 e 4 de maio?",,https://poligrafo.sapo.pt/fact-check/coimbra-viseu-e-aveiro-foram-os-concelhos-com-maior-aumento-do-numero-de-infetados-entre-3-e-4-de-maio,0,Polígrafo - SAPO,poligrafo.sapo.pt,2020-05-25 16:36:42,True,original
Vacina contra subtipo de cancro da mama revelou-se eficaz em 100% dos testes? (COM VÍDEO),Vacina contra subtipo de cancro da mama revelou-se eficaz em 100% dos testes? (COM VÍDEO),,https://poligrafo.sapo.pt/fact-check/vacina-contra-subtipo-de-cancro-da-mama-revelou-se-eficaz-em-100-dos-testes,0,Polígrafo - SAPO,poligrafo.sapo.pt,2020-12-02 09:00:18,True,original
Desde 2003 que não são comprados novos comboios em Portugal?,Desde 2003 que não são comprados novos comboios em Portugal?,,https://poligrafo.sapo.pt/fact-check/desde-2003-que-nao-sao-comprados-novos-comboios-em-portugal,0,Polígrafo - SAPO,poligrafo.sapo.pt,2020-02-29 09:00:46,True,original
"Atleta paraolímpico português mais medalhado de sempre disse que ""não tem dinheiro para pagar a renda""?","Atleta paraolímpico português mais medalhado de sempre disse que ""não tem dinheiro para pagar a renda""?",,https://poligrafo.sapo.pt/fact-check/atleta-paraolimpico-portugues-mais-medalhado-de-sempre-disse-que-nao-tem-dinheiro-para-pagar-a-renda,0,Polígrafo - SAPO,poligrafo.sapo.pt,2020-02-29 12:00:24,True,original
"Cine-Check. O penteado da Princesa Leia, da “Guerra das Estrelas”, foi inspirado em mulheres da Revolução M...","Cine-Check. O penteado da Princesa Leia, da “Guerra das Estrelas”, foi inspirado em mulheres da Revolução Mexicana?",,https://poligrafo.sapo.pt/fact-check/cine-check-o-penteado-da-princesa-leia-da-guerra-das-estrelas-foi-inspirado-em-mulheres-da-revolucao-mexicana,0,Polígrafo - SAPO,poligrafo.sapo.pt,2022-01-23 16:00:00,False,original
"Chega defendeu ""internamento compulsivo em casos de infeção de Covid-19"" em 2020?","Chega defendeu ""internamento compulsivo em casos de infeção de Covid-19"" em 2020?",,https://poligrafo.sapo.pt/fact-check/chega-defendeu-internamento-compulsivo-em-casos-de-infecao-de-covid-19-em-2020,0,Polígrafo - SAPO,poligrafo.sapo.pt,2021-12-21 11:00:13,True,original
"Decreto presidencial utiliza o conceito de ""colaborador"" que é juridicamente incorreto?","Decreto presidencial utiliza o conceito de ""colaborador"" que é juridicamente incorreto?",,https://poligrafo.sapo.pt/fact-check/decreto-presidencial-utiliza-o-conceito-de-colaborador-que-e-juridicamente-incorreto,0,Polígrafo - SAPO,poligrafo.sapo.pt,2020-11-12 11:00:19,True,original
"Louçã diz que Centeno já indicou ""vários valores diferentes"" para os custos da contagem do tempo de serviço...","Louçã diz que Centeno já indicou ""vários valores diferentes"" para os custos da contagem do tempo de serviço dos professores. É verdade?",,https://poligrafo.sapo.pt/fact-check/louca-diz-que-centeno-ja-indicou-varios-valores-diferentes-para-os-custos-da-contagem-do-tempo-de-servico-dos-professores-e-verdade,0,Polígrafo - SAPO,poligrafo.sapo.pt,2019-05-04 11:00:24,False,original
"Rui Rio garante que ""nunca disse que queria cortar apoios sociais"". Verdade ou falsidade?","Rui Rio garante que ""nunca disse que queria cortar apoios sociais"". Verdade ou falsidade?",,https://poligrafo.sapo.pt/fact-check/rui-rio-garante-que-nunca-disse-que-queria-cortar-apoios-sociais-verdade-ou-falsidade,0,Polígrafo - SAPO,poligrafo.sapo.pt,2021-12-29 15:00:59,True,original
"Um terço dos beneficiários de RSI são menores e recebem, em média, 119 euros por mês?","Um terço dos beneficiários de RSI são menores e recebem, em média, 119 euros por mês?",,https://poligrafo.sapo.pt/fact-check/um-terco-dos-beneficiarios-de-rsi-sao-menores-e-recebem-em-media-119-euros-por-mes,0,Polígrafo - SAPO,poligrafo.sapo.pt,2021-01-31 17:54:13,True,original
China é responsável por 27% das emissões anuais de gases com efeito de estufa ao nível mundial?,China é responsável por 27% das emissões anuais de gases com efeito de estufa ao nível mundial?,,https://poligrafo.sapo.pt/fact-check/china-e-responsavel-por-27-das-emissoes-anuais-de-gases-com-efeito-de-estufa-ao-nivel-mundial,0,Polígrafo - SAPO,poligrafo.sapo.pt,2021-11-29 11:00:21,True,original
"Marcelo diz que exerceu ""direito de veto mais vezes do que a generalidade dos antecessores”. Confirma-se? (...","Marcelo diz que exerceu ""direito de veto mais vezes do que a generalidade dos antecessores”. Confirma-se? (COM VÍDEO)",,https://poligrafo.sapo.pt/fact-check/marcelo-diz-que-exerceu-direito-de-veto-mais-vezes-que-a-generalidade-dos-antecessores-confirma-se,0,Polígrafo - SAPO,poligrafo.sapo.pt,2020-12-24 10:00:40,False,original
Em 2018 ocorreram mais mortes maternas em hospitais privados do que públicos?,Em 2018 ocorreram mais mortes maternas em hospitais privados do que públicos?,,https://poligrafo.sapo.pt/fact-check/em-2018-ocorreram-mais-mortes-maternas-em-hospitais-privados-do-que-publicos,0,Polígrafo - SAPO,poligrafo.sapo.pt,2019-12-02 10:30:59,True,original
Carlos César tem razão: Governo PSD/CDS falhou sempre metas orçamentais,Carlos César tem razão: Governo PSD/CDS falhou sempre metas orçamentais,Carlos César,https://poligrafo.sapo.pt/fact-check/carlos-cesar-tem-razao-governo-psdcds-falhou-sempre-metas-orcamentais,0,Polígrafo - SAPO,poligrafo.sapo.pt,2018-10-24 18:39:28,True,original
"Portugal é o país da União Europeia com ""mais emigrantes espalhados pelo mundo""?","Portugal é o país da União Europeia com ""mais emigrantes espalhados pelo mundo""?",,https://poligrafo.sapo.pt/fact-check/portugal-e-o-pais-da-uniao-europeia-com-mais-emigrantes-espalhados-pelo-mundo,0,Polígrafo - SAPO,poligrafo.sapo.pt,2022-02-18 09:00:00,True,original
"Documento fundador do CDS expressava abertura ""aos democratas do centro-esquerda""?","Documento fundador do CDS expressava abertura ""aos democratas do centro-esquerda""?",,https://poligrafo.sapo.pt/fact-check/documento-fundador-do-cds-expressava-abertura-aos-democratas-do-centro-esquerda,0,Polígrafo - SAPO,poligrafo.sapo.pt,2019-08-23 10:30:19,True,original
"Mais 300 milhões previstos no OE2022 para bancos falidos"". Confirma-se?","Mais 300 milhões previstos no OE2022 para bancos falidos"". Confirma-se?",,https://poligrafo.sapo.pt/fact-check/mais-300-milhoes-previstos-no-oe2022-para-bancos-falidos-confirma-se,0,Polígrafo - SAPO,poligrafo.sapo.pt,2022-04-28 14:00:00,True,original
Portugal é a seleção com mais presenças em meias-finais do Euro desde 2000?,Portugal é a seleção com mais presenças em meias-finais do Euro desde 2000?,,https://poligrafo.sapo.pt/fact-check/portugal-e-a-selecao-com-mais-presencas-em-meias-finais-do-euro-desde-2000,0,Polígrafo - SAPO,poligrafo.sapo.pt,2021-06-19 12:00:48,True,original
João Galamba tem razão quando acusa Joaquim Sarmento de ter falhado nas previsões do défice de 2016?,João Galamba tem razão quando acusa Joaquim Sarmento de ter falhado nas previsões do défice de 2016?,,https://poligrafo.sapo.pt/fact-check/joao-galamba-tem-razao-quando-acusa-joaquim-sarmento-de-ter-falhado-nas-previsoes-do-defice-de-2016,0,Polígrafo - SAPO,poligrafo.sapo.pt,2019-10-02 15:09:29,True,original
Colónia de gatos sinalizada por placa no Porto está legalizada e os animais são propriedade da autarquia?,Colónia de gatos sinalizada por placa no Porto está legalizada e os animais são propriedade da autarquia?,,https://poligrafo.sapo.pt/fact-check/colonia-de-gatos-sinalizada-por-placa-no-porto-esta-legalizada-e-os-animais-sao-propriedade-da-autarquia,0,Polígrafo - SAPO,poligrafo.sapo.pt,2021-08-06 17:00:35,True,original
Estado fica com 60 euros de cada 100 euros gastos em combustível?,Estado fica com 60 euros de cada 100 euros gastos em combustível?,,https://poligrafo.sapo.pt/fact-check/estado-fica-com-60-euros-de-cada-100-euros-gastos-em-combustivel,0,Polígrafo - SAPO,poligrafo.sapo.pt,2021-03-14 09:00:29,True,original
Carga fiscal média sobre o trabalho tem vindo a aumentar desde o Governo de Sócrates?,Carga fiscal média sobre o trabalho tem vindo a aumentar desde o Governo de Sócrates?,,https://poligrafo.sapo.pt/fact-check/carga-fiscal-media-sobre-o-trabalho-tem-vindo-a-aumentar-desde-o-governo-de-socrates,0,Polígrafo - SAPO,poligrafo.sapo.pt,2021-05-13 14:00:05,True,original
O advogado de Joe Berardo era administrador do BCP e membro da respetiva Comissão de Avaliação de Risco?,O advogado de Joe Berardo era administrador do BCP e membro da respetiva Comissão de Avaliação de Risco?,,https://poligrafo.sapo.pt/fact-check/o-advogado-de-joe-berardo-era-administrador-do-bcp-e-membro-da-respetiva-comissao-de-avaliacao-de-risco,0,Polígrafo - SAPO,poligrafo.sapo.pt,2019-05-13 15:22:24,True,original
O PCP obriga os seus deputados a doarem parte do respetivo salário ao partido? (COM VÍDEO),O PCP obriga os seus deputados a doarem parte do respetivo salário ao partido? (COM VÍDEO),,https://poligrafo.sapo.pt/fact-check/o-pcp-obriga-os-seus-deputados-a-doarem-parte-do-respetivo-salario-ao-partido,0,Polígrafo - SAPO,poligrafo.sapo.pt,2019-08-14 14:34:19,True,original
Joe Berardo deixou dívida de 280 milhões à Caixa Geral de Depósitos e a todos os portugueses? (COM VÍDEO),Joe Berardo deixou dívida de 280 milhões à Caixa Geral de Depósitos e a todos os portugueses? (COM VÍDEO),,https://poligrafo.sapo.pt/fact-check/joe-berardo-deixou-divida-de-280-milhoes-a-caixa-geral-de-depositos-e-a-todos-os-portugueses,0,Polígrafo - SAPO,poligrafo.sapo.pt,2019-02-07 09:16:45,True,original
"Proibido alimentar os animais, punível com coima"". Imagem deste cartaz em Cascais é autêntica? (COM VÍDEO)","Proibido alimentar os animais, punível com coima"". Imagem deste cartaz em Cascais é autêntica? (COM VÍDEO)",,https://poligrafo.sapo.pt/fact-check/proibido-alimentar-os-animais-punivel-com-coima-imagem-deste-cartaz-em-cascais-e-autentica,0,Polígrafo - SAPO,poligrafo.sapo.pt,2021-01-29 11:00:16,True,original
"Paga 'tuga'"". Estado vai ""encaixar 11,5 milhões por dia"" com aumento dos combustíveis?","Paga 'tuga'"". Estado vai ""encaixar 11,5 milhões por dia"" com aumento dos combustíveis?",,https://poligrafo.sapo.pt/fact-check/paga-tuga-estado-vai-encaixar-115-milhoes-por-dia-com-aumento-dos-combustiveis,0,Polígrafo - SAPO,poligrafo.sapo.pt,2022-03-07 09:00:00,True,original
Hospitais do SNS receberam luvas usadas e danificadas provenientes da China?,Hospitais do SNS receberam luvas usadas e danificadas provenientes da China?,,https://poligrafo.sapo.pt/fact-check/hospitais-do-sns-receberam-luvas-usadas-e-danificadas-provenientes-da-china,0,Polígrafo - SAPO,poligrafo.sapo.pt,2021-01-15 17:00:23,True,original
Covid-19. Vídeo de idosa brasileira a ser falsamente vacinada sem líquido injetado é autêntico?,Covid-19. Vídeo de idosa brasileira a ser falsamente vacinada sem líquido injetado é autêntico?,,https://poligrafo.sapo.pt/fact-check/covid-19-video-de-idosa-brasileira-a-ser-falsamente-vacinada-sem-liquido-injetado-e-autentico,0,Polígrafo - SAPO,poligrafo.sapo.pt,2021-02-13 18:00:09,True,original
"Corrupção no Governo é classificada como um ""grande problema"" por 88% dos portugueses?","Corrupção no Governo é classificada como um ""grande problema"" por 88% dos portugueses?",,https://poligrafo.sapo.pt/fact-check/corrupcao-no-governo-e-classificada-como-um-grande-problema-por-88-dos-portugueses,0,Polígrafo - SAPO,poligrafo.sapo.pt,2021-07-12 10:40:15,True,original
"Cerca de ""90% dos alunos portugueses continuam sem receber os computadores prometidos""?","Cerca de ""90% dos alunos portugueses continuam sem receber os computadores prometidos""?",,https://poligrafo.sapo.pt/fact-check/cerca-de-90-dos-alunos-portugueses-continuam-sem-receber-os-computadores-prometidos,0,Polígrafo - SAPO,poligrafo.sapo.pt,2021-02-11 14:35:40,True,original
GNR não interveio em confrontos e atropelamento em Reguengos de Monsaraz?,GNR não interveio em confrontos e atropelamento em Reguengos de Monsaraz?,,https://poligrafo.sapo.pt/fact-check/gnr-nao-interveio-em-confrontos-e-atropelamento-em-reguengos-de-monsaraz,0,Polígrafo - SAPO,poligrafo.sapo.pt,2021-07-17 17:00:52,True,original
Ventura prometeu que se demitiria da liderança do Chega se ficasse atrás de Gomes nas presidenciais?,Ventura prometeu que se demitiria da liderança do Chega se ficasse atrás de Gomes nas presidenciais?,,https://poligrafo.sapo.pt/fact-check/ventura-prometeu-que-se-demitiria-da-lideranca-do-chega-se-ficasse-atras-de-gomes-nas-presidenciais,0,Polígrafo - SAPO,poligrafo.sapo.pt,2021-01-25 11:00:41,True,original
"Rui Rio diz que Portugal foi ultrapassado no PIB ""per capita"" pela Estónia e Lituânia. Tem razão?","Rui Rio diz que Portugal foi ultrapassado no PIB ""per capita"" pela Estónia e Lituânia. Tem razão?",,https://poligrafo.sapo.pt/fact-check/rui-rio-diz-que-portugal-foi-ultrapassado-no-pib-per-capita-pela-estonia-e-lituania-tem-razao,0,Polígrafo - SAPO,poligrafo.sapo.pt,2021-10-27 08:00:53,True,original
"Donald Trump publicou vídeo da ""dança dos caixões"" com o nome de Joe Biden inscrito na urna funerária?","Donald Trump publicou vídeo da ""dança dos caixões"" com o nome de Joe Biden inscrito na urna funerária?",,https://poligrafo.sapo.pt/fact-check/donald-trump-publicou-video-da-danca-dos-caixoes-com-o-nome-de-joe-biden-inscrito-na-urna-funeraria,0,Polígrafo - SAPO,poligrafo.sapo.pt,2020-06-05 14:00:19,True,original
"Governo de Costa não cumpriu promessa de que todos os portugueses teriam médico de família, como diz Rio?","Governo de Costa não cumpriu promessa de que todos os portugueses teriam médico de família, como diz Rio?",,https://poligrafo.sapo.pt/fact-check/governo-de-costa-nao-cumpriu-promessa-de-que-todos-os-portugueses-teriam-medico-de-familia-como-diz-rio,0,Polígrafo - SAPO,poligrafo.sapo.pt,2022-01-13 21:32:46,True,original
"Empresa de Luís Filipe Vieira ""deixa calote de 54 milhões de euros no Novo Banco""?","Empresa de Luís Filipe Vieira ""deixa calote de 54 milhões de euros no Novo Banco""?",,https://poligrafo.sapo.pt/fact-check/empresa-de-luis-filipe-vieira-deixa-calote-de-54-milhoes-de-euros-no-novo-banco,0,Polígrafo - SAPO,poligrafo.sapo.pt,2019-08-07 12:40:20,True,original
"Music-Check. Sim, Madonna era baterista antes de atingir o estrelato",Madonna era baterista antes de atingir o estrelato,,https://poligrafo.sapo.pt/fact-check/music-check-madonna-era-baterista-antes-de-atingir-o-estrelato,0,Polígrafo - SAPO,poligrafo.sapo.pt,2020-10-03 13:00:21,False,original
Câmara do Montijo gastou mais de 8.000 euros em bilhetes para corrida de touros?,Câmara do Montijo gastou mais de 8.000 euros em bilhetes para corrida de touros?,,https://poligrafo.sapo.pt/fact-check/camara-do-montijo-gastou-mais-de-8-000-euros-em-bilhetes-para-corrida-de-touros,0,Polígrafo - SAPO,poligrafo.sapo.pt,2021-09-29 13:18:35,True,original
Comissária foi apanhada a tricotar durante sessão plenária no Parlamento Europeu?,Comissária foi apanhada a tricotar durante sessão plenária no Parlamento Europeu?,,https://poligrafo.sapo.pt/fact-check/comissaria-foi-apanhada-a-tricotar-durante-sessao-plenaria-no-parlamento-europeu,0,Polígrafo - SAPO,poligrafo.sapo.pt,2021-10-31 18:00:13,True,original
"Bolsonaro destaca que consola de videojogos ""fica mais barato no Brasil após redução de impostos""? (COM VÍDEO)","Bolsonaro destaca que consola de videojogos ""fica mais barato no Brasil após redução de impostos""? (COM VÍDEO)",,https://poligrafo.sapo.pt/fact-check/bolsonaro-destaca-que-consola-de-videojogos-fica-mais-barato-no-brasil-apos-reducao-de-impostos,0,Polígrafo - SAPO,poligrafo.sapo.pt,2019-08-27 13:10:26,True,original
Portugal voltou a ultrapassar o limiar de 1.000 internados com Covid-19? (COM VÍDEO),Portugal voltou a ultrapassar o limiar de 1.000 internados com Covid-19? (COM VÍDEO),,https://poligrafo.sapo.pt/fact-check/portugal-voltou-a-ultrapassar-o-limiar-de-1-000-internados-com-covid-19,0,Polígrafo - SAPO,poligrafo.sapo.pt,2020-10-21 10:00:37,True,original
Juiz anti-máscaras desafia diretor nacional da PSP para luta de artes marciais mistas?,Juiz anti-máscaras desafia diretor nacional da PSP para luta de artes marciais mistas?,,https://poligrafo.sapo.pt/fact-check/juiz-anti-mascaras-desafia-diretor-nacional-da-psp-para-luta-de-artes-marciais-mistas,0,Polígrafo - SAPO,poligrafo.sapo.pt,2021-03-29 10:10:04,True,original
"Mais de 48% dos portugueses são contra um novo aeroporto em Lisboa, como indica a líder do PAN?","Mais de 48% dos portugueses são contra um novo aeroporto em Lisboa, como indica a líder do PAN?",,https://poligrafo.sapo.pt/fact-check/mais-de-48-dos-portugueses-sao-contra-um-novo-aeroporto-em-lisboa-como-indica-a-lider-do-pan,0,Polígrafo - SAPO,poligrafo.sapo.pt,2022-01-09 10:00:00,True,original
"Polígrafo SIC: James Corden foi ""apanhado"" a enganar os espectadores?","Polígrafo SIC: James Corden foi ""apanhado"" a enganar os espectadores?",,https://poligrafo.sapo.pt/fact-check/poligrafo-sic-james-corden-foi-apanhado-a-enganar-os-espectadores,0,Polígrafo - SAPO,poligrafo.sapo.pt,2020-02-11 14:30:40,True,original
Ana Gomes pediu desculpa por comentário jocoso sobre aspecto de militante da Juventude Popular?,Ana Gomes pediu desculpa por comentário jocoso sobre aspecto de militante da Juventude Popular?,,https://poligrafo.sapo.pt/fact-check/ana-gomes-pediu-desculpa-por-comentario-jocoso-sobre-aspecto-de-militante-da-juventude-popular,0,Polígrafo - SAPO,poligrafo.sapo.pt,2021-02-18 19:17:57,True,original
Vítor Constâncio recebe pensões do BdP e do BCE com valor total de 27 mil euros por mês? (COM VÍDEO),Vítor Constâncio recebe pensões do BdP e do BCE com valor total de 27 mil euros por mês? (COM VÍDEO),,https://poligrafo.sapo.pt/fact-check/vitor-constancio-recebe-pensoes-do-bdp-e-do-bce-com-valor-total-de-27-mil-euros-por-mes,0,Polígrafo - SAPO,poligrafo.sapo.pt,2020-09-09 08:00:52,True,original
Governo vai instalar novos radares para apanhar infratores nas estradas nacionais?,Governo vai instalar novos radares para apanhar infratores nas estradas nacionais?,,https://poligrafo.sapo.pt/fact-check/governo-vai-instalar-novos-radares-para-apanhar-infratores-nas-estradas-nacionais,0,Polígrafo - SAPO,poligrafo.sapo.pt,2020-08-26 14:35:30,True,original
Número de emigrantes temporários e permanentes aumentou pela primeira vez desde 2014?,Número de emigrantes temporários e permanentes aumentou pela primeira vez desde 2014?,,https://poligrafo.sapo.pt/fact-check/numero-de-emigrantes-temporarios-e-permanentes-aumentou-pela-primeira-vez-desde-2014,0,Polígrafo - SAPO,poligrafo.sapo.pt,2019-06-18 08:00:38,True,original
"Rui Rio diz que Portugal tem ""a terceira maior dívida da Europa e uma das maiores do mundo"". Confirma-se? (...","Rui Rio diz que Portugal tem ""a terceira maior dívida da Europa e uma das maiores do mundo"". Confirma-se? (COM VÍDEO)",Rui Rio,https://poligrafo.sapo.pt/fact-check/rui-rio-diz-que-portugal-tem-a-terceira-maior-divida-da-europa-e-uma-das-maiores-do-mundo-confirma-se,0,Polígrafo - SAPO,poligrafo.sapo.pt,2019-09-16 09:46:53,False,original
Rui Rio confundiu pontos percentuais com percentagens no Twitter?,Rui Rio confundiu pontos percentuais com percentagens no Twitter?,,https://poligrafo.sapo.pt/fact-check/rui-rio-confundiu-pontos-percentuais-com-percentagens,0,Polígrafo - SAPO,poligrafo.sapo.pt,2020-01-16 17:22:33,True,original
Políticos e outros titulares de cargos públicos desempenham ao mesmo tempo funções em clubes de futebol da ...,Políticos e outros titulares de cargos públicos desempenham ao mesmo tempo funções em clubes de futebol da 1ª Liga?,,https://poligrafo.sapo.pt/fact-check/politicos-e-outros-titulares-de-cargos-publicos-desempenham-ao-mesmo-tempo-funcoes-em-clubes-de-futebol-da-1a-liga,0,Polígrafo - SAPO,poligrafo.sapo.pt,2020-09-21 18:15:22,False,original
WhatsApp-Check: Governo já fez mais de três mil nomeações?,WhatsApp-Check: Governo já fez mais de três mil nomeações?,,https://poligrafo.sapo.pt/fact-check/whatsapp-check-governo-ja-fez-mais-de-tres-mil-nomeacoes,0,Polígrafo - SAPO,poligrafo.sapo.pt,2019-04-28 08:22:37,True,original
"Somos rurais mas não ignorantes"". Azambuja proíbe contratação de artistas anti-touradas? (COM VÍDEO)","Somos rurais mas não ignorantes"". Azambuja proíbe contratação de artistas anti-touradas? (COM VÍDEO)",,https://poligrafo.sapo.pt/fact-check/somos-rurais-mas-nao-ignorantes-azambuja-proibe-contratacao-de-artistas-anti-touradas,0,Polígrafo - SAPO,poligrafo.sapo.pt,2021-06-04 14:00:16,True,original
A Constituição Portuguesa não permite a castração física para condenados por pedofilia?,A Constituição Portuguesa não permite a castração física para condenados por pedofilia?,,https://poligrafo.sapo.pt/fact-check/a-constituicao-portuguesa-nao-permite-a-castracao-fisica-para-condenados-por-pedofilia,0,Polígrafo - SAPO,poligrafo.sapo.pt,2020-09-27 08:00:33,True,original
"A socialista Ana Gomes escreveu no Twitter que o juiz Rui Rangel ""é um corrupto"" que ""há muito devia estar ...","A socialista Ana Gomes escreveu no Twitter que o juiz Rui Rangel ""é um corrupto"" que ""há muito devia estar preso""?",,https://poligrafo.sapo.pt/fact-check/kljlkjl,0,Polígrafo - SAPO,poligrafo.sapo.pt,2019-09-11 19:04:59,False,original
Cristiano Ronaldo pode mesmo perder as condecorações da República?,Cristiano Ronaldo pode mesmo perder as condecorações da República?,,https://poligrafo.sapo.pt/fact-check/ronaldo-pode-mesmo-perder-as-condecoracoes-da-republica,0,Polígrafo - SAPO,poligrafo.sapo.pt,2019-01-25 13:38:55,True,original
"António Costa garantiu que Novo Banco não receberia mais dinheiro do Estado ""até haver resultados da audito...","António Costa garantiu que Novo Banco não receberia mais dinheiro do Estado ""até haver resultados da auditoria""?",,https://poligrafo.sapo.pt/fact-check/antonio-costa-garantiu-que-novo-banco-nao-receberia-mais-dinheiro-do-estado-ate-haver-resultados-da-auditoria,0,Polígrafo - SAPO,poligrafo.sapo.pt,2020-05-09 15:29:35,False,original
Vídeo de manifestantes em Arroios a insultar polícias é autêntico?,Vídeo de manifestantes em Arroios a insultar polícias é autêntico?,,https://poligrafo.sapo.pt/fact-check/video-de-manifestantes-em-arroios-a-insultar-policias-e-autentico,0,Polígrafo - SAPO,poligrafo.sapo.pt,2020-06-19 14:30:35,True,original
É verdade que o Estado Português tem pagamentos em atraso aos bombeiros?,É verdade que o Estado Português tem pagamentos em atraso aos bombeiros?,,https://poligrafo.sapo.pt/fact-check/e-verdade-que-o-estado-portugues-tem-pagamentos-em-atraso-aos-bombeiros,0,Polígrafo - SAPO,poligrafo.sapo.pt,2019-10-25 13:42:48,True,original
Music-Check. “Born in the USA” foi o primeiro CD feito nos EUA?,Music-Check. “Born in the USA” foi o primeiro CD feito nos EUA?,,https://poligrafo.sapo.pt/fact-check/music-check-born-in-the-usa-foi-o-primeiro-cd-feito-nos-eua,0,Polígrafo - SAPO,poligrafo.sapo.pt,2020-02-29 15:00:58,True,original
Empresa de transporte de mercadorias enviou quatro camiões com ajuda humanitária para a Ucrânia?,Empresa de transporte de mercadorias enviou quatro camiões com ajuda humanitária para a Ucrânia?,,https://poligrafo.sapo.pt/fact-check/empresa-de-transporte-de-mercadorias-enviou-quatro-camioes-com-ajuda-humanitaria-para-a-ucrania,0,Polígrafo - SAPO,poligrafo.sapo.pt,2022-03-04 09:00:00,True,original
Sousa Tavares na TVI: Lisboa perdeu 260 mil habitantes em 31 anos. Verdadeiro ou falso?,Sousa Tavares na TVI: Lisboa perdeu 260 mil habitantes em 31 anos. Verdadeiro ou falso?,,https://poligrafo.sapo.pt/fact-check/a-populacao-de-lisboa-decresceu-de-800-mil-habitantes-em-1980-para-540-mil-em-2011,0,Polígrafo - SAPO,poligrafo.sapo.pt,2019-01-15 08:42:00,True,original
É cobrada taxa de 50 cêntimos para utilizar sanitários da estação de São Bento no Porto?,É cobrada taxa de 50 cêntimos para utilizar sanitários da estação de São Bento no Porto?,,https://poligrafo.sapo.pt/fact-check/e-cobrada-taxa-de-50-centimos-para-utilizar-sanitarios-da-estacao-de-sao-bento-no-porto,0,Polígrafo - SAPO,poligrafo.sapo.pt,2022-03-10 17:00:00,True,original
"Novo Banco obteve lucros de 200 milhões de euros em 2021 mas ""vai pedir mais dinheiro ao Estado""?","Novo Banco obteve lucros de 200 milhões de euros em 2021 mas ""vai pedir mais dinheiro ao Estado""?",,https://poligrafo.sapo.pt/fact-check/novo-banco-obteve-lucros-de-200-milhoes-de-euros-em-2021-mas-vai-pedir-mais-dinheiro-ao-estado,0,Polígrafo - SAPO,poligrafo.sapo.pt,2022-03-09 09:00:00,True,original
"Conferência em Lisboa: António Costa foi tratado por ""Doutor"" e Ursula von der Leyen apenas pelo nome?","Conferência em Lisboa: António Costa foi tratado por ""Doutor"" e Ursula von der Leyen apenas pelo nome?",,https://poligrafo.sapo.pt/fact-check/conferencia-em-lisboa-antonio-costa-foi-tratado-por-doutor-e-ursula-von-der-leyen-apenas-pelo-nome,0,Polígrafo - SAPO,poligrafo.sapo.pt,2020-10-01 15:34:14,True,original
"Apenas 3,8% dos beneficiários de RSI são de etnia cigana? (COM VÍDEO)","Apenas 3,8% dos beneficiários de RSI são de etnia cigana? (COM VÍDEO)",,https://poligrafo.sapo.pt/fact-check/apenas-38-dos-beneficiarios-de-rsi-sao-de-etnia-cigana,0,Polígrafo - SAPO,poligrafo.sapo.pt,2019-10-10 10:22:06,True,original
"Carlos César prometeu em 2015 ""ressarcir lesados do BES"" se o PS vencesse as eleições?","Carlos César prometeu em 2015 ""ressarcir lesados do BES"" se o PS vencesse as eleições?",,https://poligrafo.sapo.pt/fact-check/carlos-cesar-prometeu-em-2015-ressarcir-lesados-do-bes-se-o-ps-vencesse-as-eleicoes,0,Polígrafo - SAPO,poligrafo.sapo.pt,2020-12-02 10:25:05,True,original
Imagem viral de escadaria da barragem de Varosa é autêntica? (COM VÍDEO),Imagem viral de escadaria da barragem de Varosa é autêntica? (COM VÍDEO),,https://poligrafo.sapo.pt/fact-check/imagem-viral-de-escadaria-da-barragem-de-varosa-e-autentica,0,Polígrafo - SAPO,poligrafo.sapo.pt,2020-08-10 08:00:21,True,original
"Salário do governador do Banco de Portugal equivale a ""27 vezes o valor do salário mínimo""?","Salário do governador do Banco de Portugal equivale a ""27 vezes o valor do salário mínimo""?",,https://poligrafo.sapo.pt/fact-check/salario-do-governador-do-banco-de-portugal-equivale-a-27-vezes-o-valor-do-salario-minimo,0,Polígrafo - SAPO,poligrafo.sapo.pt,2021-02-27 11:00:43,True,original
"Dívida externa líquida de Portugal diminuiu em 2021 para ""o valor mais baixo desde 2009""?","Dívida externa líquida de Portugal diminuiu em 2021 para ""o valor mais baixo desde 2009""?",,https://poligrafo.sapo.pt/fact-check/divida-externa-liquida-de-portugal-diminuiu-em-2021-para-o-valor-mais-baixo-desde-2009,0,Polígrafo - SAPO,poligrafo.sapo.pt,2022-03-07 19:00:00,True,original
Atletas norueguesas de andebol foram punidas com multa depois de recusarem usar biquíni?,Atletas norueguesas de andebol foram punidas com multa depois de recusarem usar biquíni?,,https://poligrafo.sapo.pt/fact-check/atletas-norueguesas-de-andebol-foram-punidas-com-multa-depois-de-recusarem-usar-biquini,0,Polígrafo - SAPO,poligrafo.sapo.pt,2021-07-20 16:00:25,True,original
"Rio já foi contra e a favor da regionalização, como lembra Rodrigues dos Santos?","Rio já foi contra e a favor da regionalização, como lembra Rodrigues dos Santos?",,https://poligrafo.sapo.pt/fact-check/rio-ja-foi-contra-e-a-favor-da-regionalizacao-como-lembra-rodrigues-dos-santos,0,Polígrafo - SAPO,poligrafo.sapo.pt,2022-01-08 14:05:00,True,original
"Imagem viral de lista de prémios de 1,17 milhões de euros a 180 funcionários da TAP é autêntica?","Imagem viral de lista de prémios de 1,17 milhões de euros a 180 funcionários da TAP é autêntica?",,https://poligrafo.sapo.pt/fact-check/imagem-viral-de-lista-de-premios-de-117-milhoes-de-euros-a-180-funcionarios-da-tap-e-autentica,0,Polígrafo - SAPO,poligrafo.sapo.pt,2020-06-29 18:00:32,True,original
"Assunção Cristas na TVI: ""Mário Centeno devolve através do IRS e retira através de impostos indiretos."" Ver...","Assunção Cristas na TVI: ""Mário Centeno devolve através do IRS e retira através de impostos indiretos."" Verdade?",Assunção Cristas,https://poligrafo.sapo.pt/fact-check/assuncao-cristas-na-tvi-mario-centeno-devolve-atraves-do-irs-e-retira-atraves-de-impostos-indiretos-verdade,0,Polígrafo - SAPO,poligrafo.sapo.pt,2019-09-14 09:27:23,False,original
"O endividamento da economia portuguesa ""interrompeu queda e agravou-se para 356,8% do PIB""?","O endividamento da economia portuguesa ""interrompeu queda e agravou-se para 356,8% do PIB""?",,https://poligrafo.sapo.pt/fact-check/o-endividamento-da-economia-portuguesa-interrompeu-queda-e-agravou-se-para-3568-do-pib,0,Polígrafo - SAPO,poligrafo.sapo.pt,2019-05-24 07:30:49,True,original
"Filha de Francisco Louçã já tem emprego na política e ""é paga pelos contribuintes""?","Filha de Francisco Louçã já tem emprego na política e ""é paga pelos contribuintes""?",,https://poligrafo.sapo.pt/fact-check/filha-de-francisco-louca-ja-tem-emprego-na-politica-e-e-paga-pelos-contribuintes,0,Polígrafo - SAPO,poligrafo.sapo.pt,2019-08-08 00:36:49,True,original
Presidente do Novo Banco recebe mais de 10 mil euros por mês?,Presidente do Novo Banco recebe mais de 10 mil euros por mês?,,https://poligrafo.sapo.pt/fact-check/presidente-do-novo-banco-recebe-mais-de-10-mil-euros-por-mes,0,Polígrafo - SAPO,poligrafo.sapo.pt,2020-09-18 18:40:59,True,original
"Crente ""Pastafariano"" português queria tirar Cartão de Cidadão com escorredor na cabeça?","Crente ""Pastafariano"" português queria tirar Cartão de Cidadão com escorredor na cabeça?",,https://poligrafo.sapo.pt/fact-check/crente-pastafariano-portugues-queria-tirar-cartao-de-cidadao-com-escorredor-na-cabeca,0,Polígrafo - SAPO,poligrafo.sapo.pt,2020-11-24 11:00:26,True,original
Music-Check. Mick Jagger e Keith Richards conhecem-se desde crianças?,Music-Check. Mick Jagger e Keith Richards conhecem-se desde crianças?,,https://poligrafo.sapo.pt/fact-check/music-check-mick-jagger-e-keith-richards-conhecem-se-desde-criancas,0,Polígrafo - SAPO,poligrafo.sapo.pt,2020-10-24 16:35:53,True,original
Vencedora da Liga de Surf recebeu metade do valor do prémio masculino?,Vencedora da Liga de Surf recebeu metade do valor do prémio masculino?,,https://poligrafo.sapo.pt/fact-check/vencedora-da-liga-de-surf-recebeu-metade-do-valor-do-premio-masculino,0,Polígrafo - SAPO,poligrafo.sapo.pt,2021-04-30 17:00:36,True,original
"António Costa garantiu em 2017 que a venda do Novo Banco ""não acarreta encargos para os contribuintes""?","António Costa garantiu em 2017 que a venda do Novo Banco ""não acarreta encargos para os contribuintes""?",,https://poligrafo.sapo.pt/fact-check/antonio-costa-garantiu-em-2017-que-a-venda-do-novo-banco-nao-acarreta-encargos-para-os-contribuintes,0,Polígrafo - SAPO,poligrafo.sapo.pt,2020-08-01 13:30:44,True,original
Salário base de 2.700 euros custa à empresa 3.368 euros mas trabalhador leva para casa apenas 1.700 euros?,Salário base de 2.700 euros custa à empresa 3.368 euros mas trabalhador leva para casa apenas 1.700 euros?,,https://poligrafo.sapo.pt/fact-check/salario-base-de-2-700-euros-custa-a-empresa-3-368-euros-mas-trabalhador-leva-para-casa-apenas-1-700-euros,0,Polígrafo - SAPO,poligrafo.sapo.pt,2022-02-10 11:00:00,True,original
Governo do Brasil avança com corte de mais de 90% dos recursos do Ministério da Ciência?,Governo do Brasil avança com corte de mais de 90% dos recursos do Ministério da Ciência?,,https://poligrafo.sapo.pt/fact-check/governo-do-brasil-avanca-com-corte-de-mais-de-90-dos-recursos-do-ministerio-da-ciencia,0,Polígrafo - SAPO,poligrafo.sapo.pt,2021-10-12 11:00:29,True,original
"Catarina Martins diz que 98% das verbas para cuidadores informais ""ficaram na gaveta"". É verdade?","Catarina Martins diz que 98% das verbas para cuidadores informais ""ficaram na gaveta"". É verdade?",,https://poligrafo.sapo.pt/fact-check/catarina-martins-diz-que-98-das-verbas-para-cuidadores-informais-ficaram-na-gaveta-e-verdade,0,Polígrafo - SAPO,poligrafo.sapo.pt,2022-01-25 11:00:00,True,original
Ciclistas que utilizem telemóvel enquanto circulam na estrada arriscam coima até 625 euros? (COM VÍDEO),Ciclistas que utilizem telemóvel enquanto circulam na estrada arriscam coima até 625 euros? (COM VÍDEO),,https://poligrafo.sapo.pt/fact-check/ciclistas-que-utilizem-telemovel-enquanto-circulam-na-estrada-arriscam-coima-ate-625-euros,0,Polígrafo - SAPO,poligrafo.sapo.pt,2021-05-31 14:00:39,True,original
"Estado pagou mais de 200 milhões de euros por projeto de ""comboio TGV"" que não chegou a avançar?","Estado pagou mais de 200 milhões de euros por projeto de ""comboio TGV"" que não chegou a avançar?",,https://poligrafo.sapo.pt/fact-check/estado-pagou-mais-de-200-milhoes-de-euros-por-projeto-de-comboio-tgv-que-nao-chegou-a-avancar,0,Polígrafo - SAPO,poligrafo.sapo.pt,2020-01-01 13:48:17,True,original
Poluição ambiental custa 62 mil milhões de euros anuais aos países da UE?,Poluição ambiental custa 62 mil milhões de euros anuais aos países da UE?,,https://poligrafo.sapo.pt/fact-check/poluicao-ambiental-custa-62-mil-milhoes-de-euros-anuais-aos-paises-da-ue,0,Polígrafo - SAPO,poligrafo.sapo.pt,2019-04-28 17:38:50,True,original
"Marques Mendes diz que ""há pessoas que ficam à espera um ano ou mais até que lhes seja atribuída a reforma""...","Marques Mendes diz que ""há pessoas que ficam à espera um ano ou mais até que lhes seja atribuída a reforma"". É verdade? (COM VÍDEO)",,https://poligrafo.sapo.pt/fact-check/marques-mendes-diz-que-ha-pessoas-que-ficam-a-espera-um-ano-ou-mais-ate-que-lhes-seja-atribuida-a-reforma-e-verdade,0,Polígrafo - SAPO,poligrafo.sapo.pt,2019-04-29 07:45:20,False,original
Câmara de Setúbal comprou 1.700 garrafas de vinho moscatel em período de pandemia?,Câmara de Setúbal comprou 1.700 garrafas de vinho moscatel em período de pandemia?,,https://poligrafo.sapo.pt/fact-check/camara-de-setubal-comprou-1-700-garrafas-de-vinho-moscatel-em-periodo-de-pandemia,0,Polígrafo - SAPO,poligrafo.sapo.pt,2021-03-13 11:54:49,True,original
Debates TV: Marisa Matias relativiza sondagens e diz que em 2016 também a subestimaram. Confirma-se?,Debates TV: Marisa Matias relativiza sondagens e diz que em 2016 também a subestimaram. Confirma-se?,,https://poligrafo.sapo.pt/fact-check/debates-tv-marisa-matias-relativiza-sondagens-e-diz-que-em-2016-tambem-a-subestimaram-confirma-se,0,Polígrafo - SAPO,poligrafo.sapo.pt,2021-01-05 09:00:59,True,original
Imagem de Zelensky a distribuir leite da marca portuguesa Mimosa em Bucha é real?,Imagem de Zelensky a distribuir leite da marca portuguesa Mimosa em Bucha é real?,,https://poligrafo.sapo.pt/fact-check/imagem-de-zelensky-a-distribuir-leite-da-marca-portuguesa-mimosa-em-bucha-e-real,0,Polígrafo - SAPO,poligrafo.sapo.pt,2022-04-05 08:00:00,True,original
"25% do espaço do quarteirão da antiga Portugália, em Lisboa, ""será afetado a uso turístico""?","25% do espaço do quarteirão da antiga Portugália, em Lisboa, ""será afetado a uso turístico""?",,https://poligrafo.sapo.pt/fact-check/25-do-espaco-do-quarteirao-da-antiga-portugalia-em-lisboa-sera-afetado-a-uso-turistico,0,Polígrafo - SAPO,poligrafo.sapo.pt,2021-04-29 17:00:10,True,original
"Impostos sobre o álcool, tabaco, refrigerantes e veículos vão subir em 2022?","Impostos sobre o álcool, tabaco, refrigerantes e veículos vão subir em 2022?",,https://poligrafo.sapo.pt/fact-check/impostos-sobre-o-alcool-tabaco-refrigerantes-e-veiculos-vao-subir-em-2022,0,Polígrafo - SAPO,poligrafo.sapo.pt,2021-10-13 17:00:25,True,original
"Debates TV: Tiago Mayan diz que ""gastámos 21 mil milhões na banca desde 2008"". Confirma-se?","Debates TV: Tiago Mayan diz que ""gastámos 21 mil milhões na banca desde 2008"". Confirma-se?",,https://poligrafo.sapo.pt/fact-check/tiago-mayan-diz-que-gastamos-21-mil-milhoes-na-banca-desde-2008-confirma-se,0,Polígrafo - SAPO,poligrafo.sapo.pt,2021-01-04 09:00:40,True,original
Combate à inflação. Polónia reduziu substancialmente o IVA de vários bens essenciais?,Combate à inflação. Polónia reduziu substancialmente o IVA de vários bens essenciais?,,https://poligrafo.sapo.pt/fact-check/combate-a-inflacao-polonia-reduziu-substancialmente-o-iva-de-varios-bens-essenciais,0,Polígrafo - SAPO,poligrafo.sapo.pt,2022-04-01 18:00:00,True,original
Enfermeiro em isolamento por Covid-19 recebeu pouco mais de 60 euros de ordenado ao final do mês?,Enfermeiro em isolamento por Covid-19 recebeu pouco mais de 60 euros de ordenado ao final do mês?,,https://poligrafo.sapo.pt/fact-check/enfermeiro-em-isolamento-por-covid-19-recebeu-menos-de-60-euros-de-ordenado,0,Polígrafo - SAPO,poligrafo.sapo.pt,2020-05-23 08:30:50,True,original
Imagens de descargas de águas residuais para o mar na praia da Parede são autênticas?,Imagens de descargas de águas residuais para o mar na praia da Parede são autênticas?,,https://poligrafo.sapo.pt/fact-check/imagens-de-descargas-de-aguas-residuais-para-o-mar-na-praia-da-parede-sao-autenticas,0,Polígrafo - SAPO,poligrafo.sapo.pt,2020-08-23 08:30:23,True,original
WHATSAPP-CHECK: Homens portugueses são quase todos descendentes de russos?,WHATSAPP-CHECK: Homens portugueses são quase todos descendentes de russos?,,https://poligrafo.sapo.pt/fact-check/whatsapp-check-homens-portugueses-sao-quase-todos-descendentes-de-russos,0,Polígrafo - SAPO,poligrafo.sapo.pt,2019-03-17 16:40:16,True,original
Funeral do trabalhador atropelado por viatura do MAI não teve representação do Governo?,Funeral do trabalhador atropelado por viatura do MAI não teve representação do Governo?,,https://poligrafo.sapo.pt/fact-check/funeral-do-trabalhador-atropelado-por-viatura-do-mai-nao-teve-representacao-do-governo,0,Polígrafo - SAPO,poligrafo.sapo.pt,2021-06-25 10:00:17,True,original
Estudantes da Universidade Estatal de Moscovo assinaram manifesto contra a guerra na Ucrânia?,Estudantes da Universidade Estatal de Moscovo assinaram manifesto contra a guerra na Ucrânia?,,https://poligrafo.sapo.pt/fact-check/estudantes-da-universidade-estatal-de-moscovo-assinaram-manifesto-contra-a-guerra-na-ucrania,0,Polígrafo - SAPO,poligrafo.sapo.pt,2022-04-05 11:00:00,True,original
O coração da mulher é mais pequeno do que o do homem e por isso o batimento cardíaco feminino é mais rápido...,O coração da mulher é mais pequeno do que o do homem e por isso o batimento cardíaco feminino é mais rápido? (COM VÍDEO),,https://poligrafo.sapo.pt/fact-check/o-coracao-da-mulher-e-mais-pequeno-do-que-o-do-homem-e-por-isso-o-batimento-cardiaco-feminino-e-mais-rapido,0,Polígrafo - SAPO,poligrafo.sapo.pt,2020-11-27 11:00:02,False,original
Catarina Martins na AR: [ao contrário do Governo] “A ONU não tomará posição sobre a Venezuela.” Verdadeiro ...,Catarina Martins na AR: [ao contrário do Governo] “A ONU não tomará posição sobre a Venezuela.” Verdadeiro ou falso?,Catarina Martins,https://poligrafo.sapo.pt/fact-check/catarina-martins-na-ar-ao-contrario-do-governo-a-onu-nao-tomara-posicao-sobre-a-venezuela-verdadeiro-ou-falso,0,Polígrafo - SAPO,poligrafo.sapo.pt,2019-02-06 18:41:05,False,original
Câmara de Lisboa inaugurou o Parque Gonçalo Ribeiro Telles antes da conclusão das obras?,Câmara de Lisboa inaugurou o Parque Gonçalo Ribeiro Telles antes da conclusão das obras?,,https://poligrafo.sapo.pt/fact-check/camara-de-lisboa-inaugurou-o-parque-goncalo-ribeiro-telles-antes-da-conclusao-das-obras,0,Polígrafo - SAPO,poligrafo.sapo.pt,2021-06-21 10:00:10,True,original
Conduzir com uma mudança engatada gasta menos combustível do que em ponto morto?,Conduzir com uma mudança engatada gasta menos combustível do que em ponto morto?,,https://poligrafo.sapo.pt/fact-check/conduzir-com-uma-mudanca-engatada-gasta-menos-combustivel-do-que-em-ponto-morto,0,Polígrafo - SAPO,poligrafo.sapo.pt,2021-11-01 09:00:33,True,original
"Novo deputado do Chega defendia ""castigos corporais"" aos alunos na sala de aula?","Novo deputado do Chega defendia ""castigos corporais"" aos alunos na sala de aula?",,https://poligrafo.sapo.pt/fact-check/novo-deputado-do-chega-defendia-castigos-corporais-aos-alunos-na-sala-de-aula,0,Polígrafo - SAPO,poligrafo.sapo.pt,2022-02-02 09:00:00,True,original
É possível obter reembolso do AUTOvoucher comprando outros produtos em vez de combustíveis?,É possível obter reembolso do AUTOvoucher comprando outros produtos em vez de combustíveis?,,https://poligrafo.sapo.pt/fact-check/e-possivel-obter-reembolso-do-autovoucher-comprando-outros-produtos-em-vez-de-combustiveis,0,Polígrafo - SAPO,poligrafo.sapo.pt,2022-03-21 11:00:00,True,original
WHATSAPP-CHECK: Metade do rendimento bruto dos deputados está livre de impostos?,WHATSAPP-CHECK: Metade do rendimento bruto dos deputados está livre de impostos?,,https://poligrafo.sapo.pt/fact-check/metade-do-salario-bruto-dos-deputados-esta-livre-de-impostos,0,Polígrafo - SAPO,poligrafo.sapo.pt,2018-12-27 09:40:41,True,original
Ucranianos estão a retirar placas rodoviárias para desorientar os militares russos?,Ucranianos estão a retirar placas rodoviárias para desorientar os militares russos?,,https://poligrafo.sapo.pt/fact-check/ucranianos-estao-a-retirar-placas-rodoviarias-para-desorientar-os-militares-russos,0,Polígrafo - SAPO,poligrafo.sapo.pt,2022-02-27 18:45:00,True,original
Sócrates garantiu em 2009 que contribuintes não seriam prejudicados com custos da nacionalização do BPN?,Sócrates garantiu em 2009 que contribuintes não seriam prejudicados com custos da nacionalização do BPN?,,https://poligrafo.sapo.pt/fact-check/socrates-garantiu-em-2009-que-contribuintes-nao-seriam-prejudicados-com-custos-da-nacionalizacao-do-bpn,0,Polígrafo - SAPO,poligrafo.sapo.pt,2019-12-26 09:00:17,True,original
"Cientistas suíços contam ter ""vacina contra o coronavírus"" pronta em outubro?","Cientistas suíços contam ter ""vacina contra o coronavírus"" pronta em outubro?",,https://poligrafo.sapo.pt/fact-check/cientistas-suicos-contam-ter-vacina-contra-o-coronavirus-pronta-em-outubro,0,Polígrafo - SAPO,poligrafo.sapo.pt,2020-04-24 08:00:26,True,original
"Desperdício de embalagens de bebidas atinge ""volume equivalente a 250 torres de Belém"" por ano? (COM VÍDEO)","Desperdício de embalagens de bebidas atinge ""volume equivalente a 250 torres de Belém"" por ano? (COM VÍDEO)",,https://poligrafo.sapo.pt/fact-check/desperdicio-de-embalagens-de-bebidas-atinge-volume-equivalente-a-250-torres-de-belem-por-ano,0,Polígrafo - SAPO,poligrafo.sapo.pt,2021-08-02 08:00:53,True,original
"Até julho registaram-se ""menos 440 mil primeiras consultas de especialidades e menos 99 mil cirurgias"" no SNS?","Até julho registaram-se ""menos 440 mil primeiras consultas de especialidades e menos 99 mil cirurgias"" no SNS?",,https://poligrafo.sapo.pt/fact-check/ate-julho-registaram-se-menos-440-mil-primeiras-consultas-de-especialidades-e-menos-99-mil-cirurgias-no-sns,0,Polígrafo - SAPO,poligrafo.sapo.pt,2020-09-13 10:00:12,True,original
"Cerca de 36% dos trabalhadores domésticos ""ganha abaixo do salário mínimo nacional""?","Cerca de 36% dos trabalhadores domésticos ""ganha abaixo do salário mínimo nacional""?",,https://poligrafo.sapo.pt/fact-check/cerca-de-36-dos-trabalhadores-domesticos-ganha-abaixo-do-salario-minimo-nacional,0,Polígrafo - SAPO,poligrafo.sapo.pt,2021-06-28 14:00:55,True,original
Dirigente do Fundo de Resolução é sócia de firma de advogados que faz aconselhamento jurídico a bancos?,Dirigente do Fundo de Resolução é sócia de firma de advogados que faz aconselhamento jurídico a bancos?,,https://poligrafo.sapo.pt/fact-check/dirigente-do-fundo-de-resolucao-e-socia-de-firma-de-advogados-que-faz-aconselhamento-juridico-a-bancos,0,Polígrafo - SAPO,poligrafo.sapo.pt,2020-12-06 18:00:24,True,original
Governo quer combater a precariedade mas tem mais de 90 mil trabalhadores nessa situação?,Governo quer combater a precariedade mas tem mais de 90 mil trabalhadores nessa situação?,,https://poligrafo.sapo.pt/fact-check/governo-quer-combater-a-precariedade-mas-tem-mais-de-90-mil-trabalhadores-nessa-situacao,0,Polígrafo - SAPO,poligrafo.sapo.pt,2021-10-28 14:00:38,True,original
Candidato do Chega à Câmara de Oeiras foi eleito nas listas de Isaltino Morais em 2017?,Candidato do Chega à Câmara de Oeiras foi eleito nas listas de Isaltino Morais em 2017?,,https://poligrafo.sapo.pt/fact-check/candidato-do-chega-a-camara-de-oeiras-foi-eleito-nas-listas-de-isaltino-morais-em-2017,0,Polígrafo - SAPO,poligrafo.sapo.pt,2021-03-30 10:00:16,True,original
Governo só encomendou 258 mil dos novos computadores para os alunos no dia 31 de dezembro?,Governo só encomendou 258 mil dos novos computadores para os alunos no dia 31 de dezembro?,,https://poligrafo.sapo.pt/fact-check/governo-so-encomendou-258-mil-dos-novos-computadores-para-os-alunos-no-dia-31-de-dezembro,0,Polígrafo - SAPO,poligrafo.sapo.pt,2021-01-30 06:15:53,True,original
Autarquias locais gastam milhões de euros em iluminações de Natal?,Autarquias locais gastam milhões de euros em iluminações de Natal?,,https://poligrafo.sapo.pt/fact-check/21568,0,Polígrafo - SAPO,poligrafo.sapo.pt,2021-12-09 09:00:27,True,original
Estão a ser anunciados contentores para habitação em Lisboa por 600 euros de renda mensal?,Estão a ser anunciados contentores para habitação em Lisboa por 600 euros de renda mensal?,,https://poligrafo.sapo.pt/fact-check/estao-a-ser-anunciados-contentores-para-habitacao-em-lisboa-por-600-euros-de-renda-mensal,0,Polígrafo - SAPO,poligrafo.sapo.pt,2019-08-14 08:00:19,True,original
Aglomerados de pedras na Serra da Estrela põem em risco animais em vias de extinção?,Aglomerados de pedras na Serra da Estrela põem em risco animais em vias de extinção?,,https://poligrafo.sapo.pt/fact-check/aglomerados-de-pedras-na-serra-da-estrela-poem-em-risco-animais-em-vias-de-extincao,0,Polígrafo - SAPO,poligrafo.sapo.pt,2020-09-11 10:00:00,True,original
Vacinados com três doses que vivem com infetados podem ficar em isolamento?,Vacinados com três doses que vivem com infetados podem ficar em isolamento?,,https://poligrafo.sapo.pt/fact-check/vacinados-com-tres-doses-que-vivem-com-infetados-podem-ficar-em-isolamento,0,Polígrafo - SAPO,poligrafo.sapo.pt,2021-12-23 11:00:12,True,original
Salário mínimo tem-se aproximado do salário dos assistentes técnicos da Função Pública?,Salário mínimo tem-se aproximado do salário dos assistentes técnicos da Função Pública?,,https://poligrafo.sapo.pt/fact-check/salario-minimo-tem-se-aproximado-do-salario-dos-assistentes-tecnicos-da-funcao-publica,0,Polígrafo - SAPO,poligrafo.sapo.pt,2022-03-18 19:00:00,True,original
"Reitor do Santuário de Fátima ""não quer apresentar as contas aos fiéis""?","Reitor do Santuário de Fátima ""não quer apresentar as contas aos fiéis""?",,https://poligrafo.sapo.pt/fact-check/reitor-do-santuario-de-fatima-nao-quer-apresentar-as-contas-aos-fieis,0,Polígrafo - SAPO,poligrafo.sapo.pt,2019-12-04 15:00:15,True,original
Governo de Costa tem executado apenas uma parte do valor orçamentado em investimento no SNS?,Governo de Costa tem executado apenas uma parte do valor orçamentado em investimento no SNS?,,https://poligrafo.sapo.pt/fact-check/governo-de-costa-tem-executado-apenas-uma-parte-do-valor-orcamentado-em-investimento-no-sns,0,Polígrafo - SAPO,poligrafo.sapo.pt,2021-07-27 10:00:29,True,original
"Luís Filipe Vieira ""apertou o pescoço"" de um adepto do Benfica em plena Assembleia Geral?","Luís Filipe Vieira ""apertou o pescoço"" de um adepto do Benfica em plena Assembleia Geral?",,https://poligrafo.sapo.pt/fact-check/luis-filipe-vieira-apertou-o-pescoco-de-um-adepto-do-benfica-em-plena-assembleia-geral,0,Polígrafo - SAPO,poligrafo.sapo.pt,2019-09-28 20:43:55,True,original
"Uma dezena de países que integraram UE em 2004 ""estão a ultrapassar Portugal no PIB 'per capita'""?","Uma dezena de países que integraram UE em 2004 ""estão a ultrapassar Portugal no PIB 'per capita'""?",,https://poligrafo.sapo.pt/fact-check/uma-dezena-de-paises-que-integraram-ue-em-2004-estao-a-ultrapassar-portugal-no-pib-per-capita,0,Polígrafo - SAPO,poligrafo.sapo.pt,2022-02-11 11:00:00,True,original
Mariana Mortágua enganou-se na TVI ao defender a subida do IVA sobre o golfe?,Mariana Mortágua enganou-se na TVI ao defender a subida do IVA sobre o golfe?,,https://poligrafo.sapo.pt/fact-check/mariana-mortagua-enganou-se-na-tvi-ao-defender-a-subida-do-iva-sobre-o-golfe,0,Polígrafo - SAPO,poligrafo.sapo.pt,2019-09-27 18:26:58,True,original
Ex-juíza francesa anti-corrupção critica a justiça portuguesa por ter detido Rui Pinto?,Ex-juíza francesa anti-corrupção critica a justiça portuguesa por ter detido Rui Pinto?,,https://poligrafo.sapo.pt/fact-check/ex-juiza-francesa-anti-corrupcao-critica-a-justica-portuguesa-por-ter-detido-rui-pinto,0,Polígrafo - SAPO,poligrafo.sapo.pt,2019-11-21 02:30:53,True,original
"João Ferreira: ""Alguns militares recebem o salário mínimo nacional"". Confirma-se?","João Ferreira: ""Alguns militares recebem o salário mínimo nacional"". Confirma-se?",,https://poligrafo.sapo.pt/fact-check/joao-ferreira-alguns-militares-recebem-o-salario-minimo-nacional-confirma-se,0,Polígrafo - SAPO,poligrafo.sapo.pt,2021-01-19 15:11:34,True,original
Confirma-se que em Portugal 60% da eletricidade provém de energias renováveis?,Confirma-se que em Portugal 60% da eletricidade provém de energias renováveis?,,https://poligrafo.sapo.pt/fact-check/confirma-se-que-em-portugal-60-da-eletricidade-provem-de-energias-renovaveis,0,Polígrafo - SAPO,poligrafo.sapo.pt,2022-04-18 18:00:00,True,original
Viagem na TAP para a Madeira pode ser mais barata em classe executiva do que em económica?,Viagem na TAP para a Madeira pode ser mais barata em classe executiva do que em económica?,,https://poligrafo.sapo.pt/fact-check/viagem-na-tap-para-a-madeira-pode-ser-mais-barata-em-classe-executiva-do-que-em-economica,0,Polígrafo - SAPO,poligrafo.sapo.pt,2021-06-13 15:00:52,True,original
Imigrantes contribuem mais do que aquilo que recebem da Segurança Social?,Imigrantes contribuem mais do que aquilo que recebem da Segurança Social?,,https://poligrafo.sapo.pt/fact-check/imigrantes-contribuem-mais-do-que-aquilo-que-recebem-da-seguranca-social,0,Polígrafo - SAPO,poligrafo.sapo.pt,2022-02-21 09:00:00,True,original
Coimas por infrações cometidas na utilização de trotinetes podem ascender a 600 euros?,Coimas por infrações cometidas na utilização de trotinetes podem ascender a 600 euros?,,https://poligrafo.sapo.pt/fact-check/coimas-por-infracoes-cometidas-na-utilizacao-de-trotinetes-podem-ascender-a-600-euros,0,Polígrafo - SAPO,poligrafo.sapo.pt,2021-08-19 14:00:43,True,original
Ricardo Salgado não teve de comparecer em tribunal devido à sua idade de 76 anos?,Ricardo Salgado não teve de comparecer em tribunal devido à sua idade de 76 anos?,,https://poligrafo.sapo.pt/fact-check/ricardo-salgado-nao-teve-de-comparecer-em-tribunal-devido-a-sua-idade-de-76-anos,0,Polígrafo - SAPO,poligrafo.sapo.pt,2021-06-08 15:25:15,True,original
Uma das pessoas apanhadas no beija-cruz de Famalicão é enfermeira e foi despedida por isso?,Uma das pessoas apanhadas no beija-cruz de Famalicão é enfermeira e foi despedida por isso?,,https://poligrafo.sapo.pt/fact-check/uma-das-pessoas-apanhadas-no-beija-cruz-de-famalicao-e-enfermeira-e-foi-despedida-por-isso,0,Polígrafo - SAPO,poligrafo.sapo.pt,2020-04-16 08:00:12,True,original
Preço da gasolina subiu hoje pela 12ª semana consecutiva e já aumentou 14% desde o início do ano?,Preço da gasolina subiu hoje pela 12ª semana consecutiva e já aumentou 14% desde o início do ano?,,https://poligrafo.sapo.pt/fact-check/preco-da-gasolina-subiu-hoje-pela-12a-semana-consecutiva-e-ja-aumentou-14-desde-o-inicio-do-ano,0,Polígrafo - SAPO,poligrafo.sapo.pt,2019-04-29 13:30:35,True,original
Indivíduo foi multado por estar a comer gomas à porta de estabelecimento comercial? (COM VÍDEO),Indivíduo foi multado por estar a comer gomas à porta de estabelecimento comercial? (COM VÍDEO),,https://poligrafo.sapo.pt/fact-check/individuo-foi-multado-por-estar-a-comer-gomas-a-porta-de-estabelecimento-comercial,0,Polígrafo - SAPO,poligrafo.sapo.pt,2021-03-31 07:40:50,True,original
Nova dirigente do Chega plagiou discurso de 2019 proferido por líder da extrema-direita italiana?,Nova dirigente do Chega plagiou discurso de 2019 proferido por líder da extrema-direita italiana?,,https://poligrafo.sapo.pt/fact-check/nova-dirigente-do-chega-plagiou-discurso-de-2019-proferido-por-lider-da-extrema-direita-italiana,0,Polígrafo - SAPO,poligrafo.sapo.pt,2021-06-01 07:40:44,True,original
Costa afirma que tinha preparada remodelação apesar de ter negado essa hipótese várias vezes?,Costa afirma que tinha preparada remodelação apesar de ter negado essa hipótese várias vezes?,,https://poligrafo.sapo.pt/fact-check/costa-afirma-que-tinha-preparada-remodelacao-apesar-de-ter-negado-essa-hipotese-varias-vezes,0,Polígrafo - SAPO,poligrafo.sapo.pt,2021-12-04 19:21:19,True,original
Rui Nabeiro venceu o Prémio Carreira promovido pela ACEPI Navegantes XXI?,Rui Nabeiro venceu o Prémio Carreira promovido pela ACEPI Navegantes XXI?,,https://poligrafo.sapo.pt/fact-check/rui-nabeiro-venceu-o-premio-carreira-promovido-pela-acepi-navegantes-xxi,0,Polígrafo - SAPO,poligrafo.sapo.pt,2019-11-11 00:30:52,True,original
Music-Check. Os Bauhaus “apropriaram-se” de Telegram Sam dos T. Rex?,Music-Check. Os Bauhaus “apropriaram-se” de Telegram Sam dos T. Rex?,,https://poligrafo.sapo.pt/fact-check/music-check-os-bauhaus-apropriaram-se-de-telegram-sam-dos-t-rex,0,Polígrafo - SAPO,poligrafo.sapo.pt,2019-03-02 12:22:15,True,original
"Deputados únicos não podem apresentar moções de censura ao Governo, como diz Ventura?","Deputados únicos não podem apresentar moções de censura ao Governo, como diz Ventura?",,https://poligrafo.sapo.pt/fact-check/deputados-unicos-nao-podem-apresentar-mocoes-de-censura-ao-governo-como-diz-ventura,0,Polígrafo - SAPO,poligrafo.sapo.pt,2022-02-01 09:00:00,True,original
Bengala com fitas de cor vemelha sinaliza que pessoa tem dificuldades visuais e auditivas?,Bengala com fitas de cor vemelha sinaliza que pessoa tem dificuldades visuais e auditivas?,,https://poligrafo.sapo.pt/fact-check/bengala-com-fitas-de-cor-vemelha-sinaliza-que-pessoa-tem-dificuldades-visuais-e-auditivas,0,Polígrafo - SAPO,poligrafo.sapo.pt,2020-09-11 14:00:13,True,original
Ministro dos Negócios Estrangeiros fez conferência de imprensa com a bandeira virada ao contrário?,Ministro dos Negócios Estrangeiros fez conferência de imprensa com a bandeira virada ao contrário?,,https://poligrafo.sapo.pt/fact-check/ministro-dos-negocios-estrangeiros-fez-conferencia-de-imprensa-com-a-bandeira-virada-ao-contrario,0,Polígrafo - SAPO,poligrafo.sapo.pt,2021-03-27 12:00:39,True,original
Três pastores brasileiros “foram presos” em Portugal por tráfico humano?,Três pastores brasileiros “foram presos” em Portugal por tráfico humano?,,https://poligrafo.sapo.pt/fact-check/tres-pastores-brasileiros-foram-presos-em-portugal-por-trafico-humano,0,Polígrafo - SAPO,poligrafo.sapo.pt,2020-03-04 15:42:51,True,original
"Rui Rio diz ser o ""último político"" a poder ser convidado para ""alguma coisa do futebol"". Este afastamento ...","Rui Rio diz ser o ""último político"" a poder ser convidado para ""alguma coisa do futebol"". Este afastamento é real? (COM VÍDEO)",,https://poligrafo.sapo.pt/fact-check/rui-rio-diz-ser-o-ultimo-politico-a-poder-ser-convidado-para-alguma-coisa-do-futebol-este-afastamento-e-real,0,Polígrafo - SAPO,poligrafo.sapo.pt,2020-09-20 16:00:05,False,original
EMEL bloqueou carrinha de testagem à Covid-19 estacionada em frente a discotecas?,EMEL bloqueou carrinha de testagem à Covid-19 estacionada em frente a discotecas?,,https://poligrafo.sapo.pt/fact-check/emel-bloqueou-carrinha-de-testagem-a-covid-19-estacionada-em-frente-a-discotecas,0,Polígrafo - SAPO,poligrafo.sapo.pt,2021-12-23 09:00:56,True,original
Debates TV: Ana Gomes afirmou que o Governo se “substituiu ao comité internacional de peritos na seleção de...,Debates TV: Ana Gomes afirmou que o Governo se “substituiu ao comité internacional de peritos na seleção de um procurador europeu”. Confirma-se?,,https://poligrafo.sapo.pt/fact-check/debates-tv-ana-gomes-afirmou-que-o-governo-substituiu-se-ao-comite-internacional-de-peritos-na-selecao-de-um-procurador-europeu-confirma-se,0,Polígrafo - SAPO,poligrafo.sapo.pt,2021-01-08 10:00:18,False,original
"Costa acusa Rio de querer eliminar da Constituição da República o conceito de SNS ""tendencialmente gratuito...","Costa acusa Rio de querer eliminar da Constituição da República o conceito de SNS ""tendencialmente gratuito"" do SNS. Tem razão?",,https://poligrafo.sapo.pt/fact-check/costa-acusa-rio-de-querer-eliminar-conceito-de-tendencialmente-gratuito-do-sns-tem-razao,0,Polígrafo - SAPO,poligrafo.sapo.pt,2022-01-14 10:00:00,False,original
"André Ventura: ""Lei portuguesa não permite aos partidos receber financiamento estrangeiro."" Líder do Chega ...","André Ventura: ""Lei portuguesa não permite aos partidos receber financiamento estrangeiro."" Líder do Chega tem razão?",,https://poligrafo.sapo.pt/fact-check/andre-ventura-lei-portuguesa-nao-permite-aos-partidos-receber-financiamento-estrangeiro,0,Polígrafo - SAPO,poligrafo.sapo.pt,2021-06-03 17:00:19,False,original
Rui Rio disse que havia excesso e escassez de professores num intervalo de dois anos?,Rui Rio disse que havia excesso e escassez de professores num intervalo de dois anos?,,https://poligrafo.sapo.pt/fact-check/rui-rio-disse-que-havia-excesso-e-escassez-de-professores-num-intervalo-de-dois-anos,0,Polígrafo - SAPO,poligrafo.sapo.pt,2021-12-22 09:00:28,True,original
"Mário Centeno diz que ""nunca tivemos tantos médicos no Serviço Nacional de Saúde"". Verdade ou falsidade?","Mário Centeno diz que ""nunca tivemos tantos médicos no Serviço Nacional de Saúde"". Verdade ou falsidade?",,https://poligrafo.sapo.pt/fact-check/mario-centeno-diz-que-nunca-tivemos-tantos-medicos-no-servico-nacional-de-saude-verdade-ou-falsidade,0,Polígrafo - SAPO,poligrafo.sapo.pt,2019-06-24 16:56:46,True,original
Music-Check. Jim Morrison recusou 75 mil dólares pela utilização da música dos The Doors num anúncio?,Music-Check. Jim Morrison recusou 75 mil dólares pela utilização da música dos The Doors num anúncio?,,https://poligrafo.sapo.pt/fact-check/music-check-jim-morrison-recusou-75-mil-dolares-pela-utilizacao-da-musica-dos-the-doors-num-anuncio,0,Polígrafo - SAPO,poligrafo.sapo.pt,2020-07-18 12:55:47,True,original
"Parlamento Europeu ""condenou o Governo português"" pela ""interferência na nomeação"" do procurador José Guerra?","Parlamento Europeu ""condenou o Governo português"" pela ""interferência na nomeação"" do procurador José Guerra?",,https://poligrafo.sapo.pt/fact-check/parlamento-europeu-condenou-o-governo-portugues-pela-interferencia-na-nomeacao-do-procurador-jose-guerra,0,Polígrafo - SAPO,poligrafo.sapo.pt,2021-05-05 17:45:44,True,original
"Guerra na Ucrânia. O PCP foi ""o único partido"" que não condenou a invasão militar ordenada por Putin?","Guerra na Ucrânia. O PCP foi ""o único partido"" que não condenou a invasão militar ordenada por Putin?",,https://poligrafo.sapo.pt/fact-check/guerra-na-ucrania-o-pcp-foi-o-unico-partido-que-nao-condenou-a-invasao-militar-ordenada-por-putin,0,Polígrafo - SAPO,poligrafo.sapo.pt,2022-02-25 11:00:00,True,original
"Bolsonaro é ""o terceiro governante mais popular do mundo nas redes sociais""?","Bolsonaro é ""o terceiro governante mais popular do mundo nas redes sociais""?",,https://poligrafo.sapo.pt/fact-check/bolsonaro-e-o-terceiro-governante-mais-popular-do-mundo-nas-redes-sociais,0,Polígrafo - SAPO,poligrafo.sapo.pt,2020-02-18 20:02:35,True,original
Falsos bombeiros pedem donativos aos automobilistas em rotundas no Algarve?,Falsos bombeiros pedem donativos aos automobilistas em rotundas no Algarve?,,https://poligrafo.sapo.pt/fact-check/falsos-bombeiros-pedem-donativos-aos-automobilistas-em-rotundas-no-algarve,0,Polígrafo - SAPO,poligrafo.sapo.pt,2020-11-21 15:00:40,True,original
"Mário Machado reconheceu em vídeo que fez parte de um grupo que ""rebentou"" os seus adversários em 2005?","Mário Machado reconheceu em vídeo que fez parte de um grupo que ""rebentou"" os seus adversários em 2005?",,https://poligrafo.sapo.pt/fact-check/mario-machado-reconheceu-em-video-que-fez-parte-de-um-grupo-que-rebentou-os-seus-adversarios-em-2005,0,Polígrafo - SAPO,poligrafo.sapo.pt,2021-08-16 08:00:53,True,original
"Deputado municipal do Chega é contra acolhimento de refugiados que não sejam ""verdadeiros ucranianos""?","Deputado municipal do Chega é contra acolhimento de refugiados que não sejam ""verdadeiros ucranianos""?",,https://poligrafo.sapo.pt/fact-check/deputado-municipal-do-chega-e-contra-acolhimento-de-refugiados-que-nao-sejam-verdadeiros-ucranianos,0,Polígrafo - SAPO,poligrafo.sapo.pt,2022-04-18 08:00:00,True,original
Ventura profetizou em outubro de 2020 que o Governo cairia seis meses depois?,Ventura profetizou em outubro de 2020 que o Governo cairia seis meses depois?,,https://poligrafo.sapo.pt/fact-check/ventura-profetizou-em-outubro-de-2020-que-o-governo-cairia-seis-meses-depois,0,Polígrafo - SAPO,poligrafo.sapo.pt,2021-10-20 08:00:40,True,original
"Catarina Martins destaca que ""Imposto Mortágua"" gerou ""quase 500 milhões de euros"" em receita. Correto?","Catarina Martins destaca que ""Imposto Mortágua"" gerou ""quase 500 milhões de euros"" em receita. Correto?",,https://poligrafo.sapo.pt/fact-check/catarina-martins-destaca-que-imposto-mortagua-gerou-quase-500-milhoes-de-euros-em-receita-correto,0,Polígrafo - SAPO,poligrafo.sapo.pt,2022-01-12 10:00:00,True,original
"Azeredo Lopes disse que por ver ""filmes policiais"" lhe pareceu normal a recuperação das armas?","Azeredo Lopes disse que por ver ""filmes policiais"" lhe pareceu normal a recuperação das armas?",,https://poligrafo.sapo.pt/fact-check/azeredo-lopes-disse-que-por-ver-filmes-policiais-lhe-pareceu-normal-a-recuperacao-das-armas,0,Polígrafo - SAPO,poligrafo.sapo.pt,2020-02-07 14:53:17,True,original
"Washington oferece ""um charro"" a quem tomar vacina contra a Covid-19?","Washington oferece ""um charro"" a quem tomar vacina contra a Covid-19?",,https://poligrafo.sapo.pt/fact-check/washington-oferece-um-charro-a-quem-tomar-vacina-contra-a-covid-19,0,Polígrafo - SAPO,poligrafo.sapo.pt,2021-06-30 17:30:52,True,original
"Suzana Garcia apresentou proposta da CDU para a Amadora ""como se fosse sua""? (COM VÍDEO)","Suzana Garcia apresentou proposta da CDU para a Amadora ""como se fosse sua""? (COM VÍDEO)",,https://poligrafo.sapo.pt/fact-check/suzana-garcia-apresentou-proposta-da-cdu-para-a-amadora-como-se-fosse-da-sua-autoria,0,Polígrafo - SAPO,poligrafo.sapo.pt,2021-05-21 07:50:29,True,original
Cabeça-de-lista pelo Chega em Coimbra foi candidato a deputado pelo Bloco de Esquerda em 2011?,Cabeça-de-lista pelo Chega em Coimbra foi candidato a deputado pelo Bloco de Esquerda em 2011?,,https://poligrafo.sapo.pt/fact-check/cabeca-de-lista-pelo-chega-em-coimbra-foi-candidato-a-deputado-pelo-bloco-de-esquerda-em-2011,0,Polígrafo - SAPO,poligrafo.sapo.pt,2021-12-20 11:00:00,True,original
Dois ciclistas podem circular lado a lado na estrada desde que não prejudiquem o trânsito?,Dois ciclistas podem circular lado a lado na estrada desde que não prejudiquem o trânsito?,,https://poligrafo.sapo.pt/fact-check/dois-ciclistas-podem-circular-lado-a-lado-na-estrada-desde-que-nao-prejudiquem-o-transito,0,Polígrafo - SAPO,poligrafo.sapo.pt,2022-02-14 15:00:00,True,original
Despesa orçamentada dos gabinetes ministeriais em 2020 foi a mais elevada da última década?,Despesa orçamentada dos gabinetes ministeriais em 2020 foi a mais elevada da última década?,,https://poligrafo.sapo.pt/fact-check/despesa-orcamentada-dos-gabinetes-ministeriais-em-2020-foi-a-mais-elevada-da-ultima-decada,0,Polígrafo - SAPO,poligrafo.sapo.pt,2021-06-22 10:36:02,True,original
"Soares disse que ""é preciso que a riqueza seja de quem realmente trabalha e não de parasitas e banqueiros""?","Soares disse que ""é preciso que a riqueza seja de quem realmente trabalha e não de parasitas e banqueiros""?",,https://poligrafo.sapo.pt/fact-check/soares-disse-que-e-preciso-que-a-riqueza-seja-de-quem-realmente-trabalha-e-nao-de-parasitas-e-banqueiros,0,Polígrafo - SAPO,poligrafo.sapo.pt,2021-11-28 15:00:04,True,original
"Estado português poderá ter que assumir mais responsabilidades no Novo Banco além dos 3,9 mil milhões do Fu...","Estado português poderá ter que assumir mais responsabilidades no Novo Banco além dos 3,9 mil milhões do Fundo de Resolução?",Assunção Cristas,https://poligrafo.sapo.pt/fact-check/estado-portugues-podera-ter-que-assumir-mais-responsabilidades-no-novo-banco-alem-dos-39-mil-milhoes-do-fundo-de-resolucao,0,Polígrafo - SAPO,poligrafo.sapo.pt,2019-03-08 09:18:37,False,original
"Portugal é ""menos dependente"" da energia da Rússia do que outros países da Europa, como disse Costa?","Portugal é ""menos dependente"" da energia da Rússia do que outros países da Europa, como disse Costa?",,https://poligrafo.sapo.pt/fact-check/portugal-e-menos-dependente-da-energia-da-russia-do-que-outros-paises-da-europa-como-disse-costa,0,Polígrafo - SAPO,poligrafo.sapo.pt,2022-02-24 18:45:00,True,original
Câmara de Leiria gastou cerca de 400 mil euros em decorações e diversões de Natal?,Câmara de Leiria gastou cerca de 400 mil euros em decorações e diversões de Natal?,,https://poligrafo.sapo.pt/fact-check/camara-de-leiria-gastou-cerca-de-400-mil-euros-em-decoracoes-e-divertimentos-de-natal,0,Polígrafo - SAPO,poligrafo.sapo.pt,2021-12-12 09:00:20,True,original
Carris gastou mais de 10 mil euros na aquisição de chocolates por ajuste direto?,Carris gastou mais de 10 mil euros na aquisição de chocolates por ajuste direto?,,https://poligrafo.sapo.pt/fact-check/carris-gastou-mais-de-10-mil-euros-na-aquisicao-de-chocolates-por-ajuste-direto,0,Polígrafo - SAPO,poligrafo.sapo.pt,2021-03-01 09:00:20,True,original
Marcelo prometeu retirar todos os sem-abrigo das ruas até 2023 mas entretanto até aumentaram?,Marcelo prometeu retirar todos os sem-abrigo das ruas até 2023 mas entretanto até aumentaram?,,https://poligrafo.sapo.pt/fact-check/marcelo-prometeu-retirar-todos-os-sem-abrigo-das-ruas-ate-2023-mas-entretanto-ate-aumentaram,0,Polígrafo - SAPO,poligrafo.sapo.pt,2021-10-06 08:00:36,True,original
Cerca de 900 vitelos estiveram quase três meses presos num navio no Mediterrâneo?,Cerca de 900 vitelos estiveram quase três meses presos num navio no Mediterrâneo?,,https://poligrafo.sapo.pt/fact-check/cerca-de-900-vitelos-estiveram-quase-tres-meses-presos-num-navio-no-mediterraneo,0,Polígrafo - SAPO,poligrafo.sapo.pt,2021-03-28 15:00:27,True,original
Paulo Rangel acusa Pedro Marques de ter cortado 250 milhões de euros nos abonos de família em 2010. Verdade...,Paulo Rangel acusa Pedro Marques de ter cortado 250 milhões de euros nos abonos de família em 2010. Verdade ou mentira?,,https://poligrafo.sapo.pt/fact-check/paulo-rangel-acusa-pedro-marques-de-ter-cortado-250-milhoes-de-euros-nos-abonos-de-familia-em-2010-verdade-ou-mentira,0,Polígrafo - SAPO,poligrafo.sapo.pt,2019-05-12 08:00:22,False,original
"Programa do Chega defende privatização de hospitais, escolas, vias de comunicação e meios de transporte?","Programa do Chega defende privatização de hospitais, escolas, vias de comunicação e meios de transporte?",,https://poligrafo.sapo.pt/fact-check/programa-do-chega-defende-privatizacao-de-hospitais-escolas-vias-de-comunicacao-e-meios-de-transporte,0,Polígrafo - SAPO,poligrafo.sapo.pt,2019-11-29 09:30:31,True,original
Dois responsáveis dos Recursos Humanos da TAP estiveram em Madrid a recrutar funcionários?,Dois responsáveis dos Recursos Humanos da TAP estiveram em Madrid a recrutar funcionários?,,https://poligrafo.sapo.pt/fact-check/dois-responsaveis-dos-recursos-humanos-da-tap-estiveram-em-madrid-a-recrutar-funcionarios,0,Polígrafo - SAPO,poligrafo.sapo.pt,2021-06-15 16:21:46,True,original
Ventura: Portugal seria o terceiro país do mundo a legalizar por completo a canábis. Confirma-se?,Ventura: Portugal seria o terceiro país do mundo a legalizar por completo a canábis. Confirma-se?,,https://poligrafo.sapo.pt/fact-check/ventura-portugal-seria-o-terceiro-pais-do-mundo-a-legalizar-por-completo-a-canabis-confirma-se,0,Polígrafo - SAPO,poligrafo.sapo.pt,2021-06-11 17:00:49,True,original
Rui Moreira garantiu em dezembro de 2018 que o Pavilhão Rosa Mota não iria mudar de nome?,Rui Moreira garantiu em dezembro de 2018 que o Pavilhão Rosa Mota não iria mudar de nome?,,https://poligrafo.sapo.pt/fact-check/rui-moreira-garantiu-em-dezembro-de-2018-que-o-pavilhao-rosa-mota-nao-iria-mudar-de-nome,0,Polígrafo - SAPO,poligrafo.sapo.pt,2019-10-31 14:00:42,True,original
Os cinco maiores bancos obtiveram lucros de 1.510 milhões de euros em 2021?,Os cinco maiores bancos obtiveram lucros de 1.510 milhões de euros em 2021?,,https://poligrafo.sapo.pt/fact-check/os-cinco-maiores-bancos-obtiveram-lucros-de-1-510-milhoes-de-euros-em-2021,0,Polígrafo - SAPO,poligrafo.sapo.pt,2022-04-12 14:00:00,True,original
"Music-Check. Gloria Jones foi a primeira a cantar “Tainted Love”, antes dos Soft Cell?","Music-Check. Gloria Jones foi a primeira a cantar “Tainted Love”, antes dos Soft Cell?",,https://poligrafo.sapo.pt/fact-check/gloria-jones-foi-a-primeira-a-cantar-tainted-love-antes-dos-soft-cell,0,Polígrafo - SAPO,poligrafo.sapo.pt,2019-02-09 14:00:01,True,original
"Inês de Medeiros diz que sondagem regista ""64% de opinião positiva"" sobre ""ação da Câmara de Almada"". Confi...","Inês de Medeiros diz que sondagem regista ""64% de opinião positiva"" sobre ""ação da Câmara de Almada"". Confirma-se?",,https://poligrafo.sapo.pt/fact-check/ines-de-medeiros-diz-que-sondagem-regista-64-de-opiniao-positiva-sobre-acao-da-camara-de-almada-confirma-se,0,Polígrafo - SAPO,poligrafo.sapo.pt,2021-09-01 08:00:52,False,original
As redes sociais brasileiras revelaram erradamente que foi esta a mulher alegadamente violada por Neymar em...,As redes sociais brasileiras revelaram erradamente que foi esta a mulher alegadamente violada por Neymar em Paris?,,https://poligrafo.sapo.pt/fact-check/afinal-havia-outra-a-mulher-que-as-redes-sociais-decidiram-que-foi-violada-por-neymar-em-paris,0,Polígrafo - SAPO,poligrafo.sapo.pt,2019-06-06 19:52:52,False,original
Estivadores britânicos recusaram descarregar gás natural de navio-tanque russo?,Estivadores britânicos recusaram descarregar gás natural de navio-tanque russo?,,https://poligrafo.sapo.pt/fact-check/estivadores-britanicos-recusaram-descarregar-gas-natural-de-navio-tanque-russo,0,Polígrafo - SAPO,poligrafo.sapo.pt,2022-03-10 15:00:00,True,original
Os portugueses afinal vão pagar mais pelos combustíveis em 2019? (COM VÍDEO),Os portugueses afinal vão pagar mais pelos combustíveis em 2019? (COM VÍDEO),Rui Rio,https://poligrafo.sapo.pt/fact-check/os-contribuintes-afinal-vao-pagar-mais-pelos-combustiveis-em-2019,0,Polígrafo - SAPO,poligrafo.sapo.pt,2019-01-07 13:05:52,True,original
"Obama alertou em 2014 que ""é muito provável que chegue uma doença que se transmita pelo ar e seja mortal""?","Obama alertou em 2014 que ""é muito provável que chegue uma doença que se transmita pelo ar e seja mortal""?",,https://poligrafo.sapo.pt/fact-check/obama-alertou-em-2014-que-e-muito-provavel-que-chegue-uma-doenca-que-se-transmita-pelo-ar-e-seja-mortal,0,Polígrafo - SAPO,poligrafo.sapo.pt,2020-04-14 10:00:09,True,original
Apoiantes de André Ventura lançaram petição pública para destituir Ferro Rodrigues?,Apoiantes de André Ventura lançaram petição pública para destituir Ferro Rodrigues?,,https://poligrafo.sapo.pt/fact-check/apoiantes-de-andre-ventura-lancaram-peticao-para-destituir-ferro-rodrigues,0,Polígrafo - SAPO,poligrafo.sapo.pt,2019-12-13 15:51:50,True,original
"Ex-dirigente do PAN publicou mensagem pedindo ""uma praga que limpe esta merda de gente""?","Ex-dirigente do PAN publicou mensagem pedindo ""uma praga que limpe esta merda de gente""?",,https://poligrafo.sapo.pt/fact-check/ex-dirigente-do-pan-publicou-mensagem-pedindo-uma-praga-que-limpe-esta-merda-de-gente,0,Polígrafo - SAPO,poligrafo.sapo.pt,2019-09-16 15:03:00,True,original
Vídeo que mostra coro japonês a cantar o hino de Portugal é autêntico?,Vídeo que mostra coro japonês a cantar o hino de Portugal é autêntico?,,https://poligrafo.sapo.pt/fact-check/video-que-mostra-coro-japones-a-cantar-o-hino-de-portugal-e-autentico,0,Polígrafo - SAPO,poligrafo.sapo.pt,2021-12-09 15:00:57,True,original
"Medidas de Apoio à Cultura"". Artistas tauromáquicos vão receber ""subsídio de 438 euros por pessoa""? (COM V...","Medidas de Apoio à Cultura"". Artistas tauromáquicos vão receber ""subsídio de 438 euros por pessoa""? (COM VÍDEO)",,https://poligrafo.sapo.pt/fact-check/medidas-de-apoio-a-cultura-artistas-tauromaquicos-vao-receber-subsidio-de-438-euros-por-pessoa,0,Polígrafo - SAPO,poligrafo.sapo.pt,2021-02-23 09:00:22,False,original
"85% das pessoas brancas são assassinadas por outras pessoas brancas nos EUA, apesar de nunca se falar de “c...","85% das pessoas brancas são assassinadas por outras pessoas brancas nos EUA, apesar de nunca se falar de “crimes de brancos contra brancos”?",,https://poligrafo.sapo.pt/fact-check/85-das-pessoas-brancas-sao-assinadas-por-outras-pessoas-brancas-nos-eua-apesar-de-nunca-se-falar-de-crimes-de-brancos-contra-brancos,0,Polígrafo - SAPO,poligrafo.sapo.pt,2020-08-30 14:30:59,False,original
Preços de venda dos automóveis em Espanha são muito inferiores aos praticados em Portugal?,Preços de venda dos automóveis em Espanha são muito inferiores aos praticados em Portugal?,,https://poligrafo.sapo.pt/fact-check/precos-de-venda-dos-automoveis-em-espanha-sao-muito-inferiores-aos-praticados-em-portugal,0,Polígrafo - SAPO,poligrafo.sapo.pt,2022-01-30 11:00:00,True,original
Marisa Matias disse ser social-democrata após ter-se assumido publicamente como socialista?,Marisa Matias disse ser social-democrata após ter-se assumido publicamente como socialista?,,https://poligrafo.sapo.pt/fact-check/marisa-matias-disse-ser-social-democrata-apos-ter-se-assumido-publicamente-como-socialista,0,Polígrafo - SAPO,poligrafo.sapo.pt,2020-12-11 20:00:11,True,original
Fim do abate de animais: André Silva acusa Rio de estar contra uma medida que o PSD aprovou na AR. Tem razã...,Fim do abate de animais: André Silva acusa Rio de estar contra uma medida que o PSD aprovou na AR. Tem razão? (COM VÍDEO),André Silva,https://poligrafo.sapo.pt/fact-check/fim-do-abate-de-animais-andre-silva-acusa-rio-de-estar-contra-uma-medida-que-o-psd-aprovou-na-ar-tem-razao,0,Polígrafo - SAPO,poligrafo.sapo.pt,2019-09-10 08:00:26,False,original
Eurodeputados aprovaram resolução a equiparar horrores do nazismo e do comunismo estalinista (e o PCP e o B...,Eurodeputados aprovaram resolução a equiparar horrores do nazismo e do comunismo estalinista (e o PCP e o BE votaram contra)?,,https://poligrafo.sapo.pt/fact-check/europedutados-aprovaram-resolucao-a-equiparar-horrores-do-nazismo-e-do-comunismo-estalinista-e-o-pcp-e-o-be-votaram-contra,0,Polígrafo - SAPO,poligrafo.sapo.pt,2019-10-23 10:58:07,False,original
Cavaco Silva foi o único político em Portugal a ganhar quatro eleições nacionais com maioria absoluta?,Cavaco Silva foi o único político em Portugal a ganhar quatro eleições nacionais com maioria absoluta?,,https://poligrafo.sapo.pt/fact-check/cavaco-silva-foi-o-unico-politico-em-portugal-a-ganhar-quatro-eleicoes-nacionais-com-maioria-absoluta,0,Polígrafo - SAPO,poligrafo.sapo.pt,2020-04-25 13:00:46,True,original
"Ventura afirma que ""os portugueses têm menos poder de compra do que em 2009"". Verdade ou mentira?","Ventura afirma que ""os portugueses têm menos poder de compra do que em 2009"". Verdade ou mentira?",,https://poligrafo.sapo.pt/fact-check/ventura-afirma-que-os-portugueses-tem-menos-poder-de-compra-do-que-em-2009-verdade-ou-mentira,0,Polígrafo - SAPO,poligrafo.sapo.pt,2022-01-03 12:00:03,True,original
A passagem da tocha olímpica era uma forma de propaganda nazi?,A passagem da tocha olímpica era uma forma de propaganda nazi?,,https://poligrafo.sapo.pt/fact-check/a-passagem-da-tocha-olimpica-era-uma-forma-de-propaganda-nazi,0,Polígrafo - SAPO,poligrafo.sapo.pt,2021-08-01 08:00:05,True,original
Professores que dão aulas nas prisões recebem subsídio de risco mas os polícias não?,Professores que dão aulas nas prisões recebem subsídio de risco mas os polícias não?,,https://poligrafo.sapo.pt/fact-check/professores-que-dao-aulas-nas-prisoes-recebem-subsidio-de-risco-mas-os-policias-nao,0,Polígrafo - SAPO,poligrafo.sapo.pt,2021-06-12 11:00:00,True,original
Líder do CDS-PP diz que Portugal não preencheu quotas para refugiados e apenas 2% da população recebe RSI. ...,Líder do CDS-PP diz que Portugal não preencheu quotas para refugiados e apenas 2% da população recebe RSI. É verdade?,,https://poligrafo.sapo.pt/fact-check/lider-do-cds-pp-diz-que-portugal-nao-preencheu-quotas-para-refugiados-e-apenas-2-da-populacao-recebe-rsi-e-verdade,0,Polígrafo - SAPO,poligrafo.sapo.pt,2022-01-12 23:00:00,False,original
Habitantes de Soure receberam fatura da água de novembro após data-limite de pagamento?,Habitantes de Soure receberam fatura da água de novembro após data-limite de pagamento?,,https://poligrafo.sapo.pt/fact-check/habitantes-de-soure-receberam-fatura-da-agua-de-novembro-apos-data-limite-de-pagamento,0,Polígrafo - SAPO,poligrafo.sapo.pt,2022-01-26 11:00:00,True,original
Rui Rio diz que a carga fiscal está no nível mais elevado de sempre. Verdade ou falsidade? (COM VÍDEO),Rui Rio diz que a carga fiscal está no nível mais elevado de sempre. Verdade ou falsidade? (COM VÍDEO),Rui Rio,https://poligrafo.sapo.pt/fact-check/rui-rio-diz-que-a-carga-fiscal-esta-no-nivel-mais-elevado-de-sempre-verdade-ou-falsidade,0,Polígrafo - SAPO,poligrafo.sapo.pt,2019-08-22 16:45:54,True,original
"#EUROPEIAS. Matteo Salvini: ""A castração química é permitida em vários países europeus"". Verdadeiro ou falso?","#EUROPEIAS. Matteo Salvini: ""A castração química é permitida em vários países europeus"". Verdadeiro ou falso?",,https://poligrafo.sapo.pt/fact-check/europeias-a-castracao-quimica-e-permitida-em-varios-paises-europeus,0,Polígrafo - SAPO,poligrafo.sapo.pt,2019-04-09 15:29:51,True,original
Preço do gasóleo subiu 18 cêntimos em Portugal continental mas desceu na Madeira?,Preço do gasóleo subiu 18 cêntimos em Portugal continental mas desceu na Madeira?,,https://poligrafo.sapo.pt/fact-check/preco-do-gasoleo-subiu-18-centimos-em-portugal-continental-mas-desceu-na-madeira,0,Polígrafo - SAPO,poligrafo.sapo.pt,2022-03-31 10:00:00,True,original
Governo pretende expropriar 7500 m2 de bens imóveis para construir memorial às vítimas de Pedrógão Grande?,Governo pretende expropriar 7500 m2 de bens imóveis para construir memorial às vítimas de Pedrógão Grande?,,https://poligrafo.sapo.pt/fact-check/governo-pretende-expropriar-7500-m2-de-bens-imoveis-para-construir-memorial-as-vitimas-de-pedrogao-grande,0,Polígrafo - SAPO,poligrafo.sapo.pt,2021-05-07 17:00:01,True,original
Estado gastou cerca de sete milhões de euros em novos automóveis durante o ano de 2020? (COM VÍDEO),Estado gastou cerca de sete milhões de euros em novos automóveis durante o ano de 2020? (COM VÍDEO),,https://poligrafo.sapo.pt/fact-check/estado-gastou-cerca-de-sete-milhoes-de-euros-em-novos-automoveis-durante-o-ano-de-2020,0,Polígrafo - SAPO,poligrafo.sapo.pt,2021-07-07 08:00:47,True,original
Salário mínimo de Portugal é inferior ao de Espanha mas o dos deputados portugueses é superior ao dos espan...,Salário mínimo de Portugal é inferior ao de Espanha mas o dos deputados portugueses é superior ao dos espanhóis?,,https://poligrafo.sapo.pt/fact-check/salario-minimo-de-portugal-e-inferior-ao-de-espanha-mas-o-dos-deputados-portugueses-e-superior-ao-dos-espanhois,0,Polígrafo - SAPO,poligrafo.sapo.pt,2020-07-29 18:00:19,False,original
"Emmanuel Macron referiu-se à Amazónia como ""a nossa casa""?","Emmanuel Macron referiu-se à Amazónia como ""a nossa casa""?",,https://poligrafo.sapo.pt/fact-check/emmanuel-macron-referiu-se-a-amazonia-como-a-nossa-casa,0,Polígrafo - SAPO,poligrafo.sapo.pt,2019-08-29 12:48:17,True,original
Carlos Costa foi reconduzido no BdP a poucos meses das legislativas de 2015 e contra a vontade de António C...,Carlos Costa foi reconduzido no BdP a poucos meses das legislativas de 2015 e contra a vontade de António Costa? (COM VÍDEO),,https://poligrafo.sapo.pt/fact-check/carlos-costa-foi-reconduzido-no-bdp-a-poucos-meses-das-legislativas-de-2015-e-contra-a-vontade-de-antonio-costa,0,Polígrafo - SAPO,poligrafo.sapo.pt,2019-02-15 09:03:06,False,original
"Ferro incentiva deslocação ""massiva"" a jogo da seleção em Sevilha enquanto Lisboa recua no desconfinamento?","Ferro incentiva deslocação ""massiva"" a jogo da seleção em Sevilha enquanto Lisboa recua no desconfinamento?",,https://poligrafo.sapo.pt/fact-check/ferro-incentiva-deslocacao-massiva-a-jogo-da-selecao-em-sevilha-enquanto-lisboa-recua-no-desconfinamento,0,Polígrafo - SAPO,poligrafo.sapo.pt,2021-06-24 17:15:00,True,original
"Existiam automóveis e autocarros ""movidos a carvão e a lenha"" na década de 1940 em Portugal?","Existiam automóveis e autocarros ""movidos a carvão e a lenha"" na década de 1940 em Portugal?",,https://poligrafo.sapo.pt/fact-check/existiam-automoveis-e-autocarros-movidos-a-carvao-e-a-lenha-na-decada-de-1940-em-portugal,0,Polígrafo - SAPO,poligrafo.sapo.pt,2021-02-19 15:00:18,True,original
"Novo Banco vendeu por 465 mil euros campo de golfe com valor de mercado de 4,5 milhões?","Novo Banco vendeu por 465 mil euros campo de golfe com valor de mercado de 4,5 milhões?",,https://poligrafo.sapo.pt/fact-check/novo-banco-vendeu-por-465-mil-euros-campo-de-golfe-com-valor-de-mercado-de-45-milhoes,0,Polígrafo - SAPO,poligrafo.sapo.pt,2020-12-10 09:00:22,True,original
Comissão Europeia abriu novo processo de infração contra Portugal por falhas no combate ao branqueamento de...,Comissão Europeia abriu novo processo de infração contra Portugal por falhas no combate ao branqueamento de capitais?,,https://poligrafo.sapo.pt/fact-check/comissao-europeia-abriu-novo-processo-de-infracao-contra-portugal-por-falhas-no-combate-ao-branqueamento-de-capitais,0,Polígrafo - SAPO,poligrafo.sapo.pt,2022-03-17 17:00:00,False,original
Santana Lopes quer agora referendar touradas e abolir a sua transmissão na RTP – mas em privado sempre foi ...,Santana Lopes quer agora referendar touradas e abolir a sua transmissão na RTP – mas em privado sempre foi um apreciador. Verdade ou mentira?,,https://poligrafo.sapo.pt/fact-check/santana-lopes-quer-agora-referendar-touradas-e-abolir-a-sua-transmissao-na-rtp-mas-em-privado-sempre-foi-um-apreciador-verdade-ou-mentira,0,Polígrafo - SAPO,poligrafo.sapo.pt,2019-06-13 19:04:15,False,original
"Foram detidos três homens em Alcácer do Sal por ""furto de pinhas""?","Foram detidos três homens em Alcácer do Sal por ""furto de pinhas""?",,https://poligrafo.sapo.pt/fact-check/foram-detidos-tres-homens-em-alcacer-do-sal-por-furto-de-pinhas,0,Polígrafo - SAPO,poligrafo.sapo.pt,2021-12-01 15:00:02,True,original
Câmara do Funchal vai retirar ciclovia construída pela anterior vereação?,Câmara do Funchal vai retirar ciclovia construída pela anterior vereação?,,https://poligrafo.sapo.pt/fact-check/governo-da-madeira-vai-retirar-ciclovia-construida-pela-anterior-vereacao-no-funchal,0,Polígrafo - SAPO,poligrafo.sapo.pt,2021-11-21 09:00:15,True,original
Novo presidente do Tribunal de Contas tinha sido afastado de vários cargos em fevereiro pelo antecessor?,Novo presidente do Tribunal de Contas tinha sido afastado de vários cargos em fevereiro pelo antecessor?,,https://poligrafo.sapo.pt/fact-check/novo-presidente-do-tribunal-de-contas-tinha-sido-afastado-de-varios-cargos-em-fevereiro-pelo-antecessor,0,Polígrafo - SAPO,poligrafo.sapo.pt,2020-10-07 14:03:02,True,original
Ministra da Saúde contrariou diretiva do Governo ao admitir a celebração do 13 de maio?,Ministra da Saúde contrariou diretiva do Governo ao admitir a celebração do 13 de maio?,,https://poligrafo.sapo.pt/fact-check/ministra-da-saude-contrariou-diretiva-do-governo-ao-admitir-a-celebracao-do-13-de-maio,0,Polígrafo - SAPO,poligrafo.sapo.pt,2020-05-03 19:00:53,True,original
Poluição atmosférica causou mais de 347 mil mortes na União Europeia em 2019?,Poluição atmosférica causou mais de 347 mil mortes na União Europeia em 2019?,,https://poligrafo.sapo.pt/fact-check/poluicao-atmosferica-causou-mais-de-347-mil-mortes-na-uniao-europeia-em-2019,0,Polígrafo - SAPO,poligrafo.sapo.pt,2022-04-03 14:00:00,True,original
"Rui Rio diz que os quatro primeiros candidatos do PS às europeias ""são todos ex-governantes de Costa ou Sóc...","Rui Rio diz que os quatro primeiros candidatos do PS às europeias ""são todos ex-governantes de Costa ou Sócrates"". É verdade?",Rui Rio,https://poligrafo.sapo.pt/fact-check/rui-rio-diz-que-os-quatro-primeiros-candidatos-do-ps-as-europeias-sao-todos-ex-governantes-de-costa-ou-socrates-e-verdade,0,Polígrafo - SAPO,poligrafo.sapo.pt,2019-04-06 08:30:33,False,original
Infraestruturas de Portugal desmantelou ilegalmente um cartaz do partido Iniciativa Liberal?,Infraestruturas de Portugal desmantelou ilegalmente um cartaz do partido Iniciativa Liberal?,,https://poligrafo.sapo.pt/fact-check/infraestruturas-de-portugal-desmantelou-ilegalmente-um-cartaz-do-partido-iniciativa-liberal,0,Polígrafo - SAPO,poligrafo.sapo.pt,2019-03-16 17:52:43,True,original
O tenista Rafael Nadal bebe água do mar Cantábrico para evitar cãibras?,O tenista Rafael Nadal bebe água do mar Cantábrico para evitar cãibras?,,https://poligrafo.sapo.pt/fact-check/o-tenista-rafael-nadal-bebe-agua-do-mar-cantabrico-para-evitar-caibras,0,Polígrafo - SAPO,poligrafo.sapo.pt,2019-09-14 17:51:23,True,original
EMEL pode multar por estacionamento indevido em horário noturno?,EMEL pode multar por estacionamento indevido em horário noturno?,,https://poligrafo.sapo.pt/fact-check/emel-pode-multar-por-estacionamento-indevido-em-horario-noturno,0,Polígrafo - SAPO,poligrafo.sapo.pt,2021-08-10 17:10:28,True,original
Mudança para a hora de Inverno vai ocorrer na madrugada do próximo domingo?,Mudança para a hora de Inverno vai ocorrer na madrugada do próximo domingo?,,https://poligrafo.sapo.pt/fact-check/mudanca-para-a-hora-de-inverno-vai-ocorrer-na-madrugada-do-proximo-domingo,0,Polígrafo - SAPO,poligrafo.sapo.pt,2021-10-27 10:00:31,True,original
"André Ventura propõe que Joacine Katar Moreira ""seja devolvida ao seu país de origem""?","André Ventura propõe que Joacine Katar Moreira ""seja devolvida ao seu país de origem""?",,https://poligrafo.sapo.pt/fact-check/andre-ventura-propoe-que-joacine-katar-moreira-seja-devolvida-ao-seu-pais-de-origem,0,Polígrafo - SAPO,poligrafo.sapo.pt,2020-01-28 17:46:15,True,original
Dia de Ação de Graças vai sair mais caro este ano aos norte-americanos?,Dia de Ação de Graças vai sair mais caro este ano aos norte-americanos?,,https://poligrafo.sapo.pt/fact-check/dia-de-acao-de-gracas-vai-sair-mais-caro-este-ano-aos-norte-americanos,0,Polígrafo - SAPO,poligrafo.sapo.pt,2021-11-14 18:00:10,True,original
Imagens de ruas com pavimentos degradados e esburacados no centro de Lisboa são autênticas?,Imagens de ruas com pavimentos degradados e esburacados no centro de Lisboa são autênticas?,,https://poligrafo.sapo.pt/fact-check/imagens-de-ruas-com-pavimentos-degradados-e-esburacados-no-centro-de-lisboa-sao-autenticas,0,Polígrafo - SAPO,poligrafo.sapo.pt,2021-06-01 10:00:15,True,original
Despesa primária sem medidas de emergência aumentou em cerca de 14 mil milhões de euros desde 2019?,Despesa primária sem medidas de emergência aumentou em cerca de 14 mil milhões de euros desde 2019?,,https://poligrafo.sapo.pt/fact-check/despesa-primaria-sem-medidas-de-emergencia-aumentou-em-cerca-de-14-mil-milhoes-de-euros-desde-2019,0,Polígrafo - SAPO,poligrafo.sapo.pt,2021-10-18 10:00:05,True,original
"Empresas de criptomoedas Binance, Coinbase e Kraken recusam bloquear contas russas?","Empresas de criptomoedas Binance, Coinbase e Kraken recusam bloquear contas russas?",,https://poligrafo.sapo.pt/fact-check/empresas-de-criptomoedas-binance-coinbase-e-kraken-recusam-bloquear-contas-russas,0,Polígrafo - SAPO,poligrafo.sapo.pt,2022-03-04 15:00:00,True,original
Cerca de 31% das mulheres recebe salário mínimo em comparação com 21% dos homens?,Cerca de 31% das mulheres recebe salário mínimo em comparação com 21% dos homens?,,https://poligrafo.sapo.pt/fact-check/cerca-de-31-das-mulheres-recebe-salario-minimo-em-comparacao-com-21-dos-homens,0,Polígrafo - SAPO,poligrafo.sapo.pt,2020-03-06 15:13:39,True,original
"É melhor ser ateu do que católico hipócrita"". Papa Francisco proferiu esta declaração?","É melhor ser ateu do que católico hipócrita"". Papa Francisco proferiu esta declaração?",,https://poligrafo.sapo.pt/fact-check/e-melhor-ser-ateu-do-que-catolico-hipocrita-papa-francisco-proferiu-esta-declaracao,0,Polígrafo - SAPO,poligrafo.sapo.pt,2022-04-22 18:00:00,True,original
Debates TV. Ana Gomes diz que Alemanha gasta 9% do PIB em Saúde e Portugal apenas 6%. É verdade?,Debates TV. Ana Gomes diz que Alemanha gasta 9% do PIB em Saúde e Portugal apenas 6%. É verdade?,,https://poligrafo.sapo.pt/fact-check/debates-tv-ana-gomes-diz-que-alemanha-gasta-9-do-pib-em-saude-e-portugal-apenas-6-e-verdade,0,Polígrafo - SAPO,poligrafo.sapo.pt,2021-01-13 10:00:58,True,original
Polígrafo SIC: Metade do rendimento bruto dos deputados está livre de impostos? (Com vídeo),Polígrafo SIC: Metade do rendimento bruto dos deputados está livre de impostos? (Com vídeo),,https://poligrafo.sapo.pt/fact-check/poligrafo-sic-metade-do-rendimento-bruto-dos-deputados-esta-livre-de-impostos,0,Polígrafo - SAPO,poligrafo.sapo.pt,2019-06-05 13:33:05,True,original
"Duarte Marques, deputado do PSD, acusa: Azeredo Lopes sabia de tudo no caso das armas de Tancos. É verdade?","Duarte Marques, deputado do PSD, acusa: Azeredo Lopes sabia de tudo no caso das armas de Tancos. É verdade?",,https://poligrafo.sapo.pt/fact-check/5841,0,Polígrafo - SAPO,poligrafo.sapo.pt,2019-10-09 16:46:53,True,original
"Bloco de Esquerda quer ""desprivatizar"" ANA, CTT, REN, Galp e EDP, como alertou Costa?","Bloco de Esquerda quer ""desprivatizar"" ANA, CTT, REN, Galp e EDP, como alertou Costa?",,https://poligrafo.sapo.pt/fact-check/bloco-de-esquerda-quer-desprivatizar-ana-ctt-ren-galp-e-edp-como-alertou-costa,0,Polígrafo - SAPO,poligrafo.sapo.pt,2022-01-12 11:00:00,True,original
"Telhado da igreja de Alfange, em Santarém, foi roubado?","Telhado da igreja de Alfange, em Santarém, foi roubado?",,https://poligrafo.sapo.pt/fact-check/telhado-da-igreja-de-alfange-em-santarem-foi-roubado,0,Polígrafo - SAPO,poligrafo.sapo.pt,2022-04-17 10:00:00,True,original
Miguel Sousa Tavares está certo sobre a greve dos juízes?,Miguel Sousa Tavares está certo sobre a greve dos juízes?,Miguel Sousa Tavares,https://poligrafo.sapo.pt/fact-check/miguel-sousa-tavares-esta-certo-sobre-a-greve-dos-juizes,0,Polígrafo - SAPO,poligrafo.sapo.pt,2018-11-07 15:07:01,True,original
Parquímetros da EMEL estiveram a funcionar durante os períodos de confinamento geral? (COM VÍDEO),Parquímetros da EMEL estiveram a funcionar durante os períodos de confinamento geral? (COM VÍDEO),,https://poligrafo.sapo.pt/fact-check/parquimetros-da-emel-estiveram-a-funcionar-durante-os-periodos-de-confinamento-geral,0,Polígrafo - SAPO,poligrafo.sapo.pt,2021-06-17 08:00:28,True,original
"Papa Francisco sugeriu ""vender bens da Igreja"" para ""ajudar os pobres""?","Papa Francisco sugeriu ""vender bens da Igreja"" para ""ajudar os pobres""?",,https://poligrafo.sapo.pt/fact-check/papa-francisco-sugeriu-vender-bens-da-igreja-para-ajudar-os-pobres,0,Polígrafo - SAPO,poligrafo.sapo.pt,2020-02-15 19:16:59,True,original
Câmara de Ovar gastou este ano três vezes mais em iluminações de Natal do que em 2019?,Câmara de Ovar gastou este ano três vezes mais em iluminações de Natal do que em 2019?,,https://poligrafo.sapo.pt/fact-check/camara-de-ovar-gastou-este-ano-tres-vezes-mais-em-iluminacoes-de-natal-do-que-em-2019,0,Polígrafo - SAPO,poligrafo.sapo.pt,2020-12-14 09:00:02,True,original
"Ministro da Educação do Brasil escreveu ""imprecionante"", ""suspenção"" e ""paralização""?","Ministro da Educação do Brasil escreveu ""imprecionante"", ""suspenção"" e ""paralização""?",,https://poligrafo.sapo.pt/fact-check/ministro-da-educacao-do-brasil-escreveu-imprecionante-suspencao-e-paralizacao,0,Polígrafo - SAPO,poligrafo.sapo.pt,2020-01-09 13:58:09,True,original
Agente da PSP impediu indevidamente filmagem de ação policial no bairro da Bela Vista em Setúbal?,Agente da PSP impediu indevidamente filmagem de ação policial no bairro da Bela Vista em Setúbal?,,https://poligrafo.sapo.pt/fact-check/agente-da-psp-impediu-indevidamente-filmagem-de-acao-policial-no-bairro-da-bela-vista-em-setubal,0,Polígrafo - SAPO,poligrafo.sapo.pt,2021-04-27 10:00:50,True,original
Rei dos Países Baixos deslocou-se de bicicleta para evento oficial em Haia?,Rei dos Países Baixos deslocou-se de bicicleta para evento oficial em Haia?,,https://poligrafo.sapo.pt/fact-check/rei-dos-paises-baixos-deslocou-se-de-bicicleta-para-evento-oficial-em-haia,0,Polígrafo - SAPO,poligrafo.sapo.pt,2021-06-09 10:00:14,True,original
Fotografias de consultório com paredes manchadas de humidade no Hospital de Coimbra são verdadeiras?,Fotografias de consultório com paredes manchadas de humidade no Hospital de Coimbra são verdadeiras?,,https://poligrafo.sapo.pt/fact-check/fotografias-de-consultorio-com-paredes-manchadas-de-humidade-no-hospital-de-coimbra-sao-verdadeiras,0,Polígrafo - SAPO,poligrafo.sapo.pt,2019-11-25 16:22:10,True,original
Imagens de multidão sem distanciamento físico no Autódromo do Algarve são autênticas?,Imagens de multidão sem distanciamento físico no Autódromo do Algarve são autênticas?,,https://poligrafo.sapo.pt/fact-check/imagens-de-multidao-sem-distanciamento-fisico-no-autodromo-do-algarve-sao-autenticas,0,Polígrafo - SAPO,poligrafo.sapo.pt,2020-10-24 17:45:28,True,original
Music-Check. Os leitores da “Rolling Stone” consideraram os Nirvana a 5ª pior banda dos anos 90?,Music-Check. Os leitores da “Rolling Stone” consideraram os Nirvana a 5ª pior banda dos anos 90?,,https://poligrafo.sapo.pt/fact-check/music-check-os-leitores-da-rolling-stone-consideraram-os-nirvana-a-5a-pior-banda-dos-anos-90,0,Polígrafo - SAPO,poligrafo.sapo.pt,2020-04-04 12:56:01,True,original
Polícias agredidos por alguém desarmado não podem usar a sua arma para auto-defesa?,Polícias agredidos por alguém desarmado não podem usar a sua arma para auto-defesa?,,https://poligrafo.sapo.pt/fact-check/policias-agredidos-por-alguem-desarmado-nao-podem-usar-a-sua-arma-para-autodefesa,0,Polígrafo - SAPO,poligrafo.sapo.pt,2022-01-10 15:00:00,True,original
"A carga fiscal em Portugal é hoje mais elevada do que no período de intervenção da ""troika""?","A carga fiscal em Portugal é hoje mais elevada do que no período de intervenção da ""troika""?",,https://poligrafo.sapo.pt/fact-check/a-carga-fiscal-em-portugal-e-hoje-mais-elevada-do-que-no-periodo-de-intervencao-da-troika,0,Polígrafo - SAPO,poligrafo.sapo.pt,2019-12-20 11:00:37,True,original
"Comício do Chega no Porto acabou com ""saudação nazi ao som do hino nacional""? (COM VÍDEO)","Comício do Chega no Porto acabou com ""saudação nazi ao som do hino nacional""? (COM VÍDEO)",,https://poligrafo.sapo.pt/fact-check/comicio-do-chega-no-porto-acabou-com-saudacao-nazi-ao-som-do-hino-nacional,0,Polígrafo - SAPO,poligrafo.sapo.pt,2020-01-28 09:00:11,True,original
"Já existem ""mais sargentos e oficiais do que praças"" nas Forças Armadas de Portugal?","Já existem ""mais sargentos e oficiais do que praças"" nas Forças Armadas de Portugal?",,https://poligrafo.sapo.pt/fact-check/ja-existem-mais-sargentos-e-oficiais-do-que-pracas-nas-forcas-armadas-de-portugal,0,Polígrafo - SAPO,poligrafo.sapo.pt,2019-12-09 15:00:10,True,original
Covid-19. Portugal ultrapassou os EUA no número de mortes por milhão de habitantes?,Covid-19. Portugal ultrapassou os EUA no número de mortes por milhão de habitantes?,,https://poligrafo.sapo.pt/fact-check/covid-19-portugal-ultrapassou-os-eua-no-numero-de-mortes-por-milhao-de-habitantes,0,Polígrafo - SAPO,poligrafo.sapo.pt,2021-02-10 18:00:46,True,original
Music-Check. Beck é a alma da banda fictícia Sex Bob-Omb?,Music-Check. Beck é a alma da banda fictícia Sex Bob-Omb?,,https://poligrafo.sapo.pt/fact-check/music-check-beck-e-a-alma-da-banda-ficticia-sex-bob-omb,0,Polígrafo - SAPO,poligrafo.sapo.pt,2020-06-13 16:30:29,True,original
Mais de um milhão sem médico de família. Costa tinha prometido médico de família para todos em 2017?,Mais de um milhão sem médico de família. Costa tinha prometido médico de família para todos em 2017?,,https://poligrafo.sapo.pt/fact-check/mais-de-um-milhao-sem-medico-de-familia-costa-tinha-prometido-medico-de-familia-para-todos-em-2017,0,Polígrafo - SAPO,poligrafo.sapo.pt,2021-07-08 08:00:28,True,original
Há mais 60 mil funcionários públicos e dívida pública aumentou em 35 mil milhões de euros desde 2015?,Há mais 60 mil funcionários públicos e dívida pública aumentou em 35 mil milhões de euros desde 2015?,,https://poligrafo.sapo.pt/fact-check/ha-mais-60-mil-funcionarios-publicos-e-divida-publica-aumentou-em-35-mil-milhoes-de-euros-desde-2015,0,Polígrafo - SAPO,poligrafo.sapo.pt,2021-09-01 10:00:16,True,original
As touradas alguma vez foram proibidas em Portugal? (Com vídeo),As touradas alguma vez foram proibidas em Portugal? (Com vídeo),,https://poligrafo.sapo.pt/fact-check/as-touradas-alguma-vez-foram-proibidas-em-portugal,0,Polígrafo - SAPO,poligrafo.sapo.pt,2018-11-19 14:37:56,True,original
Massacre no Brasil. Foto que mostra atirador com camisola de Bolsonaro é montagem?,Massacre no Brasil. Foto que mostra atirador com camisola de Bolsonaro é montagem?,,https://poligrafo.sapo.pt/fact-check/massacre-no-brasil-foto-que-mostra-atirador-com-camisola-de-bolsonaro-e-montagem,0,Polígrafo - SAPO,poligrafo.sapo.pt,2019-03-14 17:38:34,True,original
"IPSS em São Pedro do Sul foi multada por ""apoiar mais pobres do que podia""?","IPSS em São Pedro do Sul foi multada por ""apoiar mais pobres do que podia""?",,https://poligrafo.sapo.pt/fact-check/ipss-em-sao-pedro-do-sul-foi-multada-por-apoiar-mais-pobres-do-que-podia,0,Polígrafo - SAPO,poligrafo.sapo.pt,2020-02-18 11:40:00,True,original
"Proprietários de casas devolutas vão poder ser ""expropriados"" para alojar ""desfavorecidos""?","Proprietários de casas devolutas vão poder ser ""expropriados"" para alojar ""desfavorecidos""?",,https://poligrafo.sapo.pt/fact-check/proprietarios-de-casas-devolutas-vao-poder-ser-expropriados-para-alojar-desfavorecidos,0,Polígrafo - SAPO,poligrafo.sapo.pt,2021-08-13 17:11:21,True,original
Apenas os proprietários e familiares diretos podem conduzir veículos com matrícula estrangeira em Portugal?,Apenas os proprietários e familiares diretos podem conduzir veículos com matrícula estrangeira em Portugal?,,https://poligrafo.sapo.pt/fact-check/apenas-os-proprietarios-e-familiares-diretos-podem-conduzir-veiculos-com-matricula-estrangeira-em-portugal,0,Polígrafo - SAPO,poligrafo.sapo.pt,2021-07-28 10:00:14,True,original
Número de interrupções voluntárias da gravidez diminuiu em cerca de 25% desde 2011? (COM VÍDEO),Número de interrupções voluntárias da gravidez diminuiu em cerca de 25% desde 2011? (COM VÍDEO),,https://poligrafo.sapo.pt/fact-check/numero-de-interrupcoes-voluntarias-da-gravidez-diminuiu-em-cerca-de-25-desde-2011,0,Polígrafo - SAPO,poligrafo.sapo.pt,2020-02-13 09:00:18,True,original
"Descendentes de famílias pobres em Portugal necessitam de ""cinco gerações"" para alcançarem rendimentos médios?","Descendentes de famílias pobres em Portugal necessitam de ""cinco gerações"" para alcançarem rendimentos médios?",,https://poligrafo.sapo.pt/fact-check/descendentes-de-familias-pobres-em-portugal-necessitam-de-cinco-geracoes-para-alcancarem-rendimentos-medios,0,Polígrafo - SAPO,poligrafo.sapo.pt,2020-10-21 08:00:07,True,original
Isaltino Morais recolheu assinaturas para candidatura a Oeiras em frente a centro de vacinação?,Isaltino Morais recolheu assinaturas para candidatura a Oeiras em frente a centro de vacinação?,,https://poligrafo.sapo.pt/fact-check/isaltino-morais-recolheu-assinaturas-para-candidatura-a-oeiras-em-frente-a-centro-de-vacinacao,0,Polígrafo - SAPO,poligrafo.sapo.pt,2021-07-05 14:00:25,True,original
"Cine-Check. Atriz de ""E Tudo o Vento Levou"" foi impedida de assistir aos Óscares ao lado do restante elenco?","Cine-Check. Atriz de ""E Tudo o Vento Levou"" foi impedida de assistir aos Óscares ao lado do restante elenco?",,https://poligrafo.sapo.pt/fact-check/cine-check-atriz-de-e-tudo-o-vento-levou-foi-impedida-de-assistir-aos-oscares-ao-lado-do-restante-elenco,0,Polígrafo - SAPO,poligrafo.sapo.pt,2021-12-11 15:00:41,True,original
"Luís Montenegro: ""Taxa de risco de pobreza antes das prestações sociais é superior à de 1995"". Confirma-se?","Luís Montenegro: ""Taxa de risco de pobreza antes das prestações sociais é superior à de 1995"". Confirma-se?",,https://poligrafo.sapo.pt/fact-check/luis-montenegro-taxa-de-risco-de-pobreza-antes-das-prestacoes-sociais-e-superior-a-de-1995-confirma-se,0,Polígrafo - SAPO,poligrafo.sapo.pt,2022-04-23 11:55:00,True,original
Portugal é o sexto país com a gasolina mais cara da Europa e o 19.º com maior poder de compra?,Portugal é o sexto país com a gasolina mais cara da Europa e o 19.º com maior poder de compra?,,https://poligrafo.sapo.pt/fact-check/portugal-e-o-sexto-pais-com-a-gasolina-mais-cara-da-europa-e-o-19-o-com-maior-poder-de-compra,0,Polígrafo - SAPO,poligrafo.sapo.pt,2021-05-04 14:00:26,True,original
Parque desportivo em Oeiras está abandonado há vários anos?,Parque desportivo em Oeiras está abandonado há vários anos?,,https://poligrafo.sapo.pt/fact-check/parque-desportivo-em-oeiras-esta-abandonado-ha-varios-anos,0,Polígrafo - SAPO,poligrafo.sapo.pt,2021-08-14 09:00:00,True,original
PCP esteve na origem da conquista das oito horas diárias de trabalho rural em 1962?,PCP esteve na origem da conquista das oito horas diárias de trabalho rural em 1962?,,https://poligrafo.sapo.pt/fact-check/pcp-esteve-na-origem-da-conquista-das-oito-horas-diarias-de-trabalho-rural-em-1962,0,Polígrafo - SAPO,poligrafo.sapo.pt,2021-03-12 10:00:12,True,original
Países Baixos têm menos população vacinada do que Portugal mas maior lotação nos estádios?,Países Baixos têm menos população vacinada do que Portugal mas maior lotação nos estádios?,,https://poligrafo.sapo.pt/fact-check/paises-baixos-tem-menos-populacao-vacinada-do-que-portugal-mas-maior-lotacao-nos-estadios,0,Polígrafo - SAPO,poligrafo.sapo.pt,2021-08-29 11:00:05,True,original
Amy Winehouse “roubou” Valerie aos Zutons?,Amy Winehouse “roubou” Valerie aos Zutons?,,https://poligrafo.sapo.pt/fact-check/amy-winehouse-roubou-valerie-aos-zutons,0,Polígrafo - SAPO,poligrafo.sapo.pt,2019-01-04 14:00:02,True,original
"Aeroporto de Lisboa foi ""considerado o pior aeroporto do mundo""?","Aeroporto de Lisboa foi ""considerado o pior aeroporto do mundo""?",,https://poligrafo.sapo.pt/fact-check/aeroporto-de-lisboa-foi-considerado-o-pior-aeroporto-do-mundo,0,Polígrafo - SAPO,poligrafo.sapo.pt,2020-01-13 12:48:18,True,original
"António Costa: ""Nestes seis anos reforçámos o quadro do SNS em 28 mil profissionais"". Confirma-se?","António Costa: ""Nestes seis anos reforçámos o quadro do SNS em 28 mil profissionais"". Confirma-se?",,https://poligrafo.sapo.pt/fact-check/antonio-costa-nestes-seis-anos-reforcamos-o-quadro-do-sns-em-28-mil-profissionais-confirma-se,0,Polígrafo - SAPO,poligrafo.sapo.pt,2022-01-05 12:00:44,True,original
Fotografia que mostra uma multidão na estação ferroviária de Kharkiv é atual?,Fotografia que mostra uma multidão na estação ferroviária de Kharkiv é atual?,,https://poligrafo.sapo.pt/fact-check/fotografia-que-mostra-uma-multidao-na-estacao-ferroviaria-de-kharkiv-e-atual,0,Polígrafo - SAPO,poligrafo.sapo.pt,2022-03-16 17:00:00,True,original
Marta Temido garantiu que vacina não foi suspensa depois de Graça Freitas e o próprio ministério da Saúde o...,Marta Temido garantiu que vacina não foi suspensa depois de Graça Freitas e o próprio ministério da Saúde o afirmarem?,,https://poligrafo.sapo.pt/fact-check/marta-temido-garantiu-que-vacina-nao-foi-suspensa-depois-de-graca-freitas-e-o-proprio-ministerio-da-saude-o-afirmarem,0,Polígrafo - SAPO,poligrafo.sapo.pt,2021-03-27 09:30:52,False,original
Mário Machado promete a neo-nazis que aderiram ao Chega que nunca revelará que foram seus camaradas?,Mário Machado promete a neo-nazis que aderiram ao Chega que nunca revelará que foram seus camaradas?,,https://poligrafo.sapo.pt/fact-check/mario-machado-promete-a-neo-nazis-que-aderiram-ao-chega-que-nunca-revelara-que-foram-seus-camaradas,0,Polígrafo - SAPO,poligrafo.sapo.pt,2020-02-08 09:30:19,True,original
"Rui Rio: Há escutas telefónicas da Casa Pia em que António Costa tenta ""interferir na justiça”. É verdade?","Rui Rio: Há escutas telefónicas da Casa Pia em que António Costa tenta ""interferir na justiça”. É verdade?",,https://poligrafo.sapo.pt/fact-check/rui-rio-ha-escutas-telefonicas-da-casa-pia-em-que-antonio-costa-tenta-interferir-na-justica-e-verdade,0,Polígrafo - SAPO,poligrafo.sapo.pt,2021-05-06 16:00:26,True,original
Medida de redução do ISP apresentada pelo Governo já tinha sido sugerida pelo CDS?,Medida de redução do ISP apresentada pelo Governo já tinha sido sugerida pelo CDS?,,https://poligrafo.sapo.pt/fact-check/medida-de-reducao-do-isp-apresentada-pelo-governo-ja-tinha-sido-sugerida-pelo-cds,0,Polígrafo - SAPO,poligrafo.sapo.pt,2022-04-12 10:00:00,True,original
Jesus assume que surto de Covid-19 no Benfica lhe causa problemas apesar de ter desvalorizado impacto da do...,Jesus assume que surto de Covid-19 no Benfica lhe causa problemas apesar de ter desvalorizado impacto da doença nas equipas um mês antes?,,https://poligrafo.sapo.pt/fact-check/jesus-assume-que-surto-de-covid-19-no-benfica-lhe-causa-problemas-apesar-de-ter-desvalorizado-impacto-da-doenca-nas-equipas-um-mes-antes,0,Polígrafo - SAPO,poligrafo.sapo.pt,2021-01-29 19:50:09,False,original
"Deputado do PS disse que juízes do Tribunal de Contas são ""mentecaptos""?","Deputado do PS disse que juízes do Tribunal de Contas são ""mentecaptos""?",,https://poligrafo.sapo.pt/fact-check/deputado-do-ps-disse-que-juizes-do-tribunal-de-contas-sao-mentecaptos,0,Polígrafo - SAPO,poligrafo.sapo.pt,2020-01-19 09:00:01,True,original
Condutores de táxis estão dispensados do uso de cinto de segurança nas localidades?,Condutores de táxis estão dispensados do uso de cinto de segurança nas localidades?,,https://poligrafo.sapo.pt/fact-check/condutores-de-taxis-estao-dispensados-do-uso-de-cinto-de-seguranca-nas-localidades,0,Polígrafo - SAPO,poligrafo.sapo.pt,2021-11-11 18:00:55,True,original
"Cartaz do ""Festival Estoril Lisboa"" trocou ponte 25 de abril pela de São Francisco?","Cartaz do ""Festival Estoril Lisboa"" trocou ponte 25 de abril pela de São Francisco?",,https://poligrafo.sapo.pt/fact-check/cartaz-do-festival-estoril-lisboa-trocou-ponte-25-de-abril-pela-de-sao-francisco,0,Polígrafo - SAPO,poligrafo.sapo.pt,2021-07-15 14:00:16,True,original
Ventura escolhe candidato de origem islâmica mas defende quotas máximas para imigrantes muçulmanos?,Ventura escolhe candidato de origem islâmica mas defende quotas máximas para imigrantes muçulmanos?,,https://poligrafo.sapo.pt/fact-check/ventura-escolhe-candidato-de-origem-islamica-mas-defende-quotas-maximas-para-imigrantes-muculmanos,0,Polígrafo - SAPO,poligrafo.sapo.pt,2022-01-19 09:00:00,True,original
"Profissionais da Cultura viram indeferido pedido de apoio ""universal e atribuível a todos os trabalhadores""?","Profissionais da Cultura viram indeferido pedido de apoio ""universal e atribuível a todos os trabalhadores""?",,https://poligrafo.sapo.pt/fact-check/profissionais-da-cultura-viram-indeferido-pedido-de-apoio-universal-e-atribuivel-a-todos-os-trabalhadores,0,Polígrafo - SAPO,poligrafo.sapo.pt,2021-04-05 10:00:02,True,original
Vídeo viral revela comportamento autoritário de autarca da CDU em Setúbal?,Vídeo viral revela comportamento autoritário de autarca da CDU em Setúbal?,,https://poligrafo.sapo.pt/fact-check/video-viral-revela-comportamento-autoritario-de-autarca-da-cdu-em-setubal,0,Polígrafo - SAPO,poligrafo.sapo.pt,2021-12-20 09:00:51,True,original
"Ucrânia entregou armas nucleares à Rússia ""em troca da garantia de nunca ser ameaçada ou invadida""?","Ucrânia entregou armas nucleares à Rússia ""em troca da garantia de nunca ser ameaçada ou invadida""?",,https://poligrafo.sapo.pt/fact-check/ucrania-entregou-armas-nucleares-a-russia-em-troca-da-garantia-de-nunca-ser-amecada-ou-invadida,0,Polígrafo - SAPO,poligrafo.sapo.pt,2022-03-01 09:00:00,True,original
Ventura diz que CDS-PP votou 1.798 vezes ao lado do PS na última legislatura. Confirma-se?,Ventura diz que CDS-PP votou 1.798 vezes ao lado do PS na última legislatura. Confirma-se?,,https://poligrafo.sapo.pt/fact-check/ventura-diz-que-cds-pp-votou-1-798-vezes-ao-lado-do-ps-na-ultima-legislatura-confirma-se,0,Polígrafo - SAPO,poligrafo.sapo.pt,2022-01-13 12:45:00,True,original
Portugueses desenvolveram uma vacina que acorda o sistema imunitário para destruir cancro?,Portugueses desenvolveram uma vacina que acorda o sistema imunitário para destruir cancro?,,https://poligrafo.sapo.pt/fact-check/portugueses-desenvolveram-uma-vacina-que-acorda-o-sistema-imunitario-para-destruir-cancro,0,Polígrafo - SAPO,poligrafo.sapo.pt,2019-11-05 19:35:19,True,original
Salário dos deputados portugueses é de 3.624 euros enquanto os deputados espanhóis recebem 2.981 euros?,Salário dos deputados portugueses é de 3.624 euros enquanto os deputados espanhóis recebem 2.981 euros?,,https://poligrafo.sapo.pt/fact-check/salario-dos-deputados-portugueses-e-de-3-624-euros-enquanto-os-deputados-espanhois-recebem-2-981-euros,0,Polígrafo - SAPO,poligrafo.sapo.pt,2020-06-04 10:00:36,True,original
Manuel Alegre recebe duas pensões de reforma do Estado?,Manuel Alegre recebe duas pensões de reforma do Estado?,,https://poligrafo.sapo.pt/fact-check/manuel-alegre-recebe-duas-pensoes-de-reforma-do-estado,0,Polígrafo - SAPO,poligrafo.sapo.pt,2018-12-16 09:05:23,True,original
António Simões é o mais jovem campeão europeu de sempre?,António Simões é o mais jovem campeão europeu de sempre?,,https://poligrafo.sapo.pt/fact-check/antonio-simoes-e-o-mais-jovem-campeao-europeu-de-sempre,0,Polígrafo - SAPO,poligrafo.sapo.pt,2021-06-06 15:00:04,True,original
Rui Rio já apoiou publicamente a construção do aeroporto do Montijo que agora travou?,Rui Rio já apoiou publicamente a construção do aeroporto do Montijo que agora travou?,,https://poligrafo.sapo.pt/fact-check/pronto-rui-rio-nunca-se-opos-a-solucao-do-aeroporto-no-montijo,0,Polígrafo - SAPO,poligrafo.sapo.pt,2020-03-03 20:29:48,True,original
"Estado vai ""gastar 23,5 milhões de euros para modernizar o atendimento nos serviços públicos""?","Estado vai ""gastar 23,5 milhões de euros para modernizar o atendimento nos serviços públicos""?",,https://poligrafo.sapo.pt/fact-check/estado-vai-gastar-235-milhoes-de-euros-para-modernizar-o-atendimento-nos-servicos-publicos,0,Polígrafo - SAPO,poligrafo.sapo.pt,2022-03-22 19:00:00,True,original
Concurso de ingresso na PSP ficou com 207 vagas por preencher?,Concurso de ingresso na PSP ficou com 207 vagas por preencher?,,https://poligrafo.sapo.pt/fact-check/concurso-de-ingresso-na-psp-ficou-com-207-vagas-por-preencher,0,Polígrafo - SAPO,poligrafo.sapo.pt,2020-11-12 09:00:02,True,original
"António Costa destaca que ""hoje há mais 386 mil pessoas com emprego em Portugal"". Verdade ou falsidade?","António Costa destaca que ""hoje há mais 386 mil pessoas com emprego em Portugal"". Verdade ou falsidade?",António Costa,https://poligrafo.sapo.pt/fact-check/antonio-costa-destaca-que-hoje-ha-mais-386-mil-pessoas-com-emprego-em-portugal-verdade-ou-falsidade,0,Polígrafo - SAPO,poligrafo.sapo.pt,2019-11-13 15:43:52,True,original
Campeã de xadrez recusou disputar Campeonato Mundial na Arábia Saudita por causa de regras machistas?,Campeã de xadrez recusou disputar Campeonato Mundial na Arábia Saudita por causa de regras machistas?,,https://poligrafo.sapo.pt/fact-check/campea-de-xadrez-recusou-disputar-campeonato-mundial-na-arabia-saudita-por-causa-de-regras-machistas,0,Polígrafo - SAPO,poligrafo.sapo.pt,2021-05-01 17:36:28,True,original
Discurso de Ventura no Parlamento já tem mais de 360 mil visualizações no YouTube?,Discurso de Ventura no Parlamento já tem mais de 360 mil visualizações no YouTube?,,https://poligrafo.sapo.pt/fact-check/discurso-de-andre-ventura-no-parlamento-ja-tem-mais-de-360-mil-visualizacoes-no-youtube,0,Polígrafo - SAPO,poligrafo.sapo.pt,2019-11-07 15:10:04,True,original
Eduardo Cabrita prestou informações falsas ao Parlamento sobre a morte do cidadão ucraniano no SEF?,Eduardo Cabrita prestou informações falsas ao Parlamento sobre a morte do cidadão ucraniano no SEF?,,https://poligrafo.sapo.pt/fact-check/eduardo-cabrita-prestou-informacoes-falsas-ao-parlamento-sobre-a-morte-do-cidadao-ucraniano-no-sef,0,Polígrafo - SAPO,poligrafo.sapo.pt,2020-12-12 17:16:53,True,original
Apelo à doação de sangue A negativo para o Centro Hospitalar do Porto é verdadeiro?,Apelo à doação de sangue A negativo para o Centro Hospitalar do Porto é verdadeiro?,,https://poligrafo.sapo.pt/fact-check/apelo-a-dadiva-de-sangue-a-negativo-para-o-centro-hospitalar-do-porto-e-verdadeiro,0,Polígrafo - SAPO,poligrafo.sapo.pt,2020-07-23 17:58:28,True,original
Corte nas indemnizações por despedimento. PS votou contra em 2013 e agora recusa proposta de reversão do BE?,Corte nas indemnizações por despedimento. PS votou contra em 2013 e agora recusa proposta de reversão do BE?,,https://poligrafo.sapo.pt/fact-check/corte-nas-indemnizacoes-por-despedimento-ps-votou-contra-em-2013-e-agora-recusa-proposta-de-reversao-do-be,0,Polígrafo - SAPO,poligrafo.sapo.pt,2021-10-27 17:12:29,True,original
"Medina, Carreiras e Ricardo Rio foram nomeados para prémio de ""melhor autarca do mundo""?","Medina, Carreiras e Ricardo Rio foram nomeados para prémio de ""melhor autarca do mundo""?",,https://poligrafo.sapo.pt/fact-check/medina-carreiras-e-ricardo-rio-foram-nomeados-para-premio-de-melhor-autarca-do-mundo,0,Polígrafo - SAPO,poligrafo.sapo.pt,2021-07-11 11:00:12,True,original
Rui Rio: “Professor no topo da carreira ganha à volta de três mil euros”. Verdadeiro ou falso?,Rui Rio: “Professor no topo da carreira ganha à volta de três mil euros”. Verdadeiro ou falso?,Rui Rio,https://poligrafo.sapo.pt/fact-check/rui-rio-professor-no-topo-da-carreira-ganha-a-volta-de-tres-mil-euros-verdadeiro-ou-falso,0,Polígrafo - SAPO,poligrafo.sapo.pt,2019-05-03 13:16:53,True,original
Certificado Digital COVID da UE pode ser apresentado em formato de cartão de plástico?,Certificado Digital COVID da UE pode ser apresentado em formato de cartão de plástico?,,https://poligrafo.sapo.pt/fact-check/certificado-digital-covid-da-ue-pode-ser-apresentado-em-formato-de-cartao-de-plastico,0,Polígrafo - SAPO,poligrafo.sapo.pt,2021-07-31 10:00:01,True,original
"Ventura disse que qualquer líder de direita ""devia estar envergonhado"" por participar na convenção do MEL? ...","Ventura disse que qualquer líder de direita ""devia estar envergonhado"" por participar na convenção do MEL? (COM VÍDEO)",,https://poligrafo.sapo.pt/fact-check/ventura-disse-que-qualquer-lider-de-direita-devia-estar-envergonhado-por-participar-na-convencao-do-mel,0,Polígrafo - SAPO,poligrafo.sapo.pt,2021-05-17 07:50:41,False,original
Câmara da Trofa gastou 75 mil€ em chamadas telefónicas para votar numa candidatura às 7 Maravilhas da Cultu...,Câmara da Trofa gastou 75 mil€ em chamadas telefónicas para votar numa candidatura às 7 Maravilhas da Cultura Popular?,,https://poligrafo.sapo.pt/fact-check/camara-da-trofa-gastou-75-mile-em-chamadas-telefonicas-para-votar-numa-candidatura-as-7-maravilhas-da-cultura-popular,0,Polígrafo - SAPO,poligrafo.sapo.pt,2020-10-30 19:53:13,False,original
"Imagem de ""scooter"" de mobilidade reduzida a circular na ponte 25 de abril é autêntica?","Imagem de ""scooter"" de mobilidade reduzida a circular na ponte 25 de abril é autêntica?",,https://poligrafo.sapo.pt/fact-check/imagem-de-scooter-de-mobilidade-reduzida-a-circular-na-ponte-25-de-abril-e-autentica,0,Polígrafo - SAPO,poligrafo.sapo.pt,2021-07-16 17:00:22,True,original
Marques Mendes na SIC: “A economia portuguesa está a arrefecer.” Verdadeiro ou Falso?,Marques Mendes na SIC: “A economia portuguesa está a arrefecer.” Verdadeiro ou Falso?,,https://poligrafo.sapo.pt/fact-check/marques-mendes-na-sic-a-economia-portuguesa-esta-a-arrefecer-verdadeiro-ou-falso,0,Polígrafo - SAPO,poligrafo.sapo.pt,2019-03-04 14:37:40,True,original
"Entre 2015 e 2019 ""duplicou o número de doentes que esperam por cirurgias mais tempo do que o recomendado""?","Entre 2015 e 2019 ""duplicou o número de doentes que esperam por cirurgias mais tempo do que o recomendado""?",,https://poligrafo.sapo.pt/fact-check/nos-ultimos-quatro-anos-duplicou-o-numero-de-doentes-que-esperam-por-cirurgias-mais-tempo-do-que-o-recomendado,0,Polígrafo - SAPO,poligrafo.sapo.pt,2019-07-15 14:30:22,True,original
"Rui Rio: ""Se não houvesse apoios sociais, 43% da população era pobre"". Confirma-se?","Rui Rio: ""Se não houvesse apoios sociais, 43% da população era pobre"". Confirma-se?",,https://poligrafo.sapo.pt/fact-check/rui-rio-se-nao-houvesse-apoios-sociais-43-da-populacao-era-pobre-confirma-se,0,Polígrafo - SAPO,poligrafo.sapo.pt,2022-01-04 09:00:50,True,original
Rui Pinto diz que tem provas de um desvio de 600 milhões de euros do BES? (COM VÍDEO),Rui Pinto diz que tem provas de um desvio de 600 milhões de euros do BES? (COM VÍDEO),,https://poligrafo.sapo.pt/fact-check/rui-pinto-diz-que-tem-provas-de-um-desvio-de-600-milhoes-de-euros-do-bes,0,Polígrafo - SAPO,poligrafo.sapo.pt,2019-11-06 09:00:58,True,original
Programa do Chega tem frases copiadas da declaração de princípios do Partido da Nova Democracia?,Programa do Chega tem frases copiadas da declaração de princípios do Partido da Nova Democracia?,,https://poligrafo.sapo.pt/fact-check/programa-do-chega-tem-frases-copiadas-da-declaracao-de-principios-do-partido-nova-democracia,0,Polígrafo - SAPO,poligrafo.sapo.pt,2019-09-15 13:30:53,True,original
Tóquio 2020. Refugiada síria que nadou para resgatar 18 pessoas é agora atleta olímpica? (COM VÍDEO),Tóquio 2020. Refugiada síria que nadou para resgatar 18 pessoas é agora atleta olímpica? (COM VÍDEO),,https://poligrafo.sapo.pt/fact-check/toquio-2020-refugiada-siria-que-nadou-para-resgatar-18-pessoas-e-agora-atleta-olimpica,0,Polígrafo - SAPO,poligrafo.sapo.pt,2021-07-29 14:15:02,True,original
Imagem viral de tourada com público na Ilha Terceira dos Açores é autêntica?,Imagem viral de tourada com público na Ilha Terceira dos Açores é autêntica?,,https://poligrafo.sapo.pt/fact-check/imagem-viral-de-tourada-com-publico-na-ilha-terceira-dos-acores-e-autentica,0,Polígrafo - SAPO,poligrafo.sapo.pt,2020-08-18 18:00:17,True,original
Portugal absteve-se em votação de resolução da ONU contra a “glorificação do nazismo”?,Portugal absteve-se em votação de resolução da ONU contra a “glorificação do nazismo”?,,https://poligrafo.sapo.pt/fact-check/portugal-absteve-se-em-votacao-de-resolucao-da-onu-contra-a-glorificacao-do-nazismo,0,Polígrafo - SAPO,poligrafo.sapo.pt,2018-11-19 10:00:25,True,original
"Cotrim de Figueiredo diz que ""há cerca de 50 mil reclamações por ano na Autoridade Tributária"". Tem razão?","Cotrim de Figueiredo diz que ""há cerca de 50 mil reclamações por ano na Autoridade Tributária"". Tem razão?",,https://poligrafo.sapo.pt/fact-check/cotrim-de-figueiredo-diz-que-ha-cerca-de-50-mil-reclamacoes-por-ano-na-autoridade-tributaria-tem-razao,0,Polígrafo - SAPO,poligrafo.sapo.pt,2022-01-18 12:00:00,True,original
Chega propôs medidas de reforço do SNS nos Orçamentos do Estado dos últimos dois anos?,Chega propôs medidas de reforço do SNS nos Orçamentos do Estado dos últimos dois anos?,,https://poligrafo.sapo.pt/fact-check/chega-propos-medidas-de-reforco-do-sns-nos-orcamentos-do-estado-dos-ultimos-dois-anos,0,Polígrafo - SAPO,poligrafo.sapo.pt,2020-12-18 11:00:46,True,original
Receitas da Segurança Social: Contribuições baixaram de 88% para 44% do total desde 1980?,Receitas da Segurança Social: Contribuições baixaram de 88% para 44% do total desde 1980?,,https://poligrafo.sapo.pt/fact-check/receitas-da-seguranca-social-contribuicoes-baixaram-de-88-para-44-do-total-desde-1980,0,Polígrafo - SAPO,poligrafo.sapo.pt,2022-03-30 11:00:00,True,original
Percentagem dos contratos de trabalho sem termo aumentou para 83% no terceiro trimestre de 2021?,Percentagem dos contratos de trabalho sem termo aumentou para 83% no terceiro trimestre de 2021?,,https://poligrafo.sapo.pt/fact-check/percentagem-dos-contratos-de-trabalho-sem-termo-aumentou-para-83-no-terceiro-trimestre-de-2021,0,Polígrafo - SAPO,poligrafo.sapo.pt,2022-03-03 15:00:00,True,original
"Oliveira e Costa do BPN foi condenado a pena de prisão há mais de 10 anos mas ""não foi ainda preso""? (COM V...","Oliveira e Costa do BPN foi condenado a pena de prisão há mais de 10 anos mas ""não foi ainda preso""? (COM VÍDEO)",,https://poligrafo.sapo.pt/fact-check/oliveira-e-costa-do-bpn-foi-condenado-a-pena-de-prisao-ha-mais-de-10-anos-mas-nao-foi-ainda-preso,0,Polígrafo - SAPO,poligrafo.sapo.pt,2020-01-18 09:00:58,False,original
Em outubro de 2019 realizou-se um exercício de “simulação de um surto de coronavírus” em Nova Iorque?,Em outubro de 2019 realizou-se um exercício de “simulação de um surto de coronavírus” em Nova Iorque?,,https://poligrafo.sapo.pt/fact-check/em-outubro-de-2019-realizou-se-um-exercicio-de-simulacao-de-um-surto-de-coronavirus-em-nova-iorque,0,Polígrafo - SAPO,poligrafo.sapo.pt,2020-03-29 08:00:03,True,original
"Lituânia mudou nome de rua da Embaixada Russa para ""Rua dos Heróis Ucranianos""?","Lituânia mudou nome de rua da Embaixada Russa para ""Rua dos Heróis Ucranianos""?",,https://poligrafo.sapo.pt/fact-check/lituania-mudou-nome-de-rua-da-embaixada-russa-para-rua-dos-herois-ucranianos,0,Polígrafo - SAPO,poligrafo.sapo.pt,2022-04-07 11:00:00,True,original
"Portugal é o país da União Europeia onde os trabalhadores mais correm o risco de sofrer ""burnout""?","Portugal é o país da União Europeia onde os trabalhadores mais correm o risco de sofrer ""burnout""?",,https://poligrafo.sapo.pt/fact-check/portugal-e-o-pais-da-uniao-europeia-onde-os-trabalhadores-mais-correm-o-risco-de-sofrer-burnout,0,Polígrafo - SAPO,poligrafo.sapo.pt,2022-05-01 08:00:00,True,original
Tatuagem da atriz brasileira Flávia Alessandra está a ser utilizada para difamar a IURD?,Tatuagem da atriz brasileira Flávia Alessandra está a ser utilizada para difamar a IURD?,,https://poligrafo.sapo.pt/fact-check/ccccll,0,Polígrafo - SAPO,poligrafo.sapo.pt,2019-03-06 21:02:36,True,original
"A dívida pública atingiu um novo recorde de 264,4 mil milhões de euros em maio de 2020? (COM VÍDEO)","A dívida pública atingiu um novo recorde de 264,4 mil milhões de euros em maio de 2020? (COM VÍDEO)",,https://poligrafo.sapo.pt/fact-check/a-divida-publica-atingiu-um-novo-recorde-de-2644-mil-milhoes-de-euros-em-maio-de-2020,0,Polígrafo - SAPO,poligrafo.sapo.pt,2020-07-03 08:00:32,True,original
PSD apresentou lista de candidatos às autárquicas sem lhes perguntar se tinham intenção de avançar?,PSD apresentou lista de candidatos às autárquicas sem lhes perguntar se tinham intenção de avançar?,,https://poligrafo.sapo.pt/fact-check/psd-apresentou-lista-de-candidatos-as-autarquicas-sem-lhes-perguntar-se-tinham-intencao-de-avancar,0,Polígrafo - SAPO,poligrafo.sapo.pt,2021-03-10 18:00:16,True,original
"Jornal espanhol destaca que novo ministro das Finanças de Portugal ""passou informação a Putin""?","Jornal espanhol destaca que novo ministro das Finanças de Portugal ""passou informação a Putin""?",,https://poligrafo.sapo.pt/fact-check/jornal-espanhol-destaca-que-novo-ministro-das-financas-de-portugal-passou-informacao-a-putin,0,Polígrafo - SAPO,poligrafo.sapo.pt,2022-04-05 14:00:00,True,original
Conflito no Médio Oriente provocou 22 vezes mais mortes na Palestina do que em Israel?,Conflito no Médio Oriente provocou 22 vezes mais mortes na Palestina do que em Israel?,,https://poligrafo.sapo.pt/fact-check/conflito-no-medio-oriente-provocou-22-vezes-mais-mortes-na-palestina-do-que-em-israel,0,Polígrafo - SAPO,poligrafo.sapo.pt,2021-05-21 14:00:50,True,original
João Moura pode ficar como fiel depositário dos seus cães que não foram apreendidos?,João Moura pode ficar como fiel depositário dos seus cães que não foram apreendidos?,,https://poligrafo.sapo.pt/fact-check/joao-moura-pode-ficar-como-fiel-depositario-dos-caes-que-nao-foram-apreendidos,0,Polígrafo - SAPO,poligrafo.sapo.pt,2020-03-03 15:48:57,True,original
Motoristas de autocarros no Japão fazem greve transportando os passageiros gratuitamente?,Motoristas de autocarros no Japão fazem greve transportando os passageiros gratuitamente?,,https://poligrafo.sapo.pt/fact-check/motoristas-de-autocarros-no-japao-fazem-greve-transportando-os-passageiros-gratuitamente,0,Polígrafo - SAPO,poligrafo.sapo.pt,2019-10-17 15:55:36,True,original
"Pedro Nuno Santos garantiu que despedimentos na TAP não eram ""inevitáveis"" e agora anuncia 1.600 despedimen...","Pedro Nuno Santos garantiu que despedimentos na TAP não eram ""inevitáveis"" e agora anuncia 1.600 despedimentos?",,https://poligrafo.sapo.pt/fact-check/pedro-nuno-santos-garantiu-que-despedimentos-na-tap-nao-eram-inevitaveis-e-agora-anuncia-1-600-despedimentos,0,Polígrafo - SAPO,poligrafo.sapo.pt,2020-10-19 14:00:49,False,original
Ex-diretor de uma empresa sueca afirmou que a Suécia está a caminho de uma guerra civil?,Ex-diretor de uma empresa sueca afirmou que a Suécia está a caminho de uma guerra civil?,,https://poligrafo.sapo.pt/fact-check/ex-diretor-de-uma-empresa-sueca-afirmou-que-a-suecia-esta-a-caminho-de-uma-guerra-civil,0,Polígrafo - SAPO,poligrafo.sapo.pt,2019-11-19 12:34:24,True,original
"Portugal está ""a crescer acima da média da União Europeia"", como disse António Costa?","Portugal está ""a crescer acima da média da União Europeia"", como disse António Costa?",,https://poligrafo.sapo.pt/fact-check/portugal-esta-a-crescer-acima-da-media-da-uniao-europeia-como-disse-antonio-costa,0,Polígrafo - SAPO,poligrafo.sapo.pt,2022-01-07 09:00:00,True,original
"Salários da PSP e GNR estão ""estagnados"" desde 2010 e cada vez mais próximos do salário mínimo nacional? (C...","Salários da PSP e GNR estão ""estagnados"" desde 2010 e cada vez mais próximos do salário mínimo nacional? (COM VÍDEO)",,https://poligrafo.sapo.pt/fact-check/salarios-da-psp-e-gnr-estao-estagnados-desde-2010-e-cada-vez-mais-proximos-do-salario-minimo-nacional,0,Polígrafo - SAPO,poligrafo.sapo.pt,2020-09-23 08:00:12,False,original
Bar em Santa Maria da Feira promoveu uma festa temática sobre o novo coronavírus?,Bar em Santa Maria da Feira promoveu uma festa temática sobre o novo coronavírus?,,https://poligrafo.sapo.pt/fact-check/bar-em-santa-maria-da-feira-promoveu-uma-festa-sobre-o-novo-coronavirus,0,Polígrafo - SAPO,poligrafo.sapo.pt,2020-03-13 13:10:48,True,original
Salário mínimo de França quase triplica o de Portugal mas bilhetes de metro têm preço idêntico?,Salário mínimo de França quase triplica o de Portugal mas bilhetes de metro têm preço idêntico?,,https://poligrafo.sapo.pt/fact-check/salario-minimo-de-franca-quase-triplica-o-de-portugal-mas-bilhetes-de-metro-tem-preco-identico,0,Polígrafo - SAPO,poligrafo.sapo.pt,2021-11-03 18:00:41,True,original
Music-Check. Merry Clayton foi acordada à meia noite para gravar com os Rolling Stones?,Music-Check. Merry Clayton foi acordada à meia noite para gravar com os Rolling Stones?,,https://poligrafo.sapo.pt/fact-check/music-check-merry-clayton-foi-acorda-a-meia-noite-para-gravar-com-os-rolling-stones,0,Polígrafo - SAPO,poligrafo.sapo.pt,2020-05-30 13:00:23,True,original
O PAN apresentou uma moção com expressões ciganófobas na Assembleia Municipal da Moita?,O PAN apresentou uma moção com expressões ciganófobas na Assembleia Municipal da Moita?,,https://poligrafo.sapo.pt/fact-check/o-pan-apresentou-uma-mocao-com-expressoes-ciganofobas-na-assembleia-municipal-da-moita,0,Polígrafo - SAPO,poligrafo.sapo.pt,2019-06-26 08:00:24,True,original
Miranda do Douro tem mais eleitores do que habitantes?,Miranda do Douro tem mais eleitores do que habitantes?,,https://poligrafo.sapo.pt/fact-check/miranda-do-douro-tem-mais-eleitores-do-que-habitantes,0,Polígrafo - SAPO,poligrafo.sapo.pt,2021-11-06 11:00:39,True,original
Remuneração de juiz estagiário é superior à de professor no fim da carreira?,Remuneração de juiz estagiário é superior à de professor no fim da carreira?,,https://poligrafo.sapo.pt/fact-check/remuneracao-de-juiz-estagiario-e-superior-a-de-professor-no-fim-da-carreira,0,Polígrafo - SAPO,poligrafo.sapo.pt,2021-06-21 13:00:54,True,original
Transmissão do novo coronavírus é “quase nula” nos doentes assintomáticos a partir do décimo dia de infeção?,Transmissão do novo coronavírus é “quase nula” nos doentes assintomáticos a partir do décimo dia de infeção?,,https://poligrafo.sapo.pt/fact-check/transmissao-do-novo-coronavirus-e-quase-nula-nos-doentes-assintomaticos-a-partir-do-decimo-dia-de-infecao,0,Polígrafo - SAPO,poligrafo.sapo.pt,2020-11-16 15:00:45,True,original
FC Porto tem mais títulos desde o 25 de abril de 1974 do que os principais rivais?,FC Porto tem mais títulos desde o 25 de abril de 1974 do que os principais rivais?,,https://poligrafo.sapo.pt/fact-check/fc-porto-tem-mais-titulos-desde-o-25-de-abril-de-1974-do-que-os-principais-rivais,0,Polígrafo - SAPO,poligrafo.sapo.pt,2021-05-02 17:50:11,True,original
Preço médio sem impostos da gasolina em Espanha é mais elevado do que em Portugal?,Preço médio sem impostos da gasolina em Espanha é mais elevado do que em Portugal?,,https://poligrafo.sapo.pt/fact-check/preco-medio-sem-impostos-da-gasolina-em-espanha-e-mais-elevado-do-que-em-portugal,0,Polígrafo - SAPO,poligrafo.sapo.pt,2021-10-16 10:00:30,True,original
Estão a ser enviadas sementes não solicitadas pelo correio em Portugal?,Estão a ser enviadas sementes não solicitadas pelo correio em Portugal?,,https://poligrafo.sapo.pt/fact-check/estao-a-ser-enviadas-sementes-nao-solicitadas-pelo-correio-em-portugal,0,Polígrafo - SAPO,poligrafo.sapo.pt,2020-09-09 10:00:00,True,original
Eduardo Cabrita quer instalar migrantes numa ala da prisão de Caxias?,Eduardo Cabrita quer instalar migrantes numa ala da prisão de Caxias?,,https://poligrafo.sapo.pt/fact-check/governo-tem-planos-para-instalar-migrantes-numa-ala-da-prisao-de-caxias,0,Polígrafo - SAPO,poligrafo.sapo.pt,2021-06-05 08:30:42,True,original
Capa intitulada “Os charlatães da ecologia” sim foi publicada pela revista francesa de direita Valeurs Actuelles,"Revista francesa publicou foto de Greta Thunberg sob a manchete ""Os charlatães da ecologia",Várias fontes,https://checamos.afp.com/capa-intitulada-os-charlataes-da-ecologia-sim-foi-publicada-pela-revista-francesa-de-direita-valeurs,0,AFP Checamos,checamos.afp.com,2019-12-11 00:00:00,False,original
"Sim, exército foi aclamado nas ruas de Niterói na noite depois do resultado das eleições",Exército foi aclamado nas ruas de Niterói na noite depois do resultado das eleições,,https://checamos.afp.com/sim-exercito-foi-aclamado-nas-ruas-de-niteroi-na-noite-depois-do-resultado-das-eleicoes,0,AFP Checamos,checamos.afp.com,,False,
O jornalista e advogado americano Glenn Greenwald defendeu a liberdade de expressão de um líder neonazista,O jornalista Glenn Greenwald advogou para um líder neonazista,Várias fontes,https://checamos.afp.com/o-jornalista-e-advogado-americano-glenn-greenwald-defendeu-liberdade-de-expressao-de-um-lider,0,AFP Checamos,checamos.afp.com,2019-06-12 00:00:00,False,original
O título da revista Time é concedido a quem teve o maior impacto no ano “para o bem ou para o mal,"A revista Time já nomeou Hitler, Stalin e Khomeini como ""pessoa do ano",Várias fontes,https://checamos.afp.com/o-titulo-da-revista-time-e-concedido-quem-teve-o-maior-impacto-no-ano-para-o-bem-ou-para-o-mal,0,AFP Checamos,checamos.afp.com,2019-12-11 00:00:00,False,original
Vídeo de Bolsonaro em debate na Universidade Federal Fluminense é verdadeiro,Discurso de Bolsonaro na Faculdade de Direito da UFF provoca indignação do público.,,https://checamos.afp.com/video-de-bolsonaro-em-debate-na-universidade-federal-fluminense-e-verdadeiro,0,AFP Checamos,checamos.afp.com,,False,
Foto de caminhões carregando caixões realmente foi tirada na Itália em meio à pandemia do novo coronavírus,"Caminhões militares estão carregando corpos em Bergamo, para prosseguir com o processo de cremação.",Várias fontes,https://checamos.afp.com/foto-de-caminhoes-carregando-caixoes-realmente-foi-tirada-na-italia-em-meio-pandemia-do-novo,0,AFP Checamos,checamos.afp.com,2020-03-18 00:00:00,False,original
A imagem de crianças imersas na lama é uma pintura realista feita pela artista norte-americana Teresa Elliott,Esta imagem de crianças imersas na lama é uma pintura,Várias fontes,https://checamos.afp.com/imagem-de-criancas-imersas-na-lama-e-uma-pintura-realista-feita-pela-artista-norte-americana-teresa,0,AFP Checamos,checamos.afp.com,2019-07-25 00:00:00,False,original
A bandeira brasileira foi projetada em uma montanha suíça em apoio no combate à COVID-19,Suíça projetou a bandeira brasileira na montanha Matterhorn em apoio à luta contra a pandemia da COVID-19.,Várias fontes,https://checamos.afp.com/bandeira-brasileira-foi-projetada-em-uma-montanha-suica-em-apoio-no-combate-covid-19,0,AFP Checamos,checamos.afp.com,2020-04-23 00:00:00,False,original
Essas imagens mostram variação da poluição em Pequim antes e depois da quarentena decretada em razão do novo coronavírus,Esta imagem mostra uma redução na poluição devido à quarentena imposta para reduzir o contágio do novo coronavírus,Várias fontes,https://checamos.afp.com/essas-imagens-mostram-variacao-da-poluicao-em-pequim-antes-e-depois-da-quarentena-decretada-em-razao,0,AFP Checamos,checamos.afp.com,2020-03-18 00:00:00,False,original
Vídeo de bombeiros comemorando a chuva na Austrália é de novembro de 2019,Bombeiros comemorando chuva que começou a cair na Austrália,Várias fontes,https://checamos.afp.com/video-de-bombeiros-comemorando-chuva-na-australia-e-de-novembro-de-2019,0,AFP Checamos,checamos.afp.com,2020-01-04 00:00:00,False,original
Um cachorro foi colocado em quarentena em Hong Kong após dar positivo para o novo coronavírus,Teste em cão dá positivo para o novo coronavírus,Várias fontes,https://checamos.afp.com/um-cachorro-foi-colocado-em-quarentena-em-hong-kong-apos-dar-positivo-para-o-novo-coronavirus,0,AFP Checamos,checamos.afp.com,2020-02-28 00:00:00,False,original
A Prefeitura de Tucumã está entregando kits com remédios para pacientes com suspeita de COVID-19,Está com suspeita de coronavírus leva o kit pra tomar em casa. Isso está sendo feito em Tucumã no Pará.,Várias fontes,https://checamos.afp.com/prefeitura-de-tucuma-esta-entregando-kits-com-remedios-para-pacientes-com-suspeita-de-covid-19,0,AFP Checamos,checamos.afp.com,2020-05-17 00:00:00,False,original
O então presidente eleito Jair Bolsonaro disse que o indulto de 2018 seria “o último,"Bolsonaro afirmou em 2018 que o indulto de Natal daquele ano seria o ""último",Várias fontes,https://checamos.afp.com/o-entao-presidente-eleito-jair-bolsonaro-disse-que-o-indulto-de-2018-seria-o-ultimo,0,AFP Checamos,checamos.afp.com,2019-12-23 00:00:00,False,original
"Sim, Jair Bolsonaro declarou que a chegada de Hugo Chávez ao poder na Venezuela era ‘esperança para a América Latina",Jair Bolsonaro declarou que a chegada de Hugo Chávez ao poder na Venezuela era esperança para AL,,https://checamos.afp.com/sim-jair-bolsonaro-declarou-que-chegada-de-hugo-chavez-ao-poder-na-venezuela-era-esperanca-para,0,AFP Checamos,checamos.afp.com,,False,
"Apontado como chefe de milícia, Adriano da Nóbrega foi chamado de “brilhante oficial” por Bolsonaro em 2005","O presidente Jair Bolsonaro já elogiou o ex-policial militar Adriano da Nóbrega, apontado como chefe de milícia",Várias fontes,https://checamos.afp.com/apontado-como-chefe-de-milicia-adriano-da-nobrega-foi-chamado-de-brilhante-oficial-por-bolsonaro-em,0,AFP Checamos,checamos.afp.com,2020-02-09 00:00:00,False,original
